timestamp,temperature,humidity,soil_value,previous_soil_value,moisture_change_rate,vpd,soil_lag_1,soil_lag_2,soil_lag_3,soil_rolling_mean,soil_rate_per_hour,soil_status,pump_status,forecast_soil_4hr,forecast_soil_6hr,forecast_soil_8hr,forecast_risk,forecast_recommendation,ml_prediction,dry_soon_label,notification_status,debug_status
2026-06-12 19:27:38.405638,31.7,65,62.2,,,,,,,,,OPTIMAL,OFF,,,,,,,,,
2026-06-12 19:27:54.452127,31.0,63,62.7,,,,,,,,,OPTIMAL,OFF,,,,,,,,,
2026-06-12 19:28:40.909846,31.8,64,63.9,,,,,,,,,OPTIMAL,OFF,,,,,,,,,
2026-06-12 19:38:41.961985,31.5,70,67.2,,,,,,,,,OPTIMAL,OFF,,,,,,,,,
2026-06-12 19:48:43.027569,31.7,67,66.9,,,,,,,,,OPTIMAL,OFF,,,,,,,,,
2026-06-12 19:58:44.116478,31.9,73,66.4,,,,,,,,,OPTIMAL,OFF,,,,,,,,,
2026-06-12 20:08:45.170784,30.2,67,51.9,,,,,,,,,OPTIMAL,OFF,,,,,,,,,
2026-06-12 20:18:46.219147,30.4,71,61.8,,,,,,,,,OPTIMAL,OFF,,,,,,,,,
2026-06-12 20:28:47.265227,30.4,67,62.1,,,,,,,,,OPTIMAL,OFF,,,,,,,,,
2026-06-12 20:38:48.322987,30.4,69,61.4,,,,,,,,,OPTIMAL,OFF,,,,,,,,,
2026-06-12 20:48:49.371097,30.2,68,59.1,,,,,,,,,OPTIMAL,OFF,,,,,,,,,
2026-06-12 20:58:50.411454,30.2,68,59.0,,,,,,,,,OPTIMAL,OFF,,,,,,,,,
2026-06-12 21:08:51.475594,30.2,67,59.7,,,,,,,,,OPTIMAL,OFF,,,,,,,,,
2026-06-12 21:18:52.524804,30.3,67,62.1,,,,,,,,,OPTIMAL,OFF,,,,,,,,,
2026-06-12 21:28:53.566045,30.1,69,60.7,,,,,,,,,OPTIMAL,OFF,,,,,,,,,
2026-06-12 21:38:54.664153,30.3,69,61.7,,,,,,,,,OPTIMAL,OFF,,,,,,,,,
2026-06-12 21:48:55.725102,29.5,74,61.8,,,,,,,,,OPTIMAL,OFF,,,,,,,,,
2026-06-12 21:58:56.797547,29.0,78,62.5,,,,,,,,,OPTIMAL,OFF,,,,,,,,,
2026-06-12 22:08:57.853311,29.2,78,62.7,,,,,,,,,OPTIMAL,OFF,,,,,,,,,
2026-06-12 22:18:58.916372,29.3,80,62.7,,,,,,,,,OPTIMAL,OFF,,,,,,,,,
2026-06-12 22:28:59.969454,28.1,79,62.3,,,,,,,,,OPTIMAL,OFF,,,,,,,,,
2026-06-12 22:39:01.025586,28.8,83,63.0,,,,,,,,,OPTIMAL,OFF,,,,,,,,,
2026-06-12 22:49:02.089747,28.9,83,63.4,,,,,,,,,OPTIMAL,OFF,,,,,,,,,
2026-06-12 22:59:03.176355,28.7,84,63.4,,,,,,,,,OPTIMAL,OFF,,,,,,,,,
2026-06-12 23:09:04.251414,28.1,84,63.1,,,,,,,,,OPTIMAL,OFF,,,,,,,,,
2026-06-12 23:19:05.334374,28.3,84,61.9,,,,,,,,,OPTIMAL,OFF,,,,,,,,,
2026-06-12 23:29:06.383305,28.9,85,63.1,,,,,,,,,OPTIMAL,OFF,,,,,,,,,
2026-06-12 23:39:07.491567,28.4,85,62.5,,,,,,,,,OPTIMAL,OFF,,,,,,,,,
2026-06-12 23:49:08.609979,28.5,85,63.9,,,,,,,,,OPTIMAL,OFF,,,,,,,,,
2026-06-12 23:59:09.659660,27.5,87,63.5,,,,,,,,,OPTIMAL,OFF,,,,,,,,,
2026-06-13 00:09:10.707592,27.7,87,62.9,,,,,,,,,OPTIMAL,OFF,,,,,,,,,
2026-06-13 00:19:11.790196,27.5,86,62.8,,,,,,,,,OPTIMAL,OFF,,,,,,,,,
2026-06-13 00:29:12.839571,27.6,86,62.5,,,,,,,,,OPTIMAL,OFF,,,,,,,,,
2026-06-13 00:39:13.894695,27.2,86,62.5,,,,,,,,,OPTIMAL,OFF,,,,,,,,,
2026-06-13 00:49:14.947557,27.2,86,62.1,,,,,,,,,OPTIMAL,OFF,,,,,,,,,
2026-06-13 00:59:15.994067,27.3,85,61.4,,,,,,,,,OPTIMAL,OFF,,,,,,,,,
2026-06-13 01:09:17.056532,26.8,85,60.4,,,,,,,,,OPTIMAL,OFF,,,,,,,,,
2026-06-13 01:19:18.110238,26.9,85,61.0,,,,,,,,,OPTIMAL,OFF,,,,,,,,,
2026-06-13 01:29:19.151995,27.8,84,60.4,,,,,,,,,OPTIMAL,OFF,,,,,,,,,
2026-06-13 01:39:20.208143,27.9,85,59.8,,,,,,,,,OPTIMAL,OFF,,,,,,,,,
2026-06-13 01:49:21.289762,26.5,85,60.6,,,,,,,,,OPTIMAL,OFF,,,,,,,,,
2026-06-13 01:59:22.339029,26.3,85,60.7,,,,,,,,,OPTIMAL,OFF,,,,,,,,,
2026-06-13 02:09:23.381122,27.9,86,59.9,,,,,,,,,OPTIMAL,OFF,,,,,,,,,
2026-06-13 02:19:24.437536,27.5,86,58.6,,,,,,,,,OPTIMAL,OFF,,,,,,,,,
2026-06-13 02:29:25.483404,26.9,87,57.8,,,,,,,,,OPTIMAL,OFF,,,,,,,,,
2026-06-13 02:39:26.527387,26.0,87,57.4,,,,,,,,,OPTIMAL,OFF,,,,,,,,,
2026-06-13 02:49:27.587034,26.5,87,57.6,,,,,,,,,OPTIMAL,OFF,,,,,,,,,
2026-06-13 02:59:29.144355,26.5,87,58.9,,,,,,,,,OPTIMAL,OFF,,,,,,,,,
2026-06-13 03:09:30.187430,26.1,87,56.6,,,,,,,,,OPTIMAL,OFF,,,,,,,,,
2026-06-13 03:19:31.251890,26.2,87,56.5,,,,,,,,,OPTIMAL,OFF,,,,,,,,,
2026-06-13 03:29:32.301887,26.7,86,56.5,,,,,,,,,OPTIMAL,OFF,,,,,,,,,
2026-06-13 03:39:33.344160,26.8,87,56.6,,,,,,,,,OPTIMAL,OFF,,,,,,,,,
2026-06-13 03:49:34.390979,26.0,87,56.6,,,,,,,,,OPTIMAL,OFF,,,,,,,,,
2026-06-13 03:59:35.427485,26.8,87,56.4,,,,,,,,,OPTIMAL,OFF,,,,,,,,,
2026-06-13 04:09:36.470718,26.1,87,56.6,,,,,,,,,OPTIMAL,OFF,,,,,,,,,
2026-06-13 04:19:37.529691,26.9,87,56.3,,,,,,,,,OPTIMAL,OFF,,,,,,,,,
2026-06-13 04:29:38.580833,26.2,87,56.0,,,,,,,,,OPTIMAL,OFF,,,,,,,,,
2026-06-13 04:39:39.638210,26.9,87,56.3,,,,,,,,,OPTIMAL,OFF,,,,,,,,,
2026-06-13 04:49:40.696607,26.9,87,55.6,,,,,,,,,OPTIMAL,OFF,,,,,,,,,
2026-06-13 04:59:41.749797,26.1,87,55.8,,,,,,,,,OPTIMAL,OFF,,,,,,,,,
2026-06-13 05:09:42.793832,26.3,87,55.4,,,,,,,,,OPTIMAL,OFF,,,,,,,,,
2026-06-13 05:19:43.828855,26.4,87,55.3,,,,,,,,,OPTIMAL,OFF,,,,,,,,,
2026-06-13 05:29:44.882154,26.3,86,55.1,,,,,,,,,OPTIMAL,OFF,,,,,,,,,
2026-06-13 05:39:45.924126,26.4,87,55.2,,,,,,,,,OPTIMAL,OFF,,,,,,,,,
2026-06-13 05:49:46.964213,26.4,87,54.3,,,,,,,,,OPTIMAL,OFF,,,,,,,,,
2026-06-13 05:59:48.021615,26.4,86,54.0,,,,,,,,,OPTIMAL,OFF,,,,,,,,,
2026-06-13 06:09:49.056969,26.8,87,53.9,,,,,,,,,OPTIMAL,OFF,,,,,,,,,
2026-06-13 06:19:50.136213,25.5,87,53.7,,,,,,,,,OPTIMAL,OFF,,,,,,,,,
2026-06-13 06:29:51.196469,25.4,87,53.1,,,,,,,,,OPTIMAL,OFF,,,,,,,,,
2026-06-13 06:39:52.240087,25.1,86,52.9,,,,,,,,,OPTIMAL,OFF,,,,,,,,,
2026-06-13 06:49:53.280957,25.1,86,52.4,,,,,,,,,OPTIMAL,OFF,,,,,,,,,
2026-06-13 06:59:54.324488,25.0,86,52.5,,,,,,,,,OPTIMAL,OFF,,,,,,,,,
2026-06-13 07:09:55.365836,25.0,87,51.4,,,,,,,,,OPTIMAL,OFF,,,,,,,,,
2026-06-13 07:19:56.421214,25.4,87,51.1,,,,,,,,,OPTIMAL,OFF,,,,,,,,,
2026-06-13 07:29:57.478243,25.6,87,50.9,,,,,,,,,OPTIMAL,OFF,,,,,,,,,
2026-06-13 07:39:58.538974,25.0,87,50.3,,,,,,,,,OPTIMAL,OFF,,,,,,,,,
2026-06-13 07:49:59.574412,25.8,85,50.4,,,,,,,,,OPTIMAL,OFF,,,,,,,,,
2026-06-13 08:00:00.788687,25.9,86,51.1,,,,,,,,,OPTIMAL,OFF,,,,,,,,,
2026-06-13 08:10:01.890569,26.1,86,53.3,,,,,,,,,OPTIMAL,OFF,,,,,,,,,
2026-06-13 08:20:03.063760,26.6,86,54.5,,,,,,,,,OPTIMAL,OFF,,,,,,,,,
2026-06-13 08:30:04.173474,26.8,85,56.8,,,,,,,,,OPTIMAL,OFF,,,,,,,,,
2026-06-13 08:40:05.269347,26.9,85,56.9,,,,,,,,,OPTIMAL,OFF,,,,,,,,,
2026-06-13 08:50:06.357393,26.9,87,57.2,,,,,,,,,OPTIMAL,OFF,,,,,,,,,
2026-06-13 09:00:07.418299,26.4,84,57.4,,,,,,,,,OPTIMAL,OFF,,,,,,,,,
2026-06-13 09:10:08.526058,26.7,83,57.4,,,,,,,,,OPTIMAL,OFF,,,,,,,,,
2026-06-13 09:20:09.595115,27.5,81,57.4,,,,,,,,,OPTIMAL,OFF,,,,,,,,,
2026-06-13 09:30:10.667214,27.6,82,57.6,,,,,,,,,OPTIMAL,OFF,,,,,,,,,
2026-06-13 09:40:11.733307,27.0,82,57.3,,,,,,,,,OPTIMAL,OFF,,,,,,,,,
2026-06-13 09:50:12.793396,28.2,79,57.1,,,,,,,,,OPTIMAL,OFF,,,,,,,,,
2026-06-13 10:00:13.878715,28.0,76,56.8,,,,,,,,,OPTIMAL,OFF,,,,,,,,,
2026-06-13 10:10:14.994200,28.4,75,57.0,,,,,,,,,OPTIMAL,OFF,,,,,,,,,
2026-06-13 10:20:16.061523,29.7,73,56.9,,,,,,,,,OPTIMAL,OFF,,,,,,,,,
2026-06-13 10:30:17.159798,29.6,71,56.9,,,,,,,,,OPTIMAL,OFF,,,,,,,,,
2026-06-13 10:40:18.293280,29.1,69,57.0,,,,,,,,,OPTIMAL,OFF,,,,,,,,,
2026-06-13 10:50:19.347273,29.3,70,57.1,,,,,,,,,OPTIMAL,OFF,,,,,,,,,
2026-06-13 11:00:20.433359,30.5,72,56.9,,,,,,,,,OPTIMAL,OFF,,,,,,,,,
2026-06-13 11:10:21.495570,30.5,65,56.9,,,,,,,,,OPTIMAL,OFF,,,,,,,,,
2026-06-13 11:20:22.546184,30.8,64,56.8,,,,,,,,,OPTIMAL,OFF,,,,,,,,,
2026-06-13 11:30:23.609671,30.4,61,57.3,,,,,,,,,OPTIMAL,OFF,,,,,,,,,
2026-06-13 11:40:24.663184,31.6,61,57.1,,,,,,,,,OPTIMAL,OFF,,,,,,,,,
2026-06-13 11:50:25.713979,31.3,59,57.0,,,,,,,,,OPTIMAL,OFF,,,,,,,,,
2026-06-13 12:00:26.766674,31.4,57,57.0,,,,,,,,,OPTIMAL,OFF,,,,,,,,,
2026-06-13 12:10:27.850476,31.8,57,56.8,,,,,,,,,OPTIMAL,OFF,,,,,,,,,
2026-06-13 12:20:29.407666,31.8,57,56.6,,,,,,,,,OPTIMAL,OFF,,,,,,,,,
2026-06-13 12:30:30.471559,32.7,56,56.4,,,,,,,,,OPTIMAL,OFF,,,,,,,,,
2026-06-13 12:40:31.553865,32.0,58,56.9,,,,,,,,,OPTIMAL,OFF,,,,,,,,,
2026-06-13 12:50:32.606558,32.3,56,57.1,,,,,,,,,OPTIMAL,OFF,,,,,,,,,
2026-06-13 13:00:33.667559,32.2,56,56.3,,,,,,,,,OPTIMAL,OFF,,,,,,,,,
2026-06-13 13:10:34.726096,33.3,55,56.3,,,,,,,,,OPTIMAL,OFF,,,,,,,,,
2026-06-13 13:20:35.776889,33.8,56,56.3,,,,,,,,,OPTIMAL,OFF,,,,,,,,,
2026-06-13 13:30:36.846377,33.8,55,55.8,,,,,,,,,OPTIMAL,OFF,,,,,,,,,
2026-06-13 13:40:38.417741,33.8,55,55.6,,,,,,,,,OPTIMAL,OFF,,,,,,,,,
2026-06-13 13:50:39.475113,33.5,55,55.1,,,,,,,,,OPTIMAL,OFF,,,,,,,,,
2026-06-13 14:00:40.548591,34.2,52,54.8,,,,,,,,,OPTIMAL,OFF,,,,,,,,,
2026-06-13 14:10:41.603227,34.5,51,55.2,,,,,,,,,OPTIMAL,OFF,,,,,,,,,
2026-06-13 14:20:42.657733,34.6,50,54.7,,,,,,,,,OPTIMAL,OFF,,,,,,,,,
2026-06-13 14:30:43.741213,34.5,53,54.3,,,,,,,,,OPTIMAL,OFF,,,,,,,,,
2026-06-13 14:40:44.807975,33.0,54,53.9,,,,,,,,,OPTIMAL,OFF,,,,,,,,,
2026-06-13 14:50:45.898829,33.0,57,53.3,,,,,,,,,OPTIMAL,OFF,,,,,,,,,
2026-06-13 15:00:46.970761,34.9,56,52.0,,,,,,,,,OPTIMAL,OFF,,,,,,,,,
2026-06-13 15:10:48.025295,35.2,48,51.4,,,,,,,,,OPTIMAL,OFF,,,,,,,,,
2026-06-13 15:20:49.088516,35.9,49,50.3,,,,,,,,,OPTIMAL,OFF,,,,,,,,,
2026-06-13 15:30:50.163235,35.3,55,49.7,,,,,,,,,OPTIMAL,OFF,,,,,,,,,
2026-06-13 15:40:51.226095,37.7,52,49.1,,,,,,,,,OPTIMAL,OFF,,,,,,,,,
2026-06-13 15:50:52.285216,37.4,46,48.9,,,,,,,,,OPTIMAL,OFF,,,,,,,,,
2026-06-13 16:00:53.344645,35.7,52,48.6,,,,,,,,,OPTIMAL,OFF,,,,,,,,,
2026-06-13 16:10:54.411562,37.1,47,48.3,,,,,,,,,OPTIMAL,OFF,,,,,,,,,
2026-06-13 16:20:55.477185,36.9,48,48.0,,,,,,,,,OPTIMAL,OFF,,,,,,,,,
2026-06-13 16:30:56.551926,36.7,47,47.8,,,,,,,,,OPTIMAL,OFF,,,,,,,,,
2026-06-13 16:40:57.603774,37.1,43,47.9,,,,,,,,,OPTIMAL,OFF,,,,,,,,,
2026-06-13 16:50:58.652551,36.9,45,49.6,,,,,,,,,OPTIMAL,OFF,,,,,,,,,
2026-06-13 17:00:59.729256,36.5,49,51.2,,,,,,,,,OPTIMAL,OFF,,,,,,,,,
2026-06-13 17:11:00.779409,35.3,49,53.3,,,,,,,,,OPTIMAL,OFF,,,,,,,,,
2026-06-13 17:21:01.843636,35.2,52,53.4,,,,,,,,,OPTIMAL,OFF,,,,,,,,,
2026-06-13 17:31:02.963605,34.0,54,54.6,,,,,,,,,OPTIMAL,OFF,,,,,,,,,
2026-06-13 17:41:04.031559,33.1,58,54.3,,,,,,,,,OPTIMAL,OFF,,,,,,,,,
2026-06-13 17:51:05.594196,33.1,58,54.0,,,,,,,,,OPTIMAL,OFF,,,,,,,,,
2026-06-13 18:01:06.649120,32.5,59,53.9,,,,,,,,,OPTIMAL,OFF,,,,,,,,,
2026-06-13 18:11:07.730274,31.8,62,51.9,,,,,,,,,OPTIMAL,OFF,,,,,,,,,
2026-06-13 18:21:08.800773,31.2,63,51.2,,,,,,,,,OPTIMAL,OFF,,,,,,,,,
2026-06-13 18:31:09.907199,30.7,64,51.3,,,,,,,,,OPTIMAL,OFF,,,,,,,,,
2026-06-13 18:41:10.973418,30.6,65,51.8,,,,,,,,,OPTIMAL,OFF,,,,,,,,,
2026-06-13 18:51:12.053149,30.2,66,52.3,,,,,,,,,OPTIMAL,OFF,,,,,,,,,
2026-06-13 19:01:13.141868,30.6,66,51.9,,,,,,,,,OPTIMAL,OFF,,,,,,,,,
2026-06-13 19:11:14.191185,30.1,67,51.8,,,,,,,,,OPTIMAL,OFF,,,,,,,,,
2026-06-13 19:21:15.264943,30.4,69,51.4,,,,,,,,,OPTIMAL,OFF,,,,,,,,,
2026-06-13 19:31:16.844310,30.4,69,51.1,,,,,,,,,OPTIMAL,OFF,,,,,,,,,
2026-06-13 19:41:17.901125,30.3,70,51.3,,,,,,,,,OPTIMAL,OFF,,,,,,,,,
2026-06-13 19:51:18.964820,30.2,71,51.1,,,,,,,,,OPTIMAL,OFF,,,,,,,,,
2026-06-13 20:01:20.024349,29.7,74,51.1,,,,,,,,,OPTIMAL,OFF,,,,,,,,,
2026-06-13 20:11:21.078963,29.7,73,50.5,,,,,,,,,OPTIMAL,OFF,,,,,,,,,
2026-06-13 20:21:22.352977,29.6,77,50.2,,,,,,,,,OPTIMAL,OFF,,,,,,,,,
2026-06-13 20:31:23.431163,29.6,76,49.9,,,,,,,,,OPTIMAL,OFF,,,,,,,,,
2026-06-13 20:41:24.746380,29.7,78,48.8,,,,,,,,,OPTIMAL,OFF,,,,,,,,,
2026-06-13 20:51:25.848243,28.5,79,48.5,,,,,,,,,OPTIMAL,OFF,,,,,,,,,
2026-06-13 21:01:26.898893,28.1,81,48.3,,,,,,,,,OPTIMAL,OFF,,,,,,,,,
2026-06-13 21:11:27.957323,28.7,82,48.1,,,,,,,,,OPTIMAL,OFF,,,,,,,,,
2026-06-13 21:21:29.058739,28.5,80,47.6,,,,,,,,,OPTIMAL,OFF,,,,,,,,,
2026-06-13 21:31:30.133332,28.2,79,48.0,,,,,,,,,OPTIMAL,OFF,,,,,,,,,
2026-06-13 21:41:31.217226,28.8,80,47.7,,,,,,,,,OPTIMAL,OFF,,,,,,,,,
2026-06-13 21:51:32.278157,28.8,82,47.2,,,,,,,,,OPTIMAL,OFF,,,,,,,,,
2026-06-13 22:01:33.403477,28.9,83,47.1,,,,,,,,,OPTIMAL,OFF,,,,,,,,,
2026-06-13 22:11:34.472712,28.5,84,46.6,,,,,,,,,OPTIMAL,OFF,,,,,,,,,
2026-06-13 22:21:35.535344,28.9,84,46.3,,,,,,,,,OPTIMAL,OFF,,,,,,,,,
2026-06-13 22:31:36.611948,28.8,84,46.0,,,,,,,,,OPTIMAL,OFF,,,,,,,,,
2026-06-13 22:41:38.165077,28.8,84,45.8,,,,,,,,,OPTIMAL,OFF,,,,,,,,,
2026-06-13 22:51:39.214933,28.2,86,45.7,,,,,,,,,OPTIMAL,OFF,,,,,,,,,
2026-06-13 23:01:40.281802,28.3,85,45.8,,,,,,,,,OPTIMAL,OFF,,,,,,,,,
2026-06-13 23:11:41.354423,27.4,86,45.6,,,,,,,,,OPTIMAL,OFF,,,,,,,,,
2026-06-13 23:21:42.413283,27.8,85,45.4,,,,,,,,,OPTIMAL,OFF,,,,,,,,,
2026-06-13 23:31:43.477312,27.5,86,45.2,,,,,,,,,OPTIMAL,OFF,,,,,,,,,
2026-06-13 23:41:44.563171,27.0,86,45.0,,,,,,,,,OPTIMAL,OFF,,,,,,,,,
2026-06-13 23:51:45.619404,27.9,86,44.8,,,,,,,,,OPTIMAL,OFF,,,,,,,,,
2026-06-14 00:01:46.683217,27.0,86,44.4,,,,,,,,,OPTIMAL,OFF,,,,,,,,,
2026-06-14 00:11:47.747753,27.7,85,44.7,,,,,,,,,OPTIMAL,OFF,,,,,,,,,
2026-06-14 00:21:48.807376,27.1,87,44.5,,,,,,,,,OPTIMAL,OFF,,,,,,,,,
2026-06-14 00:31:49.864037,27.5,87,44.2,,,,,,,,,OPTIMAL,OFF,,,,,,,,,
2026-06-14 00:41:50.956269,27.7,87,44.4,,,,,,,,,OPTIMAL,OFF,,,,,,,,,
2026-06-14 00:51:52.011899,27.1,87,44.1,,,,,,,,,OPTIMAL,OFF,,,,,,,,,
2026-06-14 01:01:53.072397,27.5,86,44.0,,,,,,,,,OPTIMAL,OFF,,,,,,,,,
2026-06-14 01:11:54.187904,27.8,87,43.8,,,,,,,,,OPTIMAL,OFF,,,,,,,,,
2026-06-14 01:21:55.277264,27.1,88,43.7,,,,,,,,,OPTIMAL,OFF,,,,,,,,,
2026-06-14 01:31:56.333253,27.5,86,43.5,,,,,,,,,OPTIMAL,OFF,,,,,,,,,
2026-06-14 01:41:57.401410,27.4,86,43.4,,,,,,,,,OPTIMAL,OFF,,,,,,,,,
2026-06-14 01:51:58.455466,27.4,87,43.2,,,,,,,,,OPTIMAL,OFF,,,,,,,,,
2026-06-14 02:01:59.516750,27.0,85,43.1,,,,,,,,,OPTIMAL,OFF,,,,,,,,,
2026-06-14 02:12:00.601953,27.5,85,43.3,,,,,,,,,OPTIMAL,OFF,,,,,,,,,
2026-06-14 02:22:01.666720,27.3,86,43.1,,,,,,,,,OPTIMAL,OFF,,,,,,,,,
2026-06-14 02:32:02.759645,27.4,85,43.0,,,,,,,,,OPTIMAL,OFF,,,,,,,,,
2026-06-14 02:42:03.818883,27.5,85,42.8,,,,,,,,,OPTIMAL,OFF,,,,,,,,,
2026-06-14 02:52:04.895437,27.9,85,42.7,,,,,,,,,OPTIMAL,OFF,,,,,,,,,
2026-06-14 03:02:05.963577,27.3,85,42.6,,,,,,,,,OPTIMAL,OFF,,,,,,,,,
2026-06-14 03:12:07.071129,27.9,86,42.4,,,,,,,,,OPTIMAL,OFF,,,,,,,,,
2026-06-14 03:22:08.147653,27.4,87,42.3,,,,,,,,,OPTIMAL,OFF,,,,,,,,,
2026-06-14 03:32:09.293699,27.6,87,42.0,,,,,,,,,OPTIMAL,OFF,,,,,,,,,
2026-06-14 03:42:10.371499,26.2,87,42.0,,,,,,,,,OPTIMAL,OFF,,,,,,,,,
2026-06-14 03:52:11.429334,26.5,87,42.1,,,,,,,,,OPTIMAL,OFF,,,,,,,,,
2026-06-14 04:02:12.529783,26.1,86,41.9,,,,,,,,,OPTIMAL,OFF,,,,,,,,,
2026-06-14 04:12:13.607512,27.4,87,41.9,,,,,,,,,OPTIMAL,OFF,,,,,,,,,
2026-06-14 04:22:14.685664,27.9,87,41.8,,,,,,,,,OPTIMAL,OFF,,,,,,,,,
2026-06-14 04:32:15.889324,27.7,87,41.8,,,,,,,,,OPTIMAL,OFF,,,,,,,,,
2026-06-14 04:42:17.025475,27.4,88,41.5,,,,,,,,,OPTIMAL,OFF,,,,,,,,,
2026-06-14 04:52:18.089380,26.4,87,41.5,,,,,,,,,OPTIMAL,OFF,,,,,,,,,
2026-06-14 05:02:19.133593,26.4,86,42.4,,,,,,,,,OPTIMAL,OFF,,,,,,,,,
2026-06-14 05:12:20.190422,26.0,86,42.4,,,,,,,,,OPTIMAL,OFF,,,,,,,,,
2026-06-14 05:22:21.234283,26.9,87,42.2,,,,,,,,,OPTIMAL,OFF,,,,,,,,,
2026-06-14 05:32:22.289273,26.4,87,42.2,,,,,,,,,OPTIMAL,OFF,,,,,,,,,
2026-06-14 05:42:23.843570,26.4,87,42.1,,,,,,,,,OPTIMAL,OFF,,,,,,,,,
2026-06-14 05:52:24.893338,26.5,87,41.8,,,,,,,,,OPTIMAL,OFF,,,,,,,,,
2026-06-14 06:02:25.941754,26.9,87,41.9,,,,,,,,,OPTIMAL,OFF,,,,,,,,,
2026-06-14 06:12:27.001384,26.6,88,41.7,,,,,,,,,OPTIMAL,OFF,,,,,,,,,
2026-06-14 06:22:28.053390,26.4,88,41.5,,,,,,,,,OPTIMAL,OFF,,,,,,,,,
2026-06-14 06:32:29.097287,26.9,88,41.8,,,,,,,,,OPTIMAL,OFF,,,,,,,,,
2026-06-14 06:42:30.183542,26.9,88,41.5,,,,,,,,,OPTIMAL,OFF,,,,,,,,,
2026-06-14 06:52:31.298717,26.0,87,41.4,,,,,,,,,OPTIMAL,OFF,,,,,,,,,
2026-06-14 07:02:32.877424,26.0,87,41.4,,,,,,,,,OPTIMAL,OFF,,,,,,,,,
2026-06-14 07:12:33.974676,26.1,87,41.3,,,,,,,,,OPTIMAL,OFF,,,,,,,,,
2026-06-14 07:22:35.029916,26.1,87,41.1,,,,,,,,,OPTIMAL,OFF,,,,,,,,,
2026-06-14 07:32:36.085371,26.8,87,41.1,,,,,,,,,OPTIMAL,OFF,,,,,,,,,
2026-06-14 07:42:37.166908,26.2,87,41.0,,,,,,,,,OPTIMAL,OFF,,,,,,,,,
2026-06-14 07:52:38.230455,26.3,86,40.9,,,,,,,,,OPTIMAL,OFF,,,,,,,,,
2026-06-14 08:02:39.302416,26.5,85,40.8,,,,,,,,,OPTIMAL,OFF,,,,,,,,,
2026-06-14 08:12:40.377727,26.5,86,40.7,,,,,,,,,OPTIMAL,OFF,,,,,,,,,
2026-06-14 08:22:41.434929,26.1,87,40.7,,,,,,,,,OPTIMAL,OFF,,,,,,,,,
2026-06-14 08:32:42.482908,27.9,86,40.6,,,,,,,,,OPTIMAL,OFF,,,,,,,,,
2026-06-14 08:42:43.543680,27.5,87,40.4,,,,,,,,,OPTIMAL,OFF,,,,,,,,,
2026-06-14 08:52:44.589003,27.2,86,40.4,,,,,,,,,OPTIMAL,OFF,,,,,,,,,
2026-06-14 09:02:45.697329,27.3,85,40.4,,,,,,,,,OPTIMAL,OFF,,,,,,,,,
2026-06-14 09:12:46.749074,27.0,84,40.4,,,,,,,,,OPTIMAL,OFF,,,,,,,,,
2026-06-14 09:22:47.803744,28.4,81,40.2,,,,,,,,,OPTIMAL,OFF,,,,,,,,,
2026-06-14 09:32:48.893316,28.3,82,40.2,,,,,,,,,OPTIMAL,OFF,,,,,,,,,
2026-06-14 09:42:49.969366,28.6,77,40.2,,,,,,,,,OPTIMAL,OFF,,,,,,,,,
2026-06-14 09:52:51.028990,28.8,78,40.1,,,,,,,,,OPTIMAL,OFF,,,,,,,,,
2026-06-14 10:02:52.083059,29.4,75,40.0,,,,,,,,,OPTIMAL,OFF,,,,,,,,,
2026-06-14 10:12:53.156878,29.3,70,39.9,,,,,,,,,OPTIMAL,OFF,,,,,,,,,
2026-06-14 10:22:54.206236,29.0,72,39.9,,,,,,,,,OPTIMAL,OFF,,,,,,,,,
2026-06-14 10:32:55.261277,30.2,70,39.8,,,,,,,,,OPTIMAL,OFF,,,,,,,,,
2026-06-14 10:42:56.337295,30.9,69,39.8,,,,,,,,,OPTIMAL,OFF,,,,,,,,,
2026-06-14 10:52:57.401601,30.1,68,39.7,,,,,,,,,OPTIMAL,OFF,,,,,,,,,
2026-06-14 11:02:58.483263,31.4,68,39.7,,,,,,,,,OPTIMAL,OFF,,,,,,,,,
2026-06-14 11:12:59.551735,31.4,64,39.6,,,,,,,,,OPTIMAL,OFF,,,,,,,,,
2026-06-14 11:23:00.639570,31.9,62,39.4,,,,,,,,,OPTIMAL,OFF,,,,,,,,,
2026-06-14 11:33:01.704654,32.3,61,39.2,,,,,,,,,OPTIMAL,OFF,,,,,,,,,
2026-06-14 11:43:02.787890,32.4,63,39.1,,,,,,,,,OPTIMAL,OFF,,,,,,,,,
2026-06-14 11:53:03.899340,32.6,62,39.0,,,,,,,,,OPTIMAL,OFF,,,,,,,,,
2026-06-14 12:03:04.993723,32.2,60,38.9,,,,,,,,,OPTIMAL,OFF,,,,,,,,,
2026-06-14 12:13:06.073006,32.4,60,38.9,,,,,,,,,OPTIMAL,OFF,,,,,,,,,
2026-06-14 12:23:07.139707,32.5,62,38.7,,,,,,,,,OPTIMAL,OFF,,,,,,,,,
2026-06-14 12:33:08.235195,33.0,57,38.7,,,,,,,,,OPTIMAL,OFF,,,,,,,,,
2026-06-14 12:43:09.336132,33.0,56,38.6,,,,,,,,,OPTIMAL,OFF,,,,,,,,,
2026-06-14 12:53:10.432113,33.0,56,38.6,,,,,,,,,OPTIMAL,OFF,,,,,,,,,
2026-06-14 13:03:11.490071,33.5,54,38.3,,,,,,,,,OPTIMAL,OFF,,,,,,,,,
2026-06-14 13:13:16.873155,34.9,52,38.1,,,,,,,,,OPTIMAL,OFF,,,,,,,,,
2026-06-14 13:23:17.927588,34.2,55,37.7,,,,,,,,,OPTIMAL,OFF,,,,,,,,,
2026-06-14 13:33:19.016043,33.6,57,37.2,,,,,,,,,OPTIMAL,OFF,,,,,,,,,
2026-06-14 13:43:20.148827,33.9,58,36.9,,,,,,,,,OPTIMAL,OFF,,,,,,,,,
2026-06-14 13:53:21.252948,33.6,58,36.6,,,,,,,,,OPTIMAL,OFF,,,,,,,,,
2026-06-14 14:03:22.301205,32.0,58,36.1,,,,,,,,,OPTIMAL,OFF,,,,,,,,,
2026-06-14 14:13:23.387284,30.7,70,36.0,,,,,,,,,OPTIMAL,OFF,,,,,,,,,
2026-06-14 14:23:24.662952,30.5,70,36.3,,,,,,,,,OPTIMAL,OFF,,,,,,,,,
2026-06-14 14:33:25.739196,30.6,69,36.1,,,,,,,,,OPTIMAL,OFF,,,,,,,,,
2026-06-14 14:43:26.813347,31.4,69,35.8,,,,,,,,,OPTIMAL,OFF,,,,,,,,,
2026-06-14 14:53:27.894014,31.8,67,35.6,,,,,,,,,OPTIMAL,OFF,,,,,,,,,
2026-06-14 15:03:28.960175,31.1,65,35.4,,,,,,,,,OPTIMAL,OFF,,,,,,,,,
2026-06-14 15:13:30.047592,31.8,69,35.3,,,,,,,,,OPTIMAL,OFF,,,,,,,,,
2026-06-14 15:23:31.156145,30.0,68,35.1,,,,,,,,,OPTIMAL,OFF,,,,,,,,,
2026-06-14 15:33:32.203127,30.2,73,35.0,,,,,,,,,OPTIMAL,OFF,,,,,,,,,
2026-06-14 15:43:33.281887,30.4,70,34.9,,,,,,,,,OPTIMAL,OFF,,,,,,,,,
2026-06-14 15:53:34.326990,30.1,74,34.8,,,,,,,,,OPTIMAL,OFF,,,,,,,,,
2026-06-14 16:03:35.389266,29.4,72,34.7,,,,,,,,,OPTIMAL,OFF,,,,,,,,,
2026-06-14 16:13:36.462138,29.9,72,34.4,,,,,,,,,OPTIMAL,OFF,,,,,,,,,
2026-06-14 16:23:37.519666,29.5,77,34.3,,,,,,,,,OPTIMAL,OFF,,,,,,,,,
2026-06-14 16:33:38.597784,29.6,78,34.1,,,,,,,,,OPTIMAL,OFF,,,,,,,,,
2026-06-14 16:43:39.662357,29.7,80,33.9,,,,,,,,,OPTIMAL,OFF,,,,,,,,,
2026-06-14 16:53:40.719991,28.4,82,33.8,,,,,,,,,OPTIMAL,OFF,,,,,,,,,
2026-06-14 17:03:41.781841,29.5,82,33.5,,,,,,,,,OPTIMAL,OFF,,,,,,,,,
2026-06-14 17:13:42.843192,28.3,84,33.4,,,,,,,,,OPTIMAL,OFF,,,,,,,,,
2026-06-14 17:23:43.929594,28.2,85,33.0,,,,,,,,,OPTIMAL,OFF,,,,,,,,,
2026-06-14 17:33:44.982234,28.2,84,33.0,,,,,,,,,OPTIMAL,OFF,,,,,,,,,
2026-06-14 17:43:46.553657,28.2,84,32.8,,,,,,,,,OPTIMAL,OFF,,,,,,,,,
2026-06-14 17:53:47.612264,28.2,83,32.5,,,,,,,,,OPTIMAL,OFF,,,,,,,,,
2026-06-14 18:03:48.686923,28.1,84,32.4,,,,,,,,,OPTIMAL,OFF,,,,,,,,,
2026-06-14 18:13:49.759557,28.3,83,32.2,,,,,,,,,OPTIMAL,OFF,,,,,,,,,
2026-06-14 18:23:50.842124,28.2,83,32.3,,,,,,,,,OPTIMAL,OFF,,,,,,,,,
2026-06-14 18:33:51.905720,28.4,83,32.1,,,,,,,,,OPTIMAL,OFF,,,,,,,,,
2026-06-14 18:43:52.974253,28.2,83,32.0,,,,,,,,,OPTIMAL,OFF,,,,,,,,,
2026-06-14 18:53:54.037453,28.6,83,32.1,,,,,,,,,OPTIMAL,OFF,,,,,,,,,
2026-06-14 19:03:55.094146,28.5,82,31.9,,,,,,,,,OPTIMAL,OFF,,,,,,,,,
2026-06-14 19:13:56.158165,27.5,81,31.7,,,,,,,,,OPTIMAL,OFF,,,,,,,,,
2026-06-14 19:23:57.224554,27.8,84,31.6,,,,,,,,,OPTIMAL,OFF,,,,,,,,,
2026-06-14 19:33:58.286276,27.0,82,31.4,,,,,,,,,OPTIMAL,OFF,,,,,,,,,
2026-06-14 19:43:59.340805,27.4,84,31.4,,,,,,,,,OPTIMAL,OFF,,,,,,,,,
2026-06-14 19:54:00.388568,27.5,84,31.3,,,,,,,,,OPTIMAL,OFF,,,,,,,,,
2026-06-14 20:04:01.450001,27.5,86,31.1,,,,,,,,,OPTIMAL,OFF,,,,,,,,,
2026-06-14 20:14:02.574837,27.8,87,31.0,,,,,,,,,OPTIMAL,OFF,,,,,,,,,
2026-06-14 20:24:03.660042,27.4,87,30.8,,,,,,,,,OPTIMAL,OFF,,,,,,,,,
2026-06-14 20:34:04.734462,27.7,87,30.7,,,,,,,,,OPTIMAL,OFF,,,,,,,,,
2026-06-14 20:44:05.806770,27.5,87,30.4,,,,,,,,,OPTIMAL,OFF,,,,,,,,,
2026-06-14 20:54:07.113046,27.4,87,30.6,,,,,,,,,OPTIMAL,OFF,,,,,,,,,
2026-06-14 21:04:08.173349,27.6,87,30.6,,,,,,,,,OPTIMAL,OFF,,,,,,,,,
2026-06-14 21:14:09.241299,27.7,87,30.2,,,,,,,,,OPTIMAL,OFF,,,,,,,,,
2026-06-14 21:24:10.338260,27.2,86,30.4,,,,,,,,,OPTIMAL,OFF,,,,,,,,,
2026-06-14 21:34:11.419172,26.5,87,30.1,,,,,,,,,OPTIMAL,OFF,,,,,,,,,
2026-06-14 21:44:12.487714,26.8,87,30.0,,,,,,,,,OPTIMAL,OFF,,,,,,,,,
2026-06-14 21:54:13.561092,26.6,87,30.0,,,,,,,,,OPTIMAL,OFF,,,,,,,,,
2026-06-14 22:04:14.629983,26.7,88,29.8,,,,,,,,,DRY,ON,,,,,,,,,
2026-06-14 22:14:15.966486,26.7,88,29.7,,,,,,,,,DRY,ON,,,,,,,,,
2026-06-14 22:24:17.038055,26.7,87,29.6,,,,,,,,,DRY,ON,,,,,,,,,
2026-06-14 22:34:18.094661,26.1,88,29.4,,,,,,,,,DRY,ON,,,,,,,,,
2026-06-14 22:44:19.159506,26.6,89,29.5,,,,,,,,,DRY,ON,,,,,,,,,
2026-06-14 22:54:20.214058,26.7,88,29.3,,,,,,,,,DRY,ON,,,,,,,,,
2026-06-14 23:04:21.283424,26.5,88,29.2,,,,,,,,,DRY,ON,,,,,,,,,
2026-06-14 23:14:22.356623,26.5,88,29.0,,,,,,,,,DRY,ON,,,,,,,,,
2026-06-14 23:24:23.436304,26.6,88,29.1,,,,,,,,,DRY,ON,,,,,,,,,
2026-06-14 23:34:24.493274,26.7,88,29.0,,,,,,,,,DRY,ON,,,,,,,,,
2026-06-14 23:44:25.621269,26.8,88,29.0,,,,,,,,,DRY,ON,,,,,,,,,
2026-06-14 23:54:26.697371,26.2,88,29.0,,,,,,,,,DRY,ON,,,,,,,,,
2026-06-15 00:04:27.761348,26.4,88,28.8,,,,,,,,,DRY,ON,,,,,,,,,
2026-06-15 00:14:28.840726,26.8,89,28.5,,,,,,,,,DRY,ON,,,,,,,,,
2026-06-15 00:24:29.892975,26.7,88,28.5,,,,,,,,,DRY,ON,,,,,,,,,
2026-06-15 00:34:30.957299,26.5,88,28.4,,,,,,,,,DRY,ON,,,,,,,,,
2026-06-15 00:44:32.059185,26.1,88,28.2,,,,,,,,,DRY,ON,,,,,,,,,
2026-06-15 00:54:33.121157,26.2,88,27.8,,,,,,,,,DRY,ON,,,,,,,,,
2026-06-15 01:04:34.173341,26.3,88,27.9,,,,,,,,,DRY,ON,,,,,,,,,
2026-06-15 01:14:35.290511,26.8,88,27.9,,,,,,,,,DRY,ON,,,,,,,,,
2026-06-15 01:24:39.644415,26.3,88,27.7,,,,,,,,,DRY,ON,,,,,,,,,
2026-06-15 01:34:40.690827,26.9,88,27.7,,,,,,,,,DRY,ON,,,,,,,,,
2026-06-15 01:44:41.749310,26.6,88,27.6,,,,,,,,,DRY,ON,,,,,,,,,
2026-06-15 01:54:42.823178,26.1,87,27.2,,,,,,,,,DRY,ON,,,,,,,,,
2026-06-15 02:04:44.377604,26.1,87,27.2,,,,,,,,,DRY,ON,,,,,,,,,
2026-06-15 02:14:45.437043,26.6,88,27.2,,,,,,,,,DRY,ON,,,,,,,,,
2026-06-15 02:24:46.499112,26.9,88,27.0,,,,,,,,,DRY,ON,,,,,,,,,
2026-06-15 02:34:47.551902,26.7,87,27.0,,,,,,,,,DRY,ON,,,,,,,,,
2026-06-15 02:44:48.604067,26.8,87,26.8,,,,,,,,,DRY,ON,,,,,,,,,
2026-06-15 02:54:49.668006,26.9,88,26.9,,,,,,,,,DRY,ON,,,,,,,,,
2026-06-15 03:04:50.723423,26.8,88,26.5,,,,,,,,,DRY,ON,,,,,,,,,
2026-06-15 03:14:51.778853,25.6,87,26.6,,,,,,,,,DRY,ON,,,,,,,,,
2026-06-15 03:24:52.868157,25.6,88,26.3,,,,,,,,,DRY,ON,,,,,,,,,
2026-06-15 03:34:53.921880,25.4,88,26.3,,,,,,,,,DRY,ON,,,,,,,,,
2026-06-15 03:44:54.984417,25.9,89,26.0,,,,,,,,,DRY,ON,,,,,,,,,
2026-06-15 03:54:56.043758,25.6,89,26.1,,,,,,,,,DRY,ON,,,,,,,,,
2026-06-15 04:04:57.119683,25.2,88,25.8,,,,,,,,,DRY,ON,,,,,,,,,
2026-06-15 04:14:58.170681,25.9,89,25.8,,,,,,,,,DRY,ON,,,,,,,,,
2026-06-15 04:24:59.731767,25.9,89,25.8,,,,,,,,,DRY,ON,,,,,,,,,
2026-06-15 04:35:00.784931,25.2,88,25.6,,,,,,,,,DRY,ON,,,,,,,,,
2026-06-15 04:45:01.836181,25.3,89,25.6,,,,,,,,,DRY,ON,,,,,,,,,
2026-06-15 04:55:03.140075,25.5,89,25.5,,,,,,,,,DRY,ON,,,,,,,,,
2026-06-15 05:05:04.212016,25.9,89,25.5,,,,,,,,,DRY,ON,,,,,,,,,
2026-06-15 05:15:05.305293,25.5,89,25.2,,,,,,,,,DRY,ON,,,,,,,,,
2026-06-15 05:25:06.397880,25.2,89,25.3,,,,,,,,,DRY,ON,,,,,,,,,
2026-06-15 05:35:07.463797,25.3,89,25.4,,,,,,,,,DRY,ON,,,,,,,,,
2026-06-15 05:45:08.533999,25.7,89,25.3,,,,,,,,,DRY,ON,,,,,,,,,
2026-06-15 05:55:09.620956,25.3,89,25.0,,,,,,,,,DRY,ON,,,,,,,,,
2026-06-15 06:05:10.676461,25.3,88,25.0,,,,,,,,,DRY,ON,,,,,,,,,
2026-06-15 06:15:11.734270,25.5,89,25.1,,,,,,,,,DRY,ON,,,,,,,,,
2026-06-15 06:25:12.821228,25.9,89,25.9,,,,,,,,,DRY,ON,,,,,,,,,
2026-06-15 06:35:13.873448,25.5,89,25.3,,,,,,,,,DRY,ON,,,,,,,,,
2026-06-15 06:45:14.937632,25.3,90,24.9,,,,,,,,,DRY,ON,,,,,,,,,
2026-06-15 06:55:16.001121,25.6,89,25.3,,,,,,,,,DRY,ON,,,,,,,,,
2026-06-15 07:05:17.057630,25.3,88,25.0,,,,,,,,,DRY,ON,,,,,,,,,
2026-06-15 07:15:18.141443,25.5,88,24.6,,,,,,,,,DRY,ON,,,,,,,,,
2026-06-15 07:25:19.214330,25.7,89,24.6,,,,,,,,,DRY,ON,,,,,,,,,
2026-06-15 07:35:20.265425,25.4,88,24.7,,,,,,,,,DRY,ON,,,,,,,,,
2026-06-15 07:45:21.311991,25.8,89,24.7,,,,,,,,,DRY,ON,,,,,,,,,
2026-06-15 07:55:22.379412,25.6,89,24.8,,,,,,,,,DRY,ON,,,,,,,,,
2026-06-15 08:05:23.436967,25.0,89,24.8,,,,,,,,,DRY,ON,,,,,,,,,
2026-06-15 08:15:24.528577,26.8,89,24.7,,,,,,,,,DRY,ON,,,,,,,,,
2026-06-15 08:25:25.589315,26.4,88,24.8,,,,,,,,,DRY,ON,,,,,,,,,
2026-06-15 08:35:26.643061,26.0,88,24.9,,,,,,,,,DRY,ON,,,,,,,,,
2026-06-15 08:45:28.192829,26.0,88,24.6,,,,,,,,,DRY,ON,,,,,,,,,
2026-06-15 08:55:29.251862,26.8,88,24.7,,,,,,,,,DRY,ON,,,,,,,,,
2026-06-15 09:05:30.319935,26.0,87,24.7,,,,,,,,,DRY,ON,,,,,,,,,
2026-06-15 09:15:31.368630,26.5,86,24.6,,,,,,,,,DRY,ON,,,,,,,,,
2026-06-15 09:25:32.436561,27.4,85,24.6,,,,,,,,,DRY,ON,,,,,,,,,
2026-06-15 09:35:33.493249,27.2,86,24.1,,,,,,,,,DRY,ON,,,,,,,,,
2026-06-15 09:45:34.556405,27.4,85,24.0,,,,,,,,,DRY,ON,,,,,,,,,
2026-06-19 11:47:27,,,92.8,24.0,68.8,,24.0,24.1,24.6,47.0,0.7,WET,OFF,24.1,24.1,24.1,Dry Forecast,Forecast dry. Recommend watering soon; pump stays OFF because ML_CONTROL_MODE=recommend.,Forecast Dry,,"Forecast Dry,WET,DHT Missing;TELEGRAM_SKIPPED",OK
2026-06-19 11:55:25,27.0,46,94.7,92.8,1.9,1.9,92.8,24.0,24.1,70.5,14.3,WET,OFF,59.7,59.7,59.7,OK,Forecast OK. No early watering needed.,Forecast OK,,WET;TELEGRAM_SKIPPED,OK
2026-06-19 12:05:26,26.9,46,100.0,94.7,5.3,1.9,94.7,92.8,24.0,95.8,31.7,WET,OFF,73.1,73.1,73.1,OK,Forecast OK. No early watering needed.,Forecast OK,,WET;TELEGRAM_SKIPPED,OK
2026-06-19 12:13:38,,,93.2,100.0,-6.8,,100.0,94.7,92.8,96.0,-49.8,WET,OFF,77.8,77.8,77.8,OK,Forecast OK. No early watering needed.,Forecast OK,,"WET,DHT Missing;TELEGRAM_SKIPPED",OK
2026-06-19 12:18:14,,,100.0,93.2,6.8,,93.2,100.0,94.7,97.7,88.5,WET,OFF,83.8,83.8,83.8,OK,Forecast OK. No early watering needed.,Forecast OK,,"WET,DHT Missing;TELEGRAM_SKIPPED",OK
2026-06-19 12:29:03,32.0,55.0,20.0,24.0,-4.0,2.1,24.0,24.1,24.6,22.7,-0.0,DRY,ON,20.0,20.0,20.0,Dry Forecast,Forecast dry. Recommend watering soon; pump stays OFF because ML_CONTROL_MODE=recommend.,Forecast Dry,,"Forecast Dry,DRY;TELEGRAM_SENT:Forecast Dry,DRY",OK
2026-06-19 12:29:09,32.0,55.0,20.0,24.0,-4.0,2.1,24.0,24.1,24.6,22.7,-0.0,DRY,ON,20.0,20.0,20.0,Dry Forecast,Forecast dry. Recommend watering soon; pump stays OFF because ML_CONTROL_MODE=recommend.,Forecast Dry,,"Forecast Dry,DRY;TELEGRAM_COOLDOWN:Forecast Dry,DRY",OK
2026-06-19 12:29:14,32.0,55.0,20.0,24.0,-4.0,2.1,24.0,24.1,24.6,22.7,-0.0,DRY,ON,20.0,20.0,20.0,Dry Forecast,Forecast dry. Recommend watering soon; pump stays OFF because ML_CONTROL_MODE=recommend.,Forecast Dry,,"Forecast Dry,DRY;TELEGRAM_SENT:Forecast Dry,DRY",OK
2026-06-19 12:29:23,32.0,55.0,20.0,24.0,-4.0,2.1,24.0,24.1,24.6,22.7,-0.0,DRY,ON,20.0,20.0,20.0,Dry Forecast,Forecast dry. Recommend watering soon; pump stays OFF because ML_CONTROL_MODE=recommend.,Forecast Dry,,"Forecast Dry,DRY;TELEGRAM_COOLDOWN:Forecast Dry,DRY",OK
2026-06-19 12:29:28,32.0,55.0,20.0,24.0,-4.0,2.1,24.0,24.1,24.6,22.7,-0.0,DRY,ON,20.0,20.0,20.0,Dry Forecast,Forecast dry. Recommend watering soon; pump stays OFF because ML_CONTROL_MODE=recommend.,Forecast Dry,,"Forecast Dry,DRY;TELEGRAM_SENT:Forecast Dry,DRY",OK
2026-06-19 12:29:34,32.0,55.0,20.0,24.0,-4.0,2.1,24.0,24.1,24.6,22.7,-0.0,DRY,ON,20.0,20.0,20.0,Dry Forecast,Forecast dry. Recommend watering soon; pump stays OFF because ML_CONTROL_MODE=recommend.,Forecast Dry,,"Forecast Dry,DRY;TELEGRAM_COOLDOWN:Forecast Dry,DRY",OK
2026-06-19 12:29:39,32.0,55.0,20.0,24.0,-4.0,2.1,24.0,24.1,24.6,22.7,-0.0,DRY,ON,20.0,20.0,20.0,Dry Forecast,Forecast dry. Recommend watering soon; pump stays OFF because ML_CONTROL_MODE=recommend.,Forecast Dry,,"Forecast Dry,DRY;TELEGRAM_SENT:Forecast Dry,DRY",OK
2026-06-19 12:29:45,32.0,55.0,20.0,24.0,-4.0,2.1,24.0,24.1,24.6,22.7,-0.0,DRY,ON,20.0,20.0,20.0,Dry Forecast,Forecast dry. Recommend watering soon; pump stays OFF because ML_CONTROL_MODE=recommend.,Forecast Dry,,"Forecast Dry,DRY;TELEGRAM_COOLDOWN:Forecast Dry,DRY",OK
2026-06-19 12:29:52,32.0,55.0,20.0,24.0,-4.0,2.1,24.0,24.1,24.6,22.7,-0.0,DRY,ON,20.0,20.0,20.0,Dry Forecast,Forecast dry. Recommend watering soon; pump stays OFF because ML_CONTROL_MODE=recommend.,Forecast Dry,,"Forecast Dry,DRY;TELEGRAM_SENT:Forecast Dry,DRY",OK
2026-06-19 12:29:59,32.0,55.0,20.0,24.0,-4.0,2.1,24.0,24.1,24.6,22.7,-0.0,DRY,ON,20.0,20.0,20.0,Dry Forecast,Forecast dry. Recommend watering soon; pump stays OFF because ML_CONTROL_MODE=recommend.,Forecast Dry,,"Forecast Dry,DRY;TELEGRAM_COOLDOWN:Forecast Dry,DRY",OK
2026-06-19 12:30:04,32.0,55.0,20.0,24.0,-4.0,2.1,24.0,24.1,24.6,22.7,-0.0,DRY,ON,20.0,20.0,20.0,Dry Forecast,Forecast dry. Recommend watering soon; pump stays OFF because ML_CONTROL_MODE=recommend.,Forecast Dry,,"Forecast Dry,DRY;TELEGRAM_SENT:Forecast Dry,DRY",OK
2026-06-19 12:30:10,32.0,55.0,20.0,24.0,-4.0,2.1,24.0,24.1,24.6,22.7,-0.0,DRY,ON,20.0,20.0,20.0,Dry Forecast,Forecast dry. Recommend watering soon; pump stays OFF because ML_CONTROL_MODE=recommend.,Forecast Dry,,"Forecast Dry,DRY;TELEGRAM_COOLDOWN:Forecast Dry,DRY",OK
2026-06-19 12:30:15,32.0,55.0,20.0,24.0,-4.0,2.1,24.0,24.1,24.6,22.7,-0.0,DRY,ON,20.0,20.0,20.0,Dry Forecast,Forecast dry. Recommend watering soon; pump stays OFF because ML_CONTROL_MODE=recommend.,Forecast Dry,,"Forecast Dry,DRY;TELEGRAM_SENT:Forecast Dry,DRY",OK
2026-06-19 12:30:21,32.0,55.0,20.0,24.0,-4.0,2.1,24.0,24.1,24.6,22.7,-0.0,DRY,ON,20.0,20.0,20.0,Dry Forecast,Forecast dry. Recommend watering soon; pump stays OFF because ML_CONTROL_MODE=recommend.,Forecast Dry,,"Forecast Dry,DRY;TELEGRAM_COOLDOWN:Forecast Dry,DRY",OK
2026-06-19 12:30:28,32.0,55.0,20.0,24.0,-4.0,2.1,24.0,24.1,24.6,22.7,-0.0,DRY,ON,20.0,20.0,20.0,Dry Forecast,Forecast dry. Recommend watering soon; pump stays OFF because ML_CONTROL_MODE=recommend.,Forecast Dry,,"Forecast Dry,DRY;TELEGRAM_SENT:Forecast Dry,DRY",OK
2026-06-19 12:30:34,32.0,55.0,20.0,24.0,-4.0,2.1,24.0,24.1,24.6,22.7,-0.0,DRY,ON,20.0,20.0,20.0,Dry Forecast,Forecast dry. Recommend watering soon; pump stays OFF because ML_CONTROL_MODE=recommend.,Forecast Dry,,"Forecast Dry,DRY;TELEGRAM_COOLDOWN:Forecast Dry,DRY",OK
2026-06-19 12:30:39,32.0,55.0,20.0,24.0,-4.0,2.1,24.0,24.1,24.6,22.7,-0.0,DRY,ON,20.0,20.0,20.0,Dry Forecast,Forecast dry. Recommend watering soon; pump stays OFF because ML_CONTROL_MODE=recommend.,Forecast Dry,,"Forecast Dry,DRY;TELEGRAM_SENT:Forecast Dry,DRY",OK
2026-06-19 12:30:45,32.0,55.0,20.0,24.0,-4.0,2.1,24.0,24.1,24.6,22.7,-0.0,DRY,ON,20.0,20.0,20.0,Dry Forecast,Forecast dry. Recommend watering soon; pump stays OFF because ML_CONTROL_MODE=recommend.,Forecast Dry,,"Forecast Dry,DRY;TELEGRAM_COOLDOWN:Forecast Dry,DRY",OK
2026-06-19 12:30:50,32.0,55.0,20.0,24.0,-4.0,2.1,24.0,24.1,24.6,22.7,-0.0,DRY,ON,20.0,20.0,20.0,Dry Forecast,Forecast dry. Recommend watering soon; pump stays OFF because ML_CONTROL_MODE=recommend.,Forecast Dry,,"Forecast Dry,DRY;TELEGRAM_SENT:Forecast Dry,DRY",OK
2026-06-19 12:30:56,32.0,55.0,20.0,24.0,-4.0,2.1,24.0,24.1,24.6,22.7,-0.0,DRY,ON,20.0,20.0,20.0,Dry Forecast,Forecast dry. Recommend watering soon; pump stays OFF because ML_CONTROL_MODE=recommend.,Forecast Dry,,"Forecast Dry,DRY;TELEGRAM_COOLDOWN:Forecast Dry,DRY",OK
2026-06-19 12:31:05,32.0,55.0,20.0,24.0,-4.0,2.1,24.0,24.1,24.6,22.7,-0.0,DRY,ON,20.0,20.0,20.0,Dry Forecast,Forecast dry. Recommend watering soon; pump stays OFF because ML_CONTROL_MODE=recommend.,Forecast Dry,,"Forecast Dry,DRY;TELEGRAM_SENT:Forecast Dry,DRY",OK
2026-06-19 12:31:20,32.0,55.0,20.0,24.0,-4.0,2.1,24.0,24.1,24.6,22.7,-0.0,DRY,ON,20.0,20.0,20.0,Dry Forecast,Forecast dry. Recommend watering soon; pump stays OFF because ML_CONTROL_MODE=recommend.,Forecast Dry,,"Forecast Dry,DRY;TELEGRAM_COOLDOWN:Forecast Dry,DRY",OK
2026-06-19 12:31:25,32.0,55.0,20.0,24.0,-4.0,2.1,24.0,24.1,24.6,22.7,-0.0,DRY,ON,20.0,20.0,20.0,Dry Forecast,Forecast dry. Recommend watering soon; pump stays OFF because ML_CONTROL_MODE=recommend.,Forecast Dry,,"Forecast Dry,DRY;TELEGRAM_SENT:Forecast Dry,DRY",OK
2026-06-19 12:31:31,32.0,55.0,20.0,24.0,-4.0,2.1,24.0,24.1,24.6,22.7,-0.0,DRY,ON,20.0,20.0,20.0,Dry Forecast,Forecast dry. Recommend watering soon; pump stays OFF because ML_CONTROL_MODE=recommend.,Forecast Dry,,"Forecast Dry,DRY;TELEGRAM_COOLDOWN:Forecast Dry,DRY",OK
2026-06-19 12:31:38,32.0,55.0,20.0,24.0,-4.0,2.1,24.0,24.1,24.6,22.7,-0.0,DRY,ON,20.0,20.0,20.0,Dry Forecast,Forecast dry. Recommend watering soon; pump stays OFF because ML_CONTROL_MODE=recommend.,Forecast Dry,,"Forecast Dry,DRY;TELEGRAM_SENT:Forecast Dry,DRY",OK
2026-06-19 12:31:44,32.0,55.0,20.0,24.0,-4.0,2.1,24.0,24.1,24.6,22.7,-0.0,DRY,ON,20.0,20.0,20.0,Dry Forecast,Forecast dry. Recommend watering soon; pump stays OFF because ML_CONTROL_MODE=recommend.,Forecast Dry,,"Forecast Dry,DRY;TELEGRAM_COOLDOWN:Forecast Dry,DRY",OK
2026-06-19 12:31:49,32.0,55.0,20.0,24.0,-4.0,2.1,24.0,24.1,24.6,22.7,-0.0,DRY,ON,20.0,20.0,20.0,Dry Forecast,Forecast dry. Recommend watering soon; pump stays OFF because ML_CONTROL_MODE=recommend.,Forecast Dry,,"Forecast Dry,DRY;TELEGRAM_SENT:Forecast Dry,DRY",OK
2026-06-19 12:31:55,32.0,55.0,20.0,24.0,-4.0,2.1,24.0,24.1,24.6,22.7,-0.0,DRY,ON,20.0,20.0,20.0,Dry Forecast,Forecast dry. Recommend watering soon; pump stays OFF because ML_CONTROL_MODE=recommend.,Forecast Dry,,"Forecast Dry,DRY;TELEGRAM_COOLDOWN:Forecast Dry,DRY",OK
2026-06-19 12:32:00,32.0,55.0,20.0,24.0,-4.0,2.1,24.0,24.1,24.6,22.7,-0.0,DRY,ON,20.0,20.0,20.0,Dry Forecast,Forecast dry. Recommend watering soon; pump stays OFF because ML_CONTROL_MODE=recommend.,Forecast Dry,,"Forecast Dry,DRY;TELEGRAM_SENT:Forecast Dry,DRY",OK
2026-06-19 12:32:06,32.0,55.0,20.0,24.0,-4.0,2.1,24.0,24.1,24.6,22.7,-0.0,DRY,ON,20.0,20.0,20.0,Dry Forecast,Forecast dry. Recommend watering soon; pump stays OFF because ML_CONTROL_MODE=recommend.,Forecast Dry,,"Forecast Dry,DRY;TELEGRAM_COOLDOWN:Forecast Dry,DRY",OK
2026-06-19 12:32:13,32.0,55.0,20.0,24.0,-4.0,2.1,24.0,24.1,24.6,22.7,-0.0,DRY,ON,20.0,20.0,20.0,Dry Forecast,Forecast dry. Recommend watering soon; pump stays OFF because ML_CONTROL_MODE=recommend.,Forecast Dry,,"Forecast Dry,DRY;TELEGRAM_SENT:Forecast Dry,DRY",OK
2026-06-19 12:32:19,32.0,55.0,20.0,24.0,-4.0,2.1,24.0,24.1,24.6,22.7,-0.0,DRY,ON,20.0,20.0,20.0,Dry Forecast,Forecast dry. Recommend watering soon; pump stays OFF because ML_CONTROL_MODE=recommend.,Forecast Dry,,"Forecast Dry,DRY;TELEGRAM_COOLDOWN:Forecast Dry,DRY",OK
2026-06-19 12:32:24,32.0,55.0,20.0,24.0,-4.0,2.1,24.0,24.1,24.6,22.7,-0.0,DRY,ON,20.0,20.0,20.0,Dry Forecast,Forecast dry. Recommend watering soon; pump stays OFF because ML_CONTROL_MODE=recommend.,Forecast Dry,,"Forecast Dry,DRY;TELEGRAM_SENT:Forecast Dry,DRY",OK
2026-06-19 12:32:30,32.0,55.0,20.0,24.0,-4.0,2.1,24.0,24.1,24.6,22.7,-0.0,DRY,ON,20.0,20.0,20.0,Dry Forecast,Forecast dry. Recommend watering soon; pump stays OFF because ML_CONTROL_MODE=recommend.,Forecast Dry,,"Forecast Dry,DRY;TELEGRAM_COOLDOWN:Forecast Dry,DRY",OK
2026-06-19 12:32:35,32.0,55.0,20.0,24.0,-4.0,2.1,24.0,24.1,24.6,22.7,-0.0,DRY,ON,20.0,20.0,20.0,Dry Forecast,Forecast dry. Recommend watering soon; pump stays OFF because ML_CONTROL_MODE=recommend.,Forecast Dry,,"Forecast Dry,DRY;TELEGRAM_SENT:Forecast Dry,DRY",OK
2026-06-19 12:32:41,32.0,55.0,20.0,24.0,-4.0,2.1,24.0,24.1,24.6,22.7,-0.0,DRY,ON,20.0,20.0,20.0,Dry Forecast,Forecast dry. Recommend watering soon; pump stays OFF because ML_CONTROL_MODE=recommend.,Forecast Dry,,"Forecast Dry,DRY;TELEGRAM_COOLDOWN:Forecast Dry,DRY",OK
2026-06-19 12:32:48,32.0,55.0,20.0,24.0,-4.0,2.1,24.0,24.1,24.6,22.7,-0.0,DRY,ON,20.0,20.0,20.0,Dry Forecast,Forecast dry. Recommend watering soon; pump stays OFF because ML_CONTROL_MODE=recommend.,Forecast Dry,,"Forecast Dry,DRY;TELEGRAM_SENT:Forecast Dry,DRY",OK
2026-06-19 12:32:54,32.0,55.0,20.0,24.0,-4.0,2.1,24.0,24.1,24.6,22.7,-0.0,DRY,ON,20.0,20.0,20.0,Dry Forecast,Forecast dry. Recommend watering soon; pump stays OFF because ML_CONTROL_MODE=recommend.,Forecast Dry,,"Forecast Dry,DRY;TELEGRAM_COOLDOWN:Forecast Dry,DRY",OK
2026-06-19 12:32:59,32.0,55.0,20.0,24.0,-4.0,2.1,24.0,24.1,24.6,22.7,-0.0,DRY,ON,20.0,20.0,20.0,Dry Forecast,Forecast dry. Recommend watering soon; pump stays OFF because ML_CONTROL_MODE=recommend.,Forecast Dry,,"Forecast Dry,DRY;TELEGRAM_SENT:Forecast Dry,DRY",OK
2026-06-19 12:33:05,32.0,55.0,20.0,24.0,-4.0,2.1,24.0,24.1,24.6,22.7,-0.0,DRY,ON,20.0,20.0,20.0,Dry Forecast,Forecast dry. Recommend watering soon; pump stays OFF because ML_CONTROL_MODE=recommend.,Forecast Dry,,"Forecast Dry,DRY;TELEGRAM_COOLDOWN:Forecast Dry,DRY",OK
2026-06-19 12:33:10,32.0,55.0,20.0,24.0,-4.0,2.1,24.0,24.1,24.6,22.7,-0.0,DRY,ON,20.0,20.0,20.0,Dry Forecast,Forecast dry. Recommend watering soon; pump stays OFF because ML_CONTROL_MODE=recommend.,Forecast Dry,,"Forecast Dry,DRY;TELEGRAM_SENT:Forecast Dry,DRY",OK
2026-06-19 12:33:16,32.0,55.0,20.0,24.0,-4.0,2.1,24.0,24.1,24.6,22.7,-0.0,DRY,ON,20.0,20.0,20.0,Dry Forecast,Forecast dry. Recommend watering soon; pump stays OFF because ML_CONTROL_MODE=recommend.,Forecast Dry,,"Forecast Dry,DRY;TELEGRAM_COOLDOWN:Forecast Dry,DRY",OK
2026-06-19 12:33:23,32.0,55.0,20.0,24.0,-4.0,2.1,24.0,24.1,24.6,22.7,-0.0,DRY,ON,20.0,20.0,20.0,Dry Forecast,Forecast dry. Recommend watering soon; pump stays OFF because ML_CONTROL_MODE=recommend.,Forecast Dry,,"Forecast Dry,DRY;TELEGRAM_SENT:Forecast Dry,DRY",OK
2026-06-19 12:33:29,32.0,55.0,20.0,24.0,-4.0,2.1,24.0,24.1,24.6,22.7,-0.0,DRY,ON,20.0,20.0,20.0,Dry Forecast,Forecast dry. Recommend watering soon; pump stays OFF because ML_CONTROL_MODE=recommend.,Forecast Dry,,"Forecast Dry,DRY;TELEGRAM_COOLDOWN:Forecast Dry,DRY",OK
2026-06-19 12:33:34,32.0,55.0,20.0,24.0,-4.0,2.1,24.0,24.1,24.6,22.7,-0.0,DRY,ON,20.0,20.0,20.0,Dry Forecast,Forecast dry. Recommend watering soon; pump stays OFF because ML_CONTROL_MODE=recommend.,Forecast Dry,,"Forecast Dry,DRY;TELEGRAM_SENT:Forecast Dry,DRY",OK
2026-06-19 12:33:40,32.0,55.0,20.0,24.0,-4.0,2.1,24.0,24.1,24.6,22.7,-0.0,DRY,ON,20.0,20.0,20.0,Dry Forecast,Forecast dry. Recommend watering soon; pump stays OFF because ML_CONTROL_MODE=recommend.,Forecast Dry,,"Forecast Dry,DRY;TELEGRAM_COOLDOWN:Forecast Dry,DRY",OK
2026-06-19 12:33:45,32.0,55.0,20.0,24.0,-4.0,2.1,24.0,24.1,24.6,22.7,-0.0,DRY,ON,20.0,20.0,20.0,Dry Forecast,Forecast dry. Recommend watering soon; pump stays OFF because ML_CONTROL_MODE=recommend.,Forecast Dry,,"Forecast Dry,DRY;TELEGRAM_SENT:Forecast Dry,DRY",OK
2026-06-19 12:33:51,32.0,55.0,20.0,24.0,-4.0,2.1,24.0,24.1,24.6,22.7,-0.0,DRY,ON,20.0,20.0,20.0,Dry Forecast,Forecast dry. Recommend watering soon; pump stays OFF because ML_CONTROL_MODE=recommend.,Forecast Dry,,"Forecast Dry,DRY;TELEGRAM_COOLDOWN:Forecast Dry,DRY",OK
2026-06-19 12:33:58,32.0,55.0,20.0,24.0,-4.0,2.1,24.0,24.1,24.6,22.7,-0.0,DRY,ON,20.0,20.0,20.0,Dry Forecast,Forecast dry. Recommend watering soon; pump stays OFF because ML_CONTROL_MODE=recommend.,Forecast Dry,,"Forecast Dry,DRY;TELEGRAM_SENT:Forecast Dry,DRY",OK
2026-06-19 12:34:04,32.0,55.0,20.0,24.0,-4.0,2.1,24.0,24.1,24.6,22.7,-0.0,DRY,ON,20.0,20.0,20.0,Dry Forecast,Forecast dry. Recommend watering soon; pump stays OFF because ML_CONTROL_MODE=recommend.,Forecast Dry,,"Forecast Dry,DRY;TELEGRAM_COOLDOWN:Forecast Dry,DRY",OK
2026-06-19 12:34:09,32.0,55.0,20.0,24.0,-4.0,2.1,24.0,24.1,24.6,22.7,-0.0,DRY,ON,20.0,20.0,20.0,Dry Forecast,Forecast dry. Recommend watering soon; pump stays OFF because ML_CONTROL_MODE=recommend.,Forecast Dry,,"Forecast Dry,DRY;TELEGRAM_SENT:Forecast Dry,DRY",OK
2026-06-19 12:34:15,32.0,55.0,20.0,24.0,-4.0,2.1,24.0,24.1,24.6,22.7,-0.0,DRY,ON,20.0,20.0,20.0,Dry Forecast,Forecast dry. Recommend watering soon; pump stays OFF because ML_CONTROL_MODE=recommend.,Forecast Dry,,"Forecast Dry,DRY;TELEGRAM_COOLDOWN:Forecast Dry,DRY",OK
2026-06-19 12:34:20,32.0,55.0,20.0,24.0,-4.0,2.1,24.0,24.1,24.6,22.7,-0.0,DRY,ON,20.0,20.0,20.0,Dry Forecast,Forecast dry. Recommend watering soon; pump stays OFF because ML_CONTROL_MODE=recommend.,Forecast Dry,,"Forecast Dry,DRY;TELEGRAM_SENT:Forecast Dry,DRY",OK
2026-06-19 12:34:28,32.0,55.0,20.0,24.0,-4.0,2.1,24.0,24.1,24.6,22.7,-0.0,DRY,ON,20.0,20.0,20.0,Dry Forecast,Forecast dry. Recommend watering soon; pump stays OFF because ML_CONTROL_MODE=recommend.,Forecast Dry,,"Forecast Dry,DRY;TELEGRAM_COOLDOWN:Forecast Dry,DRY",OK
2026-06-19 12:34:33,32.0,55.0,20.0,24.0,-4.0,2.1,24.0,24.1,24.6,22.7,-0.0,DRY,ON,20.0,20.0,20.0,Dry Forecast,Forecast dry. Recommend watering soon; pump stays OFF because ML_CONTROL_MODE=recommend.,Forecast Dry,,"Forecast Dry,DRY;TELEGRAM_SENT:Forecast Dry,DRY",OK
2026-06-19 12:34:39,32.0,55.0,20.0,24.0,-4.0,2.1,24.0,24.1,24.6,22.7,-0.0,DRY,ON,20.0,20.0,20.0,Dry Forecast,Forecast dry. Recommend watering soon; pump stays OFF because ML_CONTROL_MODE=recommend.,Forecast Dry,,"Forecast Dry,DRY;TELEGRAM_COOLDOWN:Forecast Dry,DRY",OK
2026-06-19 12:34:44,32.0,55.0,20.0,24.0,-4.0,2.1,24.0,24.1,24.6,22.7,-0.0,DRY,ON,20.0,20.0,20.0,Dry Forecast,Forecast dry. Recommend watering soon; pump stays OFF because ML_CONTROL_MODE=recommend.,Forecast Dry,,"Forecast Dry,DRY;TELEGRAM_SENT:Forecast Dry,DRY",OK
2026-06-19 12:34:50,32.0,55.0,20.0,24.0,-4.0,2.1,24.0,24.1,24.6,22.7,-0.0,DRY,ON,20.0,20.0,20.0,Dry Forecast,Forecast dry. Recommend watering soon; pump stays OFF because ML_CONTROL_MODE=recommend.,Forecast Dry,,"Forecast Dry,DRY;TELEGRAM_COOLDOWN:Forecast Dry,DRY",OK
2026-06-19 12:34:55,32.0,55.0,20.0,24.0,-4.0,2.1,24.0,24.1,24.6,22.7,-0.0,DRY,ON,20.0,20.0,20.0,Dry Forecast,Forecast dry. Recommend watering soon; pump stays OFF because ML_CONTROL_MODE=recommend.,Forecast Dry,,"Forecast Dry,DRY;TELEGRAM_SENT:Forecast Dry,DRY",OK
2026-06-19 12:35:03,32.0,55.0,20.0,24.0,-4.0,2.1,24.0,24.1,24.6,22.7,-0.0,DRY,ON,20.0,20.0,20.0,Dry Forecast,Forecast dry. Recommend watering soon; pump stays OFF because ML_CONTROL_MODE=recommend.,Forecast Dry,,"Forecast Dry,DRY;TELEGRAM_COOLDOWN:Forecast Dry,DRY",OK
2026-06-19 12:35:08,32.0,55.0,20.0,24.0,-4.0,2.1,24.0,24.1,24.6,22.7,-0.0,DRY,ON,20.0,20.0,20.0,Dry Forecast,Forecast dry. Recommend watering soon; pump stays OFF because ML_CONTROL_MODE=recommend.,Forecast Dry,,"Forecast Dry,DRY;TELEGRAM_SENT:Forecast Dry,DRY",OK
2026-06-19 12:35:13,32.0,55.0,20.0,24.0,-4.0,2.1,24.0,24.1,24.6,22.7,-0.0,DRY,ON,20.0,20.0,20.0,Dry Forecast,Forecast dry. Recommend watering soon; pump stays OFF because ML_CONTROL_MODE=recommend.,Forecast Dry,,"Forecast Dry,DRY;TELEGRAM_COOLDOWN:Forecast Dry,DRY",OK
2026-06-19 12:35:18,32.0,55.0,20.0,24.0,-4.0,2.1,24.0,24.1,24.6,22.7,-0.0,DRY,ON,20.0,20.0,20.0,Dry Forecast,Forecast dry. Recommend watering soon; pump stays OFF because ML_CONTROL_MODE=recommend.,Forecast Dry,,"Forecast Dry,DRY;TELEGRAM_SENT:Forecast Dry,DRY",OK
2026-06-19 12:35:25,32.0,55.0,20.0,24.0,-4.0,2.1,24.0,24.1,24.6,22.7,-0.0,DRY,ON,20.0,20.0,20.0,Dry Forecast,Forecast dry. Recommend watering soon; pump stays OFF because ML_CONTROL_MODE=recommend.,Forecast Dry,,"Forecast Dry,DRY;TELEGRAM_COOLDOWN:Forecast Dry,DRY",OK
2026-06-19 12:35:30,32.0,55.0,20.0,24.0,-4.0,2.1,24.0,24.1,24.6,22.7,-0.0,DRY,ON,20.0,20.0,20.0,Dry Forecast,Forecast dry. Recommend watering soon; pump stays OFF because ML_CONTROL_MODE=recommend.,Forecast Dry,,"Forecast Dry,DRY;TELEGRAM_SENT:Forecast Dry,DRY",OK
2026-06-19 12:35:38,32.0,55.0,20.0,24.0,-4.0,2.1,24.0,24.1,24.6,22.7,-0.0,DRY,ON,20.0,20.0,20.0,Dry Forecast,Forecast dry. Recommend watering soon; pump stays OFF because ML_CONTROL_MODE=recommend.,Forecast Dry,,"Forecast Dry,DRY;TELEGRAM_COOLDOWN:Forecast Dry,DRY",OK
2026-06-19 12:35:43,32.0,55.0,20.0,24.0,-4.0,2.1,24.0,24.1,24.6,22.7,-0.0,DRY,ON,20.0,20.0,20.0,Dry Forecast,Forecast dry. Recommend watering soon; pump stays OFF because ML_CONTROL_MODE=recommend.,Forecast Dry,,"Forecast Dry,DRY;TELEGRAM_SENT:Forecast Dry,DRY",OK
2026-06-19 12:35:49,32.0,55.0,20.0,24.0,-4.0,2.1,24.0,24.1,24.6,22.7,-0.0,DRY,ON,20.0,20.0,20.0,Dry Forecast,Forecast dry. Recommend watering soon; pump stays OFF because ML_CONTROL_MODE=recommend.,Forecast Dry,,"Forecast Dry,DRY;TELEGRAM_COOLDOWN:Forecast Dry,DRY",OK
2026-06-19 12:35:54,32.0,55.0,20.0,24.0,-4.0,2.1,24.0,24.1,24.6,22.7,-0.0,DRY,ON,20.0,20.0,20.0,Dry Forecast,Forecast dry. Recommend watering soon; pump stays OFF because ML_CONTROL_MODE=recommend.,Forecast Dry,,"Forecast Dry,DRY;TELEGRAM_SENT:Forecast Dry,DRY",OK
2026-06-19 12:36:00,32.0,55.0,20.0,24.0,-4.0,2.1,24.0,24.1,24.6,22.7,-0.0,DRY,ON,20.0,20.0,20.0,Dry Forecast,Forecast dry. Recommend watering soon; pump stays OFF because ML_CONTROL_MODE=recommend.,Forecast Dry,,"Forecast Dry,DRY;TELEGRAM_COOLDOWN:Forecast Dry,DRY",OK
2026-06-19 12:36:05,32.0,55.0,20.0,24.0,-4.0,2.1,24.0,24.1,24.6,22.7,-0.0,DRY,ON,20.0,20.0,20.0,Dry Forecast,Forecast dry. Recommend watering soon; pump stays OFF because ML_CONTROL_MODE=recommend.,Forecast Dry,,"Forecast Dry,DRY;TELEGRAM_SENT:Forecast Dry,DRY",OK
2026-06-19 12:36:13,32.0,55.0,20.0,24.0,-4.0,2.1,24.0,24.1,24.6,22.7,-0.0,DRY,ON,20.0,20.0,20.0,Dry Forecast,Forecast dry. Recommend watering soon; pump stays OFF because ML_CONTROL_MODE=recommend.,Forecast Dry,,"Forecast Dry,DRY;TELEGRAM_COOLDOWN:Forecast Dry,DRY",OK
2026-06-19 12:36:18,32.0,55.0,20.0,24.0,-4.0,2.1,24.0,24.1,24.6,22.7,-0.0,DRY,ON,20.0,20.0,20.0,Dry Forecast,Forecast dry. Recommend watering soon; pump stays OFF because ML_CONTROL_MODE=recommend.,Forecast Dry,,"Forecast Dry,DRY;TELEGRAM_SENT:Forecast Dry,DRY",OK
2026-06-19 12:36:24,32.0,55.0,20.0,24.0,-4.0,2.1,24.0,24.1,24.6,22.7,-0.0,DRY,ON,20.0,20.0,20.0,Dry Forecast,Forecast dry. Recommend watering soon; pump stays OFF because ML_CONTROL_MODE=recommend.,Forecast Dry,,"Forecast Dry,DRY;TELEGRAM_COOLDOWN:Forecast Dry,DRY",OK
2026-06-19 12:36:29,32.0,55.0,20.0,24.0,-4.0,2.1,24.0,24.1,24.6,22.7,-0.0,DRY,ON,20.0,20.0,20.0,Dry Forecast,Forecast dry. Recommend watering soon; pump stays OFF because ML_CONTROL_MODE=recommend.,Forecast Dry,,"Forecast Dry,DRY;TELEGRAM_SENT:Forecast Dry,DRY",OK
2026-06-19 12:36:35,32.0,55.0,20.0,24.0,-4.0,2.1,24.0,24.1,24.6,22.7,-0.0,DRY,ON,20.0,20.0,20.0,Dry Forecast,Forecast dry. Recommend watering soon; pump stays OFF because ML_CONTROL_MODE=recommend.,Forecast Dry,,"Forecast Dry,DRY;TELEGRAM_COOLDOWN:Forecast Dry,DRY",OK
2026-06-19 12:36:40,32.0,55.0,20.0,24.0,-4.0,2.1,24.0,24.1,24.6,22.7,-0.0,DRY,ON,20.0,20.0,20.0,Dry Forecast,Forecast dry. Recommend watering soon; pump stays OFF because ML_CONTROL_MODE=recommend.,Forecast Dry,,"Forecast Dry,DRY;TELEGRAM_SENT:Forecast Dry,DRY",OK
2026-06-19 12:36:48,32.0,55.0,20.0,24.0,-4.0,2.1,24.0,24.1,24.6,22.7,-0.0,DRY,ON,20.0,20.0,20.0,Dry Forecast,Forecast dry. Recommend watering soon; pump stays OFF because ML_CONTROL_MODE=recommend.,Forecast Dry,,"Forecast Dry,DRY;TELEGRAM_COOLDOWN:Forecast Dry,DRY",OK
2026-06-19 12:36:53,32.0,55.0,20.0,24.0,-4.0,2.1,24.0,24.1,24.6,22.7,-0.0,DRY,ON,20.0,20.0,20.0,Dry Forecast,Forecast dry. Recommend watering soon; pump stays OFF because ML_CONTROL_MODE=recommend.,Forecast Dry,,"Forecast Dry,DRY;TELEGRAM_SENT:Forecast Dry,DRY",OK
2026-06-19 12:36:59,32.0,55.0,20.0,24.0,-4.0,2.1,24.0,24.1,24.6,22.7,-0.0,DRY,ON,20.0,20.0,20.0,Dry Forecast,Forecast dry. Recommend watering soon; pump stays OFF because ML_CONTROL_MODE=recommend.,Forecast Dry,,"Forecast Dry,DRY;TELEGRAM_COOLDOWN:Forecast Dry,DRY",OK
2026-06-19 12:37:04,32.0,55.0,20.0,24.0,-4.0,2.1,24.0,24.1,24.6,22.7,-0.0,DRY,ON,20.0,20.0,20.0,Dry Forecast,Forecast dry. Recommend watering soon; pump stays OFF because ML_CONTROL_MODE=recommend.,Forecast Dry,,"Forecast Dry,DRY;TELEGRAM_SENT:Forecast Dry,DRY",OK
2026-06-19 12:37:10,32.0,55.0,20.0,24.0,-4.0,2.1,24.0,24.1,24.6,22.7,-0.0,DRY,ON,20.0,20.0,20.0,Dry Forecast,Forecast dry. Recommend watering soon; pump stays OFF because ML_CONTROL_MODE=recommend.,Forecast Dry,,"Forecast Dry,DRY;TELEGRAM_COOLDOWN:Forecast Dry,DRY",OK
2026-06-19 12:37:15,32.0,55.0,20.0,24.0,-4.0,2.1,24.0,24.1,24.6,22.7,-0.0,DRY,ON,20.0,20.0,20.0,Dry Forecast,Forecast dry. Recommend watering soon; pump stays OFF because ML_CONTROL_MODE=recommend.,Forecast Dry,,"Forecast Dry,DRY;TELEGRAM_SENT:Forecast Dry,DRY",OK
2026-06-19 12:37:23,32.0,55.0,20.0,24.0,-4.0,2.1,24.0,24.1,24.6,22.7,-0.0,DRY,ON,20.0,20.0,20.0,Dry Forecast,Forecast dry. Recommend watering soon; pump stays OFF because ML_CONTROL_MODE=recommend.,Forecast Dry,,"Forecast Dry,DRY;TELEGRAM_COOLDOWN:Forecast Dry,DRY",OK
2026-06-19 12:37:28,32.0,55.0,20.0,24.0,-4.0,2.1,24.0,24.1,24.6,22.7,-0.0,DRY,ON,20.0,20.0,20.0,Dry Forecast,Forecast dry. Recommend watering soon; pump stays OFF because ML_CONTROL_MODE=recommend.,Forecast Dry,,"Forecast Dry,DRY;TELEGRAM_SENT:Forecast Dry,DRY",OK
2026-06-19 12:37:34,32.0,55.0,20.0,24.0,-4.0,2.1,24.0,24.1,24.6,22.7,-0.0,DRY,ON,20.0,20.0,20.0,Dry Forecast,Forecast dry. Recommend watering soon; pump stays OFF because ML_CONTROL_MODE=recommend.,Forecast Dry,,"Forecast Dry,DRY;TELEGRAM_COOLDOWN:Forecast Dry,DRY",OK
2026-06-19 12:37:39,32.0,55.0,20.0,24.0,-4.0,2.1,24.0,24.1,24.6,22.7,-0.0,DRY,ON,20.0,20.0,20.0,Dry Forecast,Forecast dry. Recommend watering soon; pump stays OFF because ML_CONTROL_MODE=recommend.,Forecast Dry,,"Forecast Dry,DRY;TELEGRAM_SENT:Forecast Dry,DRY",OK
2026-06-19 12:37:45,32.0,55.0,20.0,24.0,-4.0,2.1,24.0,24.1,24.6,22.7,-0.0,DRY,ON,20.0,20.0,20.0,Dry Forecast,Forecast dry. Recommend watering soon; pump stays OFF because ML_CONTROL_MODE=recommend.,Forecast Dry,,"Forecast Dry,DRY;TELEGRAM_COOLDOWN:Forecast Dry,DRY",OK
2026-06-19 12:37:50,32.0,55.0,20.0,24.0,-4.0,2.1,24.0,24.1,24.6,22.7,-0.0,DRY,ON,20.0,20.0,20.0,Dry Forecast,Forecast dry. Recommend watering soon; pump stays OFF because ML_CONTROL_MODE=recommend.,Forecast Dry,,"Forecast Dry,DRY;TELEGRAM_SENT:Forecast Dry,DRY",OK
2026-06-19 12:37:58,32.0,55.0,20.0,24.0,-4.0,2.1,24.0,24.1,24.6,22.7,-0.0,DRY,ON,20.0,20.0,20.0,Dry Forecast,Forecast dry. Recommend watering soon; pump stays OFF because ML_CONTROL_MODE=recommend.,Forecast Dry,,"Forecast Dry,DRY;TELEGRAM_COOLDOWN:Forecast Dry,DRY",OK
2026-06-19 12:38:03,32.0,55.0,20.0,24.0,-4.0,2.1,24.0,24.1,24.6,22.7,-0.0,DRY,ON,20.0,20.0,20.0,Dry Forecast,Forecast dry. Recommend watering soon; pump stays OFF because ML_CONTROL_MODE=recommend.,Forecast Dry,,"Forecast Dry,DRY;TELEGRAM_SENT:Forecast Dry,DRY",OK
2026-06-19 12:38:09,32.0,55.0,20.0,24.0,-4.0,2.1,24.0,24.1,24.6,22.7,-0.0,DRY,ON,20.0,20.0,20.0,Dry Forecast,Forecast dry. Recommend watering soon; pump stays OFF because ML_CONTROL_MODE=recommend.,Forecast Dry,,"Forecast Dry,DRY;TELEGRAM_COOLDOWN:Forecast Dry,DRY",OK
2026-06-19 12:38:14,32.0,55.0,20.0,24.0,-4.0,2.1,24.0,24.1,24.6,22.7,-0.0,DRY,ON,20.0,20.0,20.0,Dry Forecast,Forecast dry. Recommend watering soon; pump stays OFF because ML_CONTROL_MODE=recommend.,Forecast Dry,,"Forecast Dry,DRY;TELEGRAM_SENT:Forecast Dry,DRY",OK
2026-06-19 12:38:20,32.0,55.0,20.0,24.0,-4.0,2.1,24.0,24.1,24.6,22.7,-0.0,DRY,ON,20.0,20.0,20.0,Dry Forecast,Forecast dry. Recommend watering soon; pump stays OFF because ML_CONTROL_MODE=recommend.,Forecast Dry,,"Forecast Dry,DRY;TELEGRAM_COOLDOWN:Forecast Dry,DRY",OK
2026-06-19 12:38:25,32.0,55.0,20.0,24.0,-4.0,2.1,24.0,24.1,24.6,22.7,-0.0,DRY,ON,20.0,20.0,20.0,Dry Forecast,Forecast dry. Recommend watering soon; pump stays OFF because ML_CONTROL_MODE=recommend.,Forecast Dry,,"Forecast Dry,DRY;TELEGRAM_SENT:Forecast Dry,DRY",OK
2026-06-19 12:38:33,32.0,55.0,20.0,24.0,-4.0,2.1,24.0,24.1,24.6,22.7,-0.0,DRY,ON,20.0,20.0,20.0,Dry Forecast,Forecast dry. Recommend watering soon; pump stays OFF because ML_CONTROL_MODE=recommend.,Forecast Dry,,"Forecast Dry,DRY;TELEGRAM_COOLDOWN:Forecast Dry,DRY",OK
2026-06-19 12:38:38,32.0,55.0,20.0,24.0,-4.0,2.1,24.0,24.1,24.6,22.7,-0.0,DRY,ON,20.0,20.0,20.0,Dry Forecast,Forecast dry. Recommend watering soon; pump stays OFF because ML_CONTROL_MODE=recommend.,Forecast Dry,,"Forecast Dry,DRY;TELEGRAM_SENT:Forecast Dry,DRY",OK
2026-06-19 12:38:44,32.0,55.0,20.0,24.0,-4.0,2.1,24.0,24.1,24.6,22.7,-0.0,DRY,ON,20.0,20.0,20.0,Dry Forecast,Forecast dry. Recommend watering soon; pump stays OFF because ML_CONTROL_MODE=recommend.,Forecast Dry,,"Forecast Dry,DRY;TELEGRAM_COOLDOWN:Forecast Dry,DRY",OK
2026-06-19 12:38:49,32.0,55.0,20.0,24.0,-4.0,2.1,24.0,24.1,24.6,22.7,-0.0,DRY,ON,20.0,20.0,20.0,Dry Forecast,Forecast dry. Recommend watering soon; pump stays OFF because ML_CONTROL_MODE=recommend.,Forecast Dry,,"Forecast Dry,DRY;TELEGRAM_SENT:Forecast Dry,DRY",OK
2026-06-19 12:38:54,32.0,55.0,20.0,24.0,-4.0,2.1,24.0,24.1,24.6,22.7,-0.0,DRY,ON,20.0,20.0,20.0,Dry Forecast,Forecast dry. Recommend watering soon; pump stays OFF because ML_CONTROL_MODE=recommend.,Forecast Dry,,"Forecast Dry,DRY;TELEGRAM_COOLDOWN:Forecast Dry,DRY",OK
2026-06-19 12:38:59,32.0,55.0,20.0,24.0,-4.0,2.1,24.0,24.1,24.6,22.7,-0.0,DRY,ON,20.0,20.0,20.0,Dry Forecast,Forecast dry. Recommend watering soon; pump stays OFF because ML_CONTROL_MODE=recommend.,Forecast Dry,,"Forecast Dry,DRY;TELEGRAM_SENT:Forecast Dry,DRY",OK
2026-06-19 12:39:07,32.0,55.0,20.0,24.0,-4.0,2.1,24.0,24.1,24.6,22.7,-0.0,DRY,ON,20.0,20.0,20.0,Dry Forecast,Forecast dry. Recommend watering soon; pump stays OFF because ML_CONTROL_MODE=recommend.,Forecast Dry,,"Forecast Dry,DRY;TELEGRAM_COOLDOWN:Forecast Dry,DRY",OK
2026-06-19 12:39:12,32.0,55.0,20.0,24.0,-4.0,2.1,24.0,24.1,24.6,22.7,-0.0,DRY,ON,20.0,20.0,20.0,Dry Forecast,Forecast dry. Recommend watering soon; pump stays OFF because ML_CONTROL_MODE=recommend.,Forecast Dry,,"Forecast Dry,DRY;TELEGRAM_SENT:Forecast Dry,DRY",OK
2026-06-19 12:39:18,32.0,55.0,20.0,24.0,-4.0,2.1,24.0,24.1,24.6,22.7,-0.0,DRY,ON,20.0,20.0,20.0,Dry Forecast,Forecast dry. Recommend watering soon; pump stays OFF because ML_CONTROL_MODE=recommend.,Forecast Dry,,"Forecast Dry,DRY;TELEGRAM_COOLDOWN:Forecast Dry,DRY",OK
2026-06-19 12:39:24,32.0,55.0,20.0,24.0,-4.0,2.1,24.0,24.1,24.6,22.7,-0.0,DRY,ON,20.0,20.0,20.0,Dry Forecast,Forecast dry. Recommend watering soon; pump stays OFF because ML_CONTROL_MODE=recommend.,Forecast Dry,,"Forecast Dry,DRY;TELEGRAM_SENT:Forecast Dry,DRY",OK
2026-06-19 12:39:29,32.0,55.0,20.0,24.0,-4.0,2.1,24.0,24.1,24.6,22.7,-0.0,DRY,ON,20.0,20.0,20.0,Dry Forecast,Forecast dry. Recommend watering soon; pump stays OFF because ML_CONTROL_MODE=recommend.,Forecast Dry,,"Forecast Dry,DRY;TELEGRAM_COOLDOWN:Forecast Dry,DRY",OK
2026-06-19 12:39:34,32.0,55.0,20.0,24.0,-4.0,2.1,24.0,24.1,24.6,22.7,-0.0,DRY,ON,20.0,20.0,20.0,Dry Forecast,Forecast dry. Recommend watering soon; pump stays OFF because ML_CONTROL_MODE=recommend.,Forecast Dry,,"Forecast Dry,DRY;TELEGRAM_SENT:Forecast Dry,DRY",OK
2026-06-19 12:39:42,32.0,55.0,20.0,24.0,-4.0,2.1,24.0,24.1,24.6,22.7,-0.0,DRY,ON,20.0,20.0,20.0,Dry Forecast,Forecast dry. Recommend watering soon; pump stays OFF because ML_CONTROL_MODE=recommend.,Forecast Dry,,"Forecast Dry,DRY;TELEGRAM_COOLDOWN:Forecast Dry,DRY",OK
2026-06-19 12:39:47,32.0,55.0,20.0,24.0,-4.0,2.1,24.0,24.1,24.6,22.7,-0.0,DRY,ON,20.0,20.0,20.0,Dry Forecast,Forecast dry. Recommend watering soon; pump stays OFF because ML_CONTROL_MODE=recommend.,Forecast Dry,,"Forecast Dry,DRY;TELEGRAM_SENT:Forecast Dry,DRY",OK
2026-06-19 12:39:53,32.0,55.0,20.0,24.0,-4.0,2.1,24.0,24.1,24.6,22.7,-0.0,DRY,ON,20.0,20.0,20.0,Dry Forecast,Forecast dry. Recommend watering soon; pump stays OFF because ML_CONTROL_MODE=recommend.,Forecast Dry,,"Forecast Dry,DRY;TELEGRAM_COOLDOWN:Forecast Dry,DRY",OK
2026-06-19 12:39:58,32.0,55.0,20.0,24.0,-4.0,2.1,24.0,24.1,24.6,22.7,-0.0,DRY,ON,20.0,20.0,20.0,Dry Forecast,Forecast dry. Recommend watering soon; pump stays OFF because ML_CONTROL_MODE=recommend.,Forecast Dry,,"Forecast Dry,DRY;TELEGRAM_SENT:Forecast Dry,DRY",OK
2026-06-19 12:40:04,32.0,55.0,20.0,24.0,-4.0,2.1,24.0,24.1,24.6,22.7,-0.0,DRY,ON,20.0,20.0,20.0,Dry Forecast,Forecast dry. Recommend watering soon; pump stays OFF because ML_CONTROL_MODE=recommend.,Forecast Dry,,"Forecast Dry,DRY;TELEGRAM_COOLDOWN:Forecast Dry,DRY",OK
2026-06-19 12:40:11,32.0,55.0,20.0,24.0,-4.0,2.1,24.0,24.1,24.6,22.7,-0.0,DRY,ON,20.0,20.0,20.0,Dry Forecast,Forecast dry. Recommend watering soon; pump stays OFF because ML_CONTROL_MODE=recommend.,Forecast Dry,,"Forecast Dry,DRY;TELEGRAM_SENT:Forecast Dry,DRY",OK
2026-06-19 12:40:17,32.0,55.0,20.0,24.0,-4.0,2.1,24.0,24.1,24.6,22.7,-0.0,DRY,ON,20.0,20.0,20.0,Dry Forecast,Forecast dry. Recommend watering soon; pump stays OFF because ML_CONTROL_MODE=recommend.,Forecast Dry,,"Forecast Dry,DRY;TELEGRAM_COOLDOWN:Forecast Dry,DRY",OK
2026-06-19 12:40:22,32.0,55.0,20.0,24.0,-4.0,2.1,24.0,24.1,24.6,22.7,-0.0,DRY,ON,20.0,20.0,20.0,Dry Forecast,Forecast dry. Recommend watering soon; pump stays OFF because ML_CONTROL_MODE=recommend.,Forecast Dry,,"Forecast Dry,DRY;TELEGRAM_SENT:Forecast Dry,DRY",OK
2026-06-19 12:40:28,32.0,55.0,20.0,24.0,-4.0,2.1,24.0,24.1,24.6,22.7,-0.0,DRY,ON,20.0,20.0,20.0,Dry Forecast,Forecast dry. Recommend watering soon; pump stays OFF because ML_CONTROL_MODE=recommend.,Forecast Dry,,"Forecast Dry,DRY;TELEGRAM_COOLDOWN:Forecast Dry,DRY",OK
2026-06-19 12:40:33,32.0,55.0,20.0,24.0,-4.0,2.1,24.0,24.1,24.6,22.7,-0.0,DRY,ON,20.0,20.0,20.0,Dry Forecast,Forecast dry. Recommend watering soon; pump stays OFF because ML_CONTROL_MODE=recommend.,Forecast Dry,,"Forecast Dry,DRY;TELEGRAM_SENT:Forecast Dry,DRY",OK
2026-06-19 12:40:39,32.0,55.0,20.0,24.0,-4.0,2.1,24.0,24.1,24.6,22.7,-0.0,DRY,ON,20.0,20.0,20.0,Dry Forecast,Forecast dry. Recommend watering soon; pump stays OFF because ML_CONTROL_MODE=recommend.,Forecast Dry,,"Forecast Dry,DRY;TELEGRAM_COOLDOWN:Forecast Dry,DRY",OK
2026-06-19 12:40:47,32.0,55.0,20.0,24.0,-4.0,2.1,24.0,24.1,24.6,22.7,-0.0,DRY,ON,20.0,20.0,20.0,Dry Forecast,Forecast dry. Recommend watering soon; pump stays OFF because ML_CONTROL_MODE=recommend.,Forecast Dry,,"Forecast Dry,DRY;TELEGRAM_SENT:Forecast Dry,DRY",OK
2026-06-19 12:40:52,32.0,55.0,20.0,24.0,-4.0,2.1,24.0,24.1,24.6,22.7,-0.0,DRY,ON,20.0,20.0,20.0,Dry Forecast,Forecast dry. Recommend watering soon; pump stays OFF because ML_CONTROL_MODE=recommend.,Forecast Dry,,"Forecast Dry,DRY;TELEGRAM_COOLDOWN:Forecast Dry,DRY",OK
2026-06-19 12:40:57,32.0,55.0,20.0,24.0,-4.0,2.1,24.0,24.1,24.6,22.7,-0.0,DRY,ON,20.0,20.0,20.0,Dry Forecast,Forecast dry. Recommend watering soon; pump stays OFF because ML_CONTROL_MODE=recommend.,Forecast Dry,,"Forecast Dry,DRY;TELEGRAM_SENT:Forecast Dry,DRY",OK
2026-06-19 12:41:03,32.0,55.0,20.0,24.0,-4.0,2.1,24.0,24.1,24.6,22.7,-0.0,DRY,ON,20.0,20.0,20.0,Dry Forecast,Forecast dry. Recommend watering soon; pump stays OFF because ML_CONTROL_MODE=recommend.,Forecast Dry,,"Forecast Dry,DRY;TELEGRAM_COOLDOWN:Forecast Dry,DRY",OK
2026-06-19 12:41:08,32.0,55.0,20.0,24.0,-4.0,2.1,24.0,24.1,24.6,22.7,-0.0,DRY,ON,20.0,20.0,20.0,Dry Forecast,Forecast dry. Recommend watering soon; pump stays OFF because ML_CONTROL_MODE=recommend.,Forecast Dry,,"Forecast Dry,DRY;TELEGRAM_SENT:Forecast Dry,DRY",OK
2026-06-19 12:41:14,32.0,55.0,20.0,24.0,-4.0,2.1,24.0,24.1,24.6,22.7,-0.0,DRY,ON,20.0,20.0,20.0,Dry Forecast,Forecast dry. Recommend watering soon; pump stays OFF because ML_CONTROL_MODE=recommend.,Forecast Dry,,"Forecast Dry,DRY;TELEGRAM_COOLDOWN:Forecast Dry,DRY",OK
2026-06-19 12:41:21,32.0,55.0,20.0,24.0,-4.0,2.1,24.0,24.1,24.6,22.7,-0.0,DRY,ON,20.0,20.0,20.0,Dry Forecast,Forecast dry. Recommend watering soon; pump stays OFF because ML_CONTROL_MODE=recommend.,Forecast Dry,,"Forecast Dry,DRY;TELEGRAM_SENT:Forecast Dry,DRY",OK
2026-06-19 12:41:27,32.0,55.0,20.0,24.0,-4.0,2.1,24.0,24.1,24.6,22.7,-0.0,DRY,ON,20.0,20.0,20.0,Dry Forecast,Forecast dry. Recommend watering soon; pump stays OFF because ML_CONTROL_MODE=recommend.,Forecast Dry,,"Forecast Dry,DRY;TELEGRAM_COOLDOWN:Forecast Dry,DRY",OK
2026-06-19 12:41:32,32.0,55.0,20.0,24.0,-4.0,2.1,24.0,24.1,24.6,22.7,-0.0,DRY,ON,20.0,20.0,20.0,Dry Forecast,Forecast dry. Recommend watering soon; pump stays OFF because ML_CONTROL_MODE=recommend.,Forecast Dry,,"Forecast Dry,DRY;TELEGRAM_SENT:Forecast Dry,DRY",OK
2026-06-19 12:41:38,32.0,55.0,20.0,24.0,-4.0,2.1,24.0,24.1,24.6,22.7,-0.0,DRY,ON,20.0,20.0,20.0,Dry Forecast,Forecast dry. Recommend watering soon; pump stays OFF because ML_CONTROL_MODE=recommend.,Forecast Dry,,"Forecast Dry,DRY;TELEGRAM_COOLDOWN:Forecast Dry,DRY",OK
2026-06-19 12:41:43,32.0,55.0,20.0,24.0,-4.0,2.1,24.0,24.1,24.6,22.7,-0.0,DRY,ON,20.0,20.0,20.0,Dry Forecast,Forecast dry. Recommend watering soon; pump stays OFF because ML_CONTROL_MODE=recommend.,Forecast Dry,,"Forecast Dry,DRY;TELEGRAM_SENT:Forecast Dry,DRY",OK
2026-06-19 12:41:49,32.0,55.0,20.0,24.0,-4.0,2.1,24.0,24.1,24.6,22.7,-0.0,DRY,ON,20.0,20.0,20.0,Dry Forecast,Forecast dry. Recommend watering soon; pump stays OFF because ML_CONTROL_MODE=recommend.,Forecast Dry,,"Forecast Dry,DRY;TELEGRAM_COOLDOWN:Forecast Dry,DRY",OK
2026-06-19 12:41:57,32.0,55.0,20.0,24.0,-4.0,2.1,24.0,24.1,24.6,22.7,-0.0,DRY,ON,20.0,20.0,20.0,Dry Forecast,Forecast dry. Recommend watering soon; pump stays OFF because ML_CONTROL_MODE=recommend.,Forecast Dry,,"Forecast Dry,DRY;TELEGRAM_SENT:Forecast Dry,DRY",OK
2026-06-19 12:42:03,32.0,55.0,20.0,24.0,-4.0,2.1,24.0,24.1,24.6,22.7,-0.0,DRY,ON,20.0,20.0,20.0,Dry Forecast,Forecast dry. Recommend watering soon; pump stays OFF because ML_CONTROL_MODE=recommend.,Forecast Dry,,"Forecast Dry,DRY;TELEGRAM_COOLDOWN:Forecast Dry,DRY",OK
2026-06-19 12:42:08,32.0,55.0,20.0,24.0,-4.0,2.1,24.0,24.1,24.6,22.7,-0.0,DRY,ON,20.0,20.0,20.0,Dry Forecast,Forecast dry. Recommend watering soon; pump stays OFF because ML_CONTROL_MODE=recommend.,Forecast Dry,,"Forecast Dry,DRY;TELEGRAM_SENT:Forecast Dry,DRY",OK
2026-06-19 12:42:14,32.0,55.0,20.0,24.0,-4.0,2.1,24.0,24.1,24.6,22.7,-0.0,DRY,ON,20.0,20.0,20.0,Dry Forecast,Forecast dry. Recommend watering soon; pump stays OFF because ML_CONTROL_MODE=recommend.,Forecast Dry,,"Forecast Dry,DRY;TELEGRAM_COOLDOWN:Forecast Dry,DRY",OK
2026-06-19 12:42:19,32.0,55.0,20.0,24.0,-4.0,2.1,24.0,24.1,24.6,22.7,-0.0,DRY,ON,20.0,20.0,20.0,Dry Forecast,Forecast dry. Recommend watering soon; pump stays OFF because ML_CONTROL_MODE=recommend.,Forecast Dry,,"Forecast Dry,DRY;TELEGRAM_SENT:Forecast Dry,DRY",OK
2026-06-19 12:42:25,32.0,55.0,20.0,24.0,-4.0,2.1,24.0,24.1,24.6,22.7,-0.0,DRY,ON,20.0,20.0,20.0,Dry Forecast,Forecast dry. Recommend watering soon; pump stays OFF because ML_CONTROL_MODE=recommend.,Forecast Dry,,"Forecast Dry,DRY;TELEGRAM_COOLDOWN:Forecast Dry,DRY",OK
2026-06-19 12:42:32,32.0,55.0,20.0,24.0,-4.0,2.1,24.0,24.1,24.6,22.7,-0.0,DRY,ON,20.0,20.0,20.0,Dry Forecast,Forecast dry. Recommend watering soon; pump stays OFF because ML_CONTROL_MODE=recommend.,Forecast Dry,,"Forecast Dry,DRY;TELEGRAM_SENT:Forecast Dry,DRY",OK
2026-06-19 12:42:38,32.0,55.0,20.0,24.0,-4.0,2.1,24.0,24.1,24.6,22.7,-0.0,DRY,ON,20.0,20.0,20.0,Dry Forecast,Forecast dry. Recommend watering soon; pump stays OFF because ML_CONTROL_MODE=recommend.,Forecast Dry,,"Forecast Dry,DRY;TELEGRAM_COOLDOWN:Forecast Dry,DRY",OK
2026-06-19 12:42:43,32.0,55.0,20.0,24.0,-4.0,2.1,24.0,24.1,24.6,22.7,-0.0,DRY,ON,20.0,20.0,20.0,Dry Forecast,Forecast dry. Recommend watering soon; pump stays OFF because ML_CONTROL_MODE=recommend.,Forecast Dry,,"Forecast Dry,DRY;TELEGRAM_SENT:Forecast Dry,DRY",OK
2026-06-19 12:42:49,32.0,55.0,20.0,24.0,-4.0,2.1,24.0,24.1,24.6,22.7,-0.0,DRY,ON,20.0,20.0,20.0,Dry Forecast,Forecast dry. Recommend watering soon; pump stays OFF because ML_CONTROL_MODE=recommend.,Forecast Dry,,"Forecast Dry,DRY;TELEGRAM_COOLDOWN:Forecast Dry,DRY",OK
2026-06-19 12:42:54,32.0,55.0,20.0,24.0,-4.0,2.1,24.0,24.1,24.6,22.7,-0.0,DRY,ON,20.0,20.0,20.0,Dry Forecast,Forecast dry. Recommend watering soon; pump stays OFF because ML_CONTROL_MODE=recommend.,Forecast Dry,,"Forecast Dry,DRY;TELEGRAM_SENT:Forecast Dry,DRY",OK
2026-06-19 12:43:00,32.0,55.0,20.0,24.0,-4.0,2.1,24.0,24.1,24.6,22.7,-0.0,DRY,ON,20.0,20.0,20.0,Dry Forecast,Forecast dry. Recommend watering soon; pump stays OFF because ML_CONTROL_MODE=recommend.,Forecast Dry,,"Forecast Dry,DRY;TELEGRAM_COOLDOWN:Forecast Dry,DRY",OK
2026-06-19 12:43:08,32.0,55.0,20.0,24.0,-4.0,2.1,24.0,24.1,24.6,22.7,-0.0,DRY,ON,20.0,20.0,20.0,Dry Forecast,Forecast dry. Recommend watering soon; pump stays OFF because ML_CONTROL_MODE=recommend.,Forecast Dry,,"Forecast Dry,DRY;TELEGRAM_SENT:Forecast Dry,DRY",OK
2026-06-19 12:43:13,32.0,55.0,20.0,24.0,-4.0,2.1,24.0,24.1,24.6,22.7,-0.0,DRY,ON,20.0,20.0,20.0,Dry Forecast,Forecast dry. Recommend watering soon; pump stays OFF because ML_CONTROL_MODE=recommend.,Forecast Dry,,"Forecast Dry,DRY;TELEGRAM_COOLDOWN:Forecast Dry,DRY",OK
2026-06-19 12:43:18,32.0,55.0,20.0,24.0,-4.0,2.1,24.0,24.1,24.6,22.7,-0.0,DRY,ON,20.0,20.0,20.0,Dry Forecast,Forecast dry. Recommend watering soon; pump stays OFF because ML_CONTROL_MODE=recommend.,Forecast Dry,,"Forecast Dry,DRY;TELEGRAM_SENT:Forecast Dry,DRY",OK
2026-06-19 12:43:24,32.0,55.0,20.0,24.0,-4.0,2.1,24.0,24.1,24.6,22.7,-0.0,DRY,ON,20.0,20.0,20.0,Dry Forecast,Forecast dry. Recommend watering soon; pump stays OFF because ML_CONTROL_MODE=recommend.,Forecast Dry,,"Forecast Dry,DRY;TELEGRAM_COOLDOWN:Forecast Dry,DRY",OK
2026-06-19 12:43:29,32.0,55.0,20.0,24.0,-4.0,2.1,24.0,24.1,24.6,22.7,-0.0,DRY,ON,20.0,20.0,20.0,Dry Forecast,Forecast dry. Recommend watering soon; pump stays OFF because ML_CONTROL_MODE=recommend.,Forecast Dry,,"Forecast Dry,DRY;TELEGRAM_SENT:Forecast Dry,DRY",OK
2026-06-19 12:43:35,32.0,55.0,20.0,24.0,-4.0,2.1,24.0,24.1,24.6,22.7,-0.0,DRY,ON,20.0,20.0,20.0,Dry Forecast,Forecast dry. Recommend watering soon; pump stays OFF because ML_CONTROL_MODE=recommend.,Forecast Dry,,"Forecast Dry,DRY;TELEGRAM_COOLDOWN:Forecast Dry,DRY",OK
2026-06-19 12:43:43,32.0,55.0,20.0,24.0,-4.0,2.1,24.0,24.1,24.6,22.7,-0.0,DRY,ON,20.0,20.0,20.0,Dry Forecast,Forecast dry. Recommend watering soon; pump stays OFF because ML_CONTROL_MODE=recommend.,Forecast Dry,,"Forecast Dry,DRY;TELEGRAM_SENT:Forecast Dry,DRY",OK
2026-06-19 12:43:49,32.0,55.0,20.0,24.0,-4.0,2.1,24.0,24.1,24.6,22.7,-0.0,DRY,ON,20.0,20.0,20.0,Dry Forecast,Forecast dry. Recommend watering soon; pump stays OFF because ML_CONTROL_MODE=recommend.,Forecast Dry,,"Forecast Dry,DRY;TELEGRAM_COOLDOWN:Forecast Dry,DRY",OK
2026-06-19 12:43:54,32.0,55.0,20.0,24.0,-4.0,2.1,24.0,24.1,24.6,22.7,-0.0,DRY,ON,20.0,20.0,20.0,Dry Forecast,Forecast dry. Recommend watering soon; pump stays OFF because ML_CONTROL_MODE=recommend.,Forecast Dry,,"Forecast Dry,DRY;TELEGRAM_SENT:Forecast Dry,DRY",OK
2026-06-19 12:44:00,32.0,55.0,20.0,24.0,-4.0,2.1,24.0,24.1,24.6,22.7,-0.0,DRY,ON,20.0,20.0,20.0,Dry Forecast,Forecast dry. Recommend watering soon; pump stays OFF because ML_CONTROL_MODE=recommend.,Forecast Dry,,"Forecast Dry,DRY;TELEGRAM_COOLDOWN:Forecast Dry,DRY",OK
2026-06-19 12:44:05,32.0,55.0,20.0,24.0,-4.0,2.1,24.0,24.1,24.6,22.7,-0.0,DRY,ON,20.0,20.0,20.0,Dry Forecast,Forecast dry. Recommend watering soon; pump stays OFF because ML_CONTROL_MODE=recommend.,Forecast Dry,,"Forecast Dry,DRY;TELEGRAM_SENT:Forecast Dry,DRY",OK
2026-06-19 12:44:10,32.0,55.0,20.0,24.0,-4.0,2.1,24.0,24.1,24.6,22.7,-0.0,DRY,ON,20.0,20.0,20.0,Dry Forecast,Forecast dry. Recommend watering soon; pump stays OFF because ML_CONTROL_MODE=recommend.,Forecast Dry,,"Forecast Dry,DRY;TELEGRAM_COOLDOWN:Forecast Dry,DRY",OK
2026-06-19 12:44:18,32.0,55.0,20.0,24.0,-4.0,2.1,24.0,24.1,24.6,22.7,-0.0,DRY,ON,20.0,20.0,20.0,Dry Forecast,Forecast dry. Recommend watering soon; pump stays OFF because ML_CONTROL_MODE=recommend.,Forecast Dry,,"Forecast Dry,DRY;TELEGRAM_SENT:Forecast Dry,DRY",OK
2026-06-19 12:44:24,32.0,55.0,20.0,24.0,-4.0,2.1,24.0,24.1,24.6,22.7,-0.0,DRY,ON,20.0,20.0,20.0,Dry Forecast,Forecast dry. Recommend watering soon; pump stays OFF because ML_CONTROL_MODE=recommend.,Forecast Dry,,"Forecast Dry,DRY;TELEGRAM_COOLDOWN:Forecast Dry,DRY",OK
2026-06-19 12:44:29,32.0,55.0,20.0,24.0,-4.0,2.1,24.0,24.1,24.6,22.7,-0.0,DRY,ON,20.0,20.0,20.0,Dry Forecast,Forecast dry. Recommend watering soon; pump stays OFF because ML_CONTROL_MODE=recommend.,Forecast Dry,,"Forecast Dry,DRY;TELEGRAM_SENT:Forecast Dry,DRY",OK
2026-06-19 12:44:36,32.0,55.0,20.0,24.0,-4.0,2.1,24.0,24.1,24.6,22.7,-0.0,DRY,ON,20.0,20.0,20.0,Dry Forecast,Forecast dry. Recommend watering soon; pump stays OFF because ML_CONTROL_MODE=recommend.,Forecast Dry,,"Forecast Dry,DRY;TELEGRAM_COOLDOWN:Forecast Dry,DRY",OK
2026-06-19 12:44:41,32.0,55.0,20.0,24.0,-4.0,2.1,24.0,24.1,24.6,22.7,-0.0,DRY,ON,20.0,20.0,20.0,Dry Forecast,Forecast dry. Recommend watering soon; pump stays OFF because ML_CONTROL_MODE=recommend.,Forecast Dry,,"Forecast Dry,DRY;TELEGRAM_SENT:Forecast Dry,DRY",OK
2026-06-19 12:44:46,32.0,55.0,20.0,24.0,-4.0,2.1,24.0,24.1,24.6,22.7,-0.0,DRY,ON,20.0,20.0,20.0,Dry Forecast,Forecast dry. Recommend watering soon; pump stays OFF because ML_CONTROL_MODE=recommend.,Forecast Dry,,"Forecast Dry,DRY;TELEGRAM_COOLDOWN:Forecast Dry,DRY",OK
2026-06-19 12:44:54,32.0,55.0,20.0,24.0,-4.0,2.1,24.0,24.1,24.6,22.7,-0.0,DRY,ON,20.0,20.0,20.0,Dry Forecast,Forecast dry. Recommend watering soon; pump stays OFF because ML_CONTROL_MODE=recommend.,Forecast Dry,,"Forecast Dry,DRY;TELEGRAM_SENT:Forecast Dry,DRY",OK
2026-06-19 12:45:00,32.0,55.0,20.0,24.0,-4.0,2.1,24.0,24.1,24.6,22.7,-0.0,DRY,ON,20.0,20.0,20.0,Dry Forecast,Forecast dry. Recommend watering soon; pump stays OFF because ML_CONTROL_MODE=recommend.,Forecast Dry,,"Forecast Dry,DRY;TELEGRAM_COOLDOWN:Forecast Dry,DRY",OK
2026-06-19 12:45:05,32.0,55.0,20.0,24.0,-4.0,2.1,24.0,24.1,24.6,22.7,-0.0,DRY,ON,20.0,20.0,20.0,Dry Forecast,Forecast dry. Recommend watering soon; pump stays OFF because ML_CONTROL_MODE=recommend.,Forecast Dry,,"Forecast Dry,DRY;TELEGRAM_SENT:Forecast Dry,DRY",OK
2026-06-19 12:45:11,32.0,55.0,20.0,24.0,-4.0,2.1,24.0,24.1,24.6,22.7,-0.0,DRY,ON,20.0,20.0,20.0,Dry Forecast,Forecast dry. Recommend watering soon; pump stays OFF because ML_CONTROL_MODE=recommend.,Forecast Dry,,"Forecast Dry,DRY;TELEGRAM_COOLDOWN:Forecast Dry,DRY",OK
2026-06-19 12:45:16,32.0,55.0,20.0,24.0,-4.0,2.1,24.0,24.1,24.6,22.7,-0.0,DRY,ON,20.0,20.0,20.0,Dry Forecast,Forecast dry. Recommend watering soon; pump stays OFF because ML_CONTROL_MODE=recommend.,Forecast Dry,,"Forecast Dry,DRY;TELEGRAM_SENT:Forecast Dry,DRY",OK
2026-06-19 12:45:22,32.0,55.0,20.0,24.0,-4.0,2.1,24.0,24.1,24.6,22.7,-0.0,DRY,ON,20.0,20.0,20.0,Dry Forecast,Forecast dry. Recommend watering soon; pump stays OFF because ML_CONTROL_MODE=recommend.,Forecast Dry,,"Forecast Dry,DRY;TELEGRAM_COOLDOWN:Forecast Dry,DRY",OK
2026-06-19 12:45:30,32.0,55.0,20.0,24.0,-4.0,2.1,24.0,24.1,24.6,22.7,-0.0,DRY,ON,20.0,20.0,20.0,Dry Forecast,Forecast dry. Recommend watering soon; pump stays OFF because ML_CONTROL_MODE=recommend.,Forecast Dry,,"Forecast Dry,DRY;TELEGRAM_SENT:Forecast Dry,DRY",OK
2026-06-19 12:45:36,32.0,55.0,20.0,24.0,-4.0,2.1,24.0,24.1,24.6,22.7,-0.0,DRY,ON,20.0,20.0,20.0,Dry Forecast,Forecast dry. Recommend watering soon; pump stays OFF because ML_CONTROL_MODE=recommend.,Forecast Dry,,"Forecast Dry,DRY;TELEGRAM_COOLDOWN:Forecast Dry,DRY",OK
2026-06-19 12:45:41,32.0,55.0,20.0,24.0,-4.0,2.1,24.0,24.1,24.6,22.7,-0.0,DRY,ON,20.0,20.0,20.0,Dry Forecast,Forecast dry. Recommend watering soon; pump stays OFF because ML_CONTROL_MODE=recommend.,Forecast Dry,,"Forecast Dry,DRY;TELEGRAM_SENT:Forecast Dry,DRY",OK
2026-06-19 12:45:47,32.0,55.0,20.0,24.0,-4.0,2.1,24.0,24.1,24.6,22.7,-0.0,DRY,ON,20.0,20.0,20.0,Dry Forecast,Forecast dry. Recommend watering soon; pump stays OFF because ML_CONTROL_MODE=recommend.,Forecast Dry,,"Forecast Dry,DRY;TELEGRAM_COOLDOWN:Forecast Dry,DRY",OK
2026-06-19 12:45:52,32.0,55.0,20.0,24.0,-4.0,2.1,24.0,24.1,24.6,22.7,-0.0,DRY,ON,20.0,20.0,20.0,Dry Forecast,Forecast dry. Recommend watering soon; pump stays OFF because ML_CONTROL_MODE=recommend.,Forecast Dry,,"Forecast Dry,DRY;TELEGRAM_SENT:Forecast Dry,DRY",OK
2026-06-19 12:45:58,32.0,55.0,20.0,24.0,-4.0,2.1,24.0,24.1,24.6,22.7,-0.0,DRY,ON,20.0,20.0,20.0,Dry Forecast,Forecast dry. Recommend watering soon; pump stays OFF because ML_CONTROL_MODE=recommend.,Forecast Dry,,"Forecast Dry,DRY;TELEGRAM_COOLDOWN:Forecast Dry,DRY",OK
2026-06-19 12:46:06,32.0,55.0,20.0,24.0,-4.0,2.1,24.0,24.1,24.6,22.7,-0.0,DRY,ON,20.0,20.0,20.0,Dry Forecast,Forecast dry. Recommend watering soon; pump stays OFF because ML_CONTROL_MODE=recommend.,Forecast Dry,,"Forecast Dry,DRY;TELEGRAM_SENT:Forecast Dry,DRY",OK
2026-06-19 12:46:12,32.0,55.0,20.0,24.0,-4.0,2.1,24.0,24.1,24.6,22.7,-0.0,DRY,ON,20.0,20.0,20.0,Dry Forecast,Forecast dry. Recommend watering soon; pump stays OFF because ML_CONTROL_MODE=recommend.,Forecast Dry,,"Forecast Dry,DRY;TELEGRAM_COOLDOWN:Forecast Dry,DRY",OK
2026-06-19 12:46:17,32.0,55.0,20.0,24.0,-4.0,2.1,24.0,24.1,24.6,22.7,-0.0,DRY,ON,20.0,20.0,20.0,Dry Forecast,Forecast dry. Recommend watering soon; pump stays OFF because ML_CONTROL_MODE=recommend.,Forecast Dry,,"Forecast Dry,DRY;TELEGRAM_SENT:Forecast Dry,DRY",OK
2026-06-19 12:46:23,32.0,55.0,20.0,24.0,-4.0,2.1,24.0,24.1,24.6,22.7,-0.0,DRY,ON,20.0,20.0,20.0,Dry Forecast,Forecast dry. Recommend watering soon; pump stays OFF because ML_CONTROL_MODE=recommend.,Forecast Dry,,"Forecast Dry,DRY;TELEGRAM_COOLDOWN:Forecast Dry,DRY",OK
2026-06-19 12:46:28,32.0,55.0,20.0,24.0,-4.0,2.1,24.0,24.1,24.6,22.7,-0.0,DRY,ON,20.0,20.0,20.0,Dry Forecast,Forecast dry. Recommend watering soon; pump stays OFF because ML_CONTROL_MODE=recommend.,Forecast Dry,,"Forecast Dry,DRY;TELEGRAM_SENT:Forecast Dry,DRY",OK
2026-06-19 12:46:37,32.0,55.0,20.0,24.0,-4.0,2.1,24.0,24.1,24.6,22.7,-0.0,DRY,ON,20.0,20.0,20.0,Dry Forecast,Forecast dry. Recommend watering soon; pump stays OFF because ML_CONTROL_MODE=recommend.,Forecast Dry,,"Forecast Dry,DRY;TELEGRAM_COOLDOWN:Forecast Dry,DRY",OK
2026-06-19 12:46:42,32.0,55.0,20.0,24.0,-4.0,2.1,24.0,24.1,24.6,22.7,-0.0,DRY,ON,20.0,20.0,20.0,Dry Forecast,Forecast dry. Recommend watering soon; pump stays OFF because ML_CONTROL_MODE=recommend.,Forecast Dry,,"Forecast Dry,DRY;TELEGRAM_SENT:Forecast Dry,DRY",OK
2026-06-19 12:46:47,32.0,55.0,20.0,24.0,-4.0,2.1,24.0,24.1,24.6,22.7,-0.0,DRY,ON,20.0,20.0,20.0,Dry Forecast,Forecast dry. Recommend watering soon; pump stays OFF because ML_CONTROL_MODE=recommend.,Forecast Dry,,"Forecast Dry,DRY;TELEGRAM_COOLDOWN:Forecast Dry,DRY",OK
2026-06-19 12:46:52,32.0,55.0,20.0,24.0,-4.0,2.1,24.0,24.1,24.6,22.7,-0.0,DRY,ON,20.0,20.0,20.0,Dry Forecast,Forecast dry. Recommend watering soon; pump stays OFF because ML_CONTROL_MODE=recommend.,Forecast Dry,,"Forecast Dry,DRY;TELEGRAM_SENT:Forecast Dry,DRY",OK
2026-06-19 12:46:59,32.0,55.0,20.0,24.0,-4.0,2.1,24.0,24.1,24.6,22.7,-0.0,DRY,ON,20.0,20.0,20.0,Dry Forecast,Forecast dry. Recommend watering soon; pump stays OFF because ML_CONTROL_MODE=recommend.,Forecast Dry,,"Forecast Dry,DRY;TELEGRAM_COOLDOWN:Forecast Dry,DRY",OK
2026-06-19 12:47:04,32.0,55.0,20.0,24.0,-4.0,2.1,24.0,24.1,24.6,22.7,-0.0,DRY,ON,20.0,20.0,20.0,Dry Forecast,Forecast dry. Recommend watering soon; pump stays OFF because ML_CONTROL_MODE=recommend.,Forecast Dry,,"Forecast Dry,DRY;TELEGRAM_SENT:Forecast Dry,DRY",OK
2026-06-19 12:47:12,32.0,55.0,20.0,24.0,-4.0,2.1,24.0,24.1,24.6,22.7,-0.0,DRY,ON,20.0,20.0,20.0,Dry Forecast,Forecast dry. Recommend watering soon; pump stays OFF because ML_CONTROL_MODE=recommend.,Forecast Dry,,"Forecast Dry,DRY;TELEGRAM_COOLDOWN:Forecast Dry,DRY",OK
2026-06-19 12:47:17,32.0,55.0,20.0,24.0,-4.0,2.1,24.0,24.1,24.6,22.7,-0.0,DRY,ON,20.0,20.0,20.0,Dry Forecast,Forecast dry. Recommend watering soon; pump stays OFF because ML_CONTROL_MODE=recommend.,Forecast Dry,,"Forecast Dry,DRY;TELEGRAM_SENT:Forecast Dry,DRY",OK
2026-06-19 12:47:23,32.0,55.0,20.0,24.0,-4.0,2.1,24.0,24.1,24.6,22.7,-0.0,DRY,ON,20.0,20.0,20.0,Dry Forecast,Forecast dry. Recommend watering soon; pump stays OFF because ML_CONTROL_MODE=recommend.,Forecast Dry,,"Forecast Dry,DRY;TELEGRAM_COOLDOWN:Forecast Dry,DRY",OK
2026-06-19 12:47:28,32.0,55.0,20.0,24.0,-4.0,2.1,24.0,24.1,24.6,22.7,-0.0,DRY,ON,20.0,20.0,20.0,Dry Forecast,Forecast dry. Recommend watering soon; pump stays OFF because ML_CONTROL_MODE=recommend.,Forecast Dry,,"Forecast Dry,DRY;TELEGRAM_SENT:Forecast Dry,DRY",OK
2026-06-19 12:47:34,32.0,55.0,20.0,24.0,-4.0,2.1,24.0,24.1,24.6,22.7,-0.0,DRY,ON,20.0,20.0,20.0,Dry Forecast,Forecast dry. Recommend watering soon; pump stays OFF because ML_CONTROL_MODE=recommend.,Forecast Dry,,"Forecast Dry,DRY;TELEGRAM_COOLDOWN:Forecast Dry,DRY",OK
2026-06-19 12:47:39,32.0,55.0,20.0,24.0,-4.0,2.1,24.0,24.1,24.6,22.7,-0.0,DRY,ON,20.0,20.0,20.0,Dry Forecast,Forecast dry. Recommend watering soon; pump stays OFF because ML_CONTROL_MODE=recommend.,Forecast Dry,,"Forecast Dry,DRY;TELEGRAM_SENT:Forecast Dry,DRY",OK
2026-06-19 12:47:48,32.0,55.0,20.0,24.0,-4.0,2.1,24.0,24.1,24.6,22.7,-0.0,DRY,ON,20.0,20.0,20.0,Dry Forecast,Forecast dry. Recommend watering soon; pump stays OFF because ML_CONTROL_MODE=recommend.,Forecast Dry,,"Forecast Dry,DRY;TELEGRAM_COOLDOWN:Forecast Dry,DRY",OK
2026-06-19 12:47:53,32.0,55.0,20.0,24.0,-4.0,2.1,24.0,24.1,24.6,22.7,-0.0,DRY,ON,20.0,20.0,20.0,Dry Forecast,Forecast dry. Recommend watering soon; pump stays OFF because ML_CONTROL_MODE=recommend.,Forecast Dry,,"Forecast Dry,DRY;TELEGRAM_SENT:Forecast Dry,DRY",OK
2026-06-19 12:47:59,32.0,55.0,20.0,24.0,-4.0,2.1,24.0,24.1,24.6,22.7,-0.0,DRY,ON,20.0,20.0,20.0,Dry Forecast,Forecast dry. Recommend watering soon; pump stays OFF because ML_CONTROL_MODE=recommend.,Forecast Dry,,"Forecast Dry,DRY;TELEGRAM_COOLDOWN:Forecast Dry,DRY",OK
2026-06-19 12:48:04,32.0,55.0,20.0,24.0,-4.0,2.1,24.0,24.1,24.6,22.7,-0.0,DRY,ON,20.0,20.0,20.0,Dry Forecast,Forecast dry. Recommend watering soon; pump stays OFF because ML_CONTROL_MODE=recommend.,Forecast Dry,,"Forecast Dry,DRY;TELEGRAM_SENT:Forecast Dry,DRY",OK
2026-06-19 12:48:10,32.0,55.0,20.0,24.0,-4.0,2.1,24.0,24.1,24.6,22.7,-0.0,DRY,ON,20.0,20.0,20.0,Dry Forecast,Forecast dry. Recommend watering soon; pump stays OFF because ML_CONTROL_MODE=recommend.,Forecast Dry,,"Forecast Dry,DRY;TELEGRAM_COOLDOWN:Forecast Dry,DRY",OK
2026-06-19 12:48:15,32.0,55.0,20.0,24.0,-4.0,2.1,24.0,24.1,24.6,22.7,-0.0,DRY,ON,20.0,20.0,20.0,Dry Forecast,Forecast dry. Recommend watering soon; pump stays OFF because ML_CONTROL_MODE=recommend.,Forecast Dry,,"Forecast Dry,DRY;TELEGRAM_SENT:Forecast Dry,DRY",OK
2026-06-19 12:48:23,32.0,55.0,20.0,24.0,-4.0,2.1,24.0,24.1,24.6,22.7,-0.0,DRY,ON,20.0,20.0,20.0,Dry Forecast,Forecast dry. Recommend watering soon; pump stays OFF because ML_CONTROL_MODE=recommend.,Forecast Dry,,"Forecast Dry,DRY;TELEGRAM_COOLDOWN:Forecast Dry,DRY",OK
2026-06-19 12:48:28,32.0,55.0,20.0,24.0,-4.0,2.1,24.0,24.1,24.6,22.7,-0.0,DRY,ON,20.0,20.0,20.0,Dry Forecast,Forecast dry. Recommend watering soon; pump stays OFF because ML_CONTROL_MODE=recommend.,Forecast Dry,,"Forecast Dry,DRY;TELEGRAM_SENT:Forecast Dry,DRY",OK
2026-06-19 12:48:34,32.0,55.0,20.0,24.0,-4.0,2.1,24.0,24.1,24.6,22.7,-0.0,DRY,ON,20.0,20.0,20.0,Dry Forecast,Forecast dry. Recommend watering soon; pump stays OFF because ML_CONTROL_MODE=recommend.,Forecast Dry,,"Forecast Dry,DRY;TELEGRAM_COOLDOWN:Forecast Dry,DRY",OK
2026-06-19 12:48:39,32.0,55.0,20.0,24.0,-4.0,2.1,24.0,24.1,24.6,22.7,-0.0,DRY,ON,20.0,20.0,20.0,Dry Forecast,Forecast dry. Recommend watering soon; pump stays OFF because ML_CONTROL_MODE=recommend.,Forecast Dry,,"Forecast Dry,DRY;TELEGRAM_SENT:Forecast Dry,DRY",OK
2026-06-19 12:48:45,32.0,55.0,20.0,24.0,-4.0,2.1,24.0,24.1,24.6,22.7,-0.0,DRY,ON,20.0,20.0,20.0,Dry Forecast,Forecast dry. Recommend watering soon; pump stays OFF because ML_CONTROL_MODE=recommend.,Forecast Dry,,"Forecast Dry,DRY;TELEGRAM_COOLDOWN:Forecast Dry,DRY",OK
2026-06-19 12:48:50,32.0,55.0,20.0,24.0,-4.0,2.1,24.0,24.1,24.6,22.7,-0.0,DRY,ON,20.0,20.0,20.0,Dry Forecast,Forecast dry. Recommend watering soon; pump stays OFF because ML_CONTROL_MODE=recommend.,Forecast Dry,,"Forecast Dry,DRY;TELEGRAM_SENT:Forecast Dry,DRY",OK
2026-06-19 12:48:58,32.0,55.0,20.0,24.0,-4.0,2.1,24.0,24.1,24.6,22.7,-0.0,DRY,ON,20.0,20.0,20.0,Dry Forecast,Forecast dry. Recommend watering soon; pump stays OFF because ML_CONTROL_MODE=recommend.,Forecast Dry,,"Forecast Dry,DRY;TELEGRAM_COOLDOWN:Forecast Dry,DRY",OK
2026-06-19 12:49:03,32.0,55.0,20.0,24.0,-4.0,2.1,24.0,24.1,24.6,22.7,-0.0,DRY,ON,20.0,20.0,20.0,Dry Forecast,Forecast dry. Recommend watering soon; pump stays OFF because ML_CONTROL_MODE=recommend.,Forecast Dry,,"Forecast Dry,DRY;TELEGRAM_SENT:Forecast Dry,DRY",OK
2026-06-19 12:49:09,32.0,55.0,20.0,24.0,-4.0,2.1,24.0,24.1,24.6,22.7,-0.0,DRY,ON,20.0,20.0,20.0,Dry Forecast,Forecast dry. Recommend watering soon; pump stays OFF because ML_CONTROL_MODE=recommend.,Forecast Dry,,"Forecast Dry,DRY;TELEGRAM_COOLDOWN:Forecast Dry,DRY",OK
2026-06-19 12:49:14,32.0,55.0,20.0,24.0,-4.0,2.1,24.0,24.1,24.6,22.7,-0.0,DRY,ON,20.0,20.0,20.0,Dry Forecast,Forecast dry. Recommend watering soon; pump stays OFF because ML_CONTROL_MODE=recommend.,Forecast Dry,,"Forecast Dry,DRY;TELEGRAM_SENT:Forecast Dry,DRY",OK
2026-06-19 12:49:20,32.0,55.0,20.0,24.0,-4.0,2.1,24.0,24.1,24.6,22.7,-0.0,DRY,ON,20.0,20.0,20.0,Dry Forecast,Forecast dry. Recommend watering soon; pump stays OFF because ML_CONTROL_MODE=recommend.,Forecast Dry,,"Forecast Dry,DRY;TELEGRAM_COOLDOWN:Forecast Dry,DRY",OK
2026-06-19 12:49:25,32.0,55.0,20.0,24.0,-4.0,2.1,24.0,24.1,24.6,22.7,-0.0,DRY,ON,20.0,20.0,20.0,Dry Forecast,Forecast dry. Recommend watering soon; pump stays OFF because ML_CONTROL_MODE=recommend.,Forecast Dry,,"Forecast Dry,DRY;TELEGRAM_SENT:Forecast Dry,DRY",OK
2026-06-19 12:49:33,32.0,55.0,20.0,24.0,-4.0,2.1,24.0,24.1,24.6,22.7,-0.0,DRY,ON,20.0,20.0,20.0,Dry Forecast,Forecast dry. Recommend watering soon; pump stays OFF because ML_CONTROL_MODE=recommend.,Forecast Dry,,"Forecast Dry,DRY;TELEGRAM_COOLDOWN:Forecast Dry,DRY",OK
2026-06-19 12:49:38,32.0,55.0,20.0,24.0,-4.0,2.1,24.0,24.1,24.6,22.7,-0.0,DRY,ON,20.0,20.0,20.0,Dry Forecast,Forecast dry. Recommend watering soon; pump stays OFF because ML_CONTROL_MODE=recommend.,Forecast Dry,,"Forecast Dry,DRY;TELEGRAM_SENT:Forecast Dry,DRY",OK
2026-06-19 12:49:44,32.0,55.0,20.0,24.0,-4.0,2.1,24.0,24.1,24.6,22.7,-0.0,DRY,ON,20.0,20.0,20.0,Dry Forecast,Forecast dry. Recommend watering soon; pump stays OFF because ML_CONTROL_MODE=recommend.,Forecast Dry,,"Forecast Dry,DRY;TELEGRAM_COOLDOWN:Forecast Dry,DRY",OK
2026-06-19 12:49:49,32.0,55.0,20.0,24.0,-4.0,2.1,24.0,24.1,24.6,22.7,-0.0,DRY,ON,20.0,20.0,20.0,Dry Forecast,Forecast dry. Recommend watering soon; pump stays OFF because ML_CONTROL_MODE=recommend.,Forecast Dry,,"Forecast Dry,DRY;TELEGRAM_SENT:Forecast Dry,DRY",OK
2026-06-19 12:49:55,32.0,55.0,20.0,24.0,-4.0,2.1,24.0,24.1,24.6,22.7,-0.0,DRY,ON,20.0,20.0,20.0,Dry Forecast,Forecast dry. Recommend watering soon; pump stays OFF because ML_CONTROL_MODE=recommend.,Forecast Dry,,"Forecast Dry,DRY;TELEGRAM_COOLDOWN:Forecast Dry,DRY",OK
2026-06-19 12:50:00,32.0,55.0,20.0,24.0,-4.0,2.1,24.0,24.1,24.6,22.7,-0.0,DRY,ON,20.0,20.0,20.0,Dry Forecast,Forecast dry. Recommend watering soon; pump stays OFF because ML_CONTROL_MODE=recommend.,Forecast Dry,,"Forecast Dry,DRY;TELEGRAM_SENT:Forecast Dry,DRY",OK
2026-06-19 12:50:08,32.0,55.0,20.0,24.0,-4.0,2.1,24.0,24.1,24.6,22.7,-0.0,DRY,ON,20.0,20.0,20.0,Dry Forecast,Forecast dry. Recommend watering soon; pump stays OFF because ML_CONTROL_MODE=recommend.,Forecast Dry,,"Forecast Dry,DRY;TELEGRAM_COOLDOWN:Forecast Dry,DRY",OK
2026-06-19 12:50:13,32.0,55.0,20.0,24.0,-4.0,2.1,24.0,24.1,24.6,22.7,-0.0,DRY,ON,20.0,20.0,20.0,Dry Forecast,Forecast dry. Recommend watering soon; pump stays OFF because ML_CONTROL_MODE=recommend.,Forecast Dry,,"Forecast Dry,DRY;TELEGRAM_SENT:Forecast Dry,DRY",OK
2026-06-19 12:50:19,32.0,55.0,20.0,24.0,-4.0,2.1,24.0,24.1,24.6,22.7,-0.0,DRY,ON,20.0,20.0,20.0,Dry Forecast,Forecast dry. Recommend watering soon; pump stays OFF because ML_CONTROL_MODE=recommend.,Forecast Dry,,"Forecast Dry,DRY;TELEGRAM_COOLDOWN:Forecast Dry,DRY",OK
2026-06-19 12:50:24,32.0,55.0,20.0,24.0,-4.0,2.1,24.0,24.1,24.6,22.7,-0.0,DRY,ON,20.0,20.0,20.0,Dry Forecast,Forecast dry. Recommend watering soon; pump stays OFF because ML_CONTROL_MODE=recommend.,Forecast Dry,,"Forecast Dry,DRY;TELEGRAM_SENT:Forecast Dry,DRY",OK
2026-06-19 12:50:30,32.0,55.0,20.0,24.0,-4.0,2.1,24.0,24.1,24.6,22.7,-0.0,DRY,ON,20.0,20.0,20.0,Dry Forecast,Forecast dry. Recommend watering soon; pump stays OFF because ML_CONTROL_MODE=recommend.,Forecast Dry,,"Forecast Dry,DRY;TELEGRAM_COOLDOWN:Forecast Dry,DRY",OK
2026-06-19 12:50:35,32.0,55.0,20.0,24.0,-4.0,2.1,24.0,24.1,24.6,22.7,-0.0,DRY,ON,20.0,20.0,20.0,Dry Forecast,Forecast dry. Recommend watering soon; pump stays OFF because ML_CONTROL_MODE=recommend.,Forecast Dry,,"Forecast Dry,DRY;TELEGRAM_SENT:Forecast Dry,DRY",OK
2026-06-19 12:50:43,32.0,55.0,20.0,24.0,-4.0,2.1,24.0,24.1,24.6,22.7,-0.0,DRY,ON,20.0,20.0,20.0,Dry Forecast,Forecast dry. Recommend watering soon; pump stays OFF because ML_CONTROL_MODE=recommend.,Forecast Dry,,"Forecast Dry,DRY;TELEGRAM_COOLDOWN:Forecast Dry,DRY",OK
2026-06-19 12:50:48,32.0,55.0,20.0,24.0,-4.0,2.1,24.0,24.1,24.6,22.7,-0.0,DRY,ON,20.0,20.0,20.0,Dry Forecast,Forecast dry. Recommend watering soon; pump stays OFF because ML_CONTROL_MODE=recommend.,Forecast Dry,,"Forecast Dry,DRY;TELEGRAM_SENT:Forecast Dry,DRY",OK
2026-06-19 12:50:55,32.0,55.0,20.0,24.0,-4.0,2.1,24.0,24.1,24.6,22.7,-0.0,DRY,ON,20.0,20.0,20.0,Dry Forecast,Forecast dry. Recommend watering soon; pump stays OFF because ML_CONTROL_MODE=recommend.,Forecast Dry,,"Forecast Dry,DRY;TELEGRAM_COOLDOWN:Forecast Dry,DRY",OK
2026-06-19 12:51:00,32.0,55.0,20.0,24.0,-4.0,2.1,24.0,24.1,24.6,22.7,-0.0,DRY,ON,20.0,20.0,20.0,Dry Forecast,Forecast dry. Recommend watering soon; pump stays OFF because ML_CONTROL_MODE=recommend.,Forecast Dry,,"Forecast Dry,DRY;TELEGRAM_SENT:Forecast Dry,DRY",OK
2026-06-19 12:51:06,32.0,55.0,20.0,24.0,-4.0,2.1,24.0,24.1,24.6,22.7,-0.0,DRY,ON,20.0,20.0,20.0,Dry Forecast,Forecast dry. Recommend watering soon; pump stays OFF because ML_CONTROL_MODE=recommend.,Forecast Dry,,"Forecast Dry,DRY;TELEGRAM_COOLDOWN:Forecast Dry,DRY",OK
2026-06-19 12:51:11,32.0,55.0,20.0,24.0,-4.0,2.1,24.0,24.1,24.6,22.7,-0.0,DRY,ON,20.0,20.0,20.0,Dry Forecast,Forecast dry. Recommend watering soon; pump stays OFF because ML_CONTROL_MODE=recommend.,Forecast Dry,,"Forecast Dry,DRY;TELEGRAM_SENT:Forecast Dry,DRY",OK
2026-06-19 12:51:19,32.0,55.0,20.0,24.0,-4.0,2.1,24.0,24.1,24.6,22.7,-0.0,DRY,ON,20.0,20.0,20.0,Dry Forecast,Forecast dry. Recommend watering soon; pump stays OFF because ML_CONTROL_MODE=recommend.,Forecast Dry,,"Forecast Dry,DRY;TELEGRAM_COOLDOWN:Forecast Dry,DRY",OK
2026-06-19 12:51:24,32.0,55.0,20.0,24.0,-4.0,2.1,24.0,24.1,24.6,22.7,-0.0,DRY,ON,20.0,20.0,20.0,Dry Forecast,Forecast dry. Recommend watering soon; pump stays OFF because ML_CONTROL_MODE=recommend.,Forecast Dry,,"Forecast Dry,DRY;TELEGRAM_SENT:Forecast Dry,DRY",OK
2026-06-19 12:51:30,32.0,55.0,20.0,24.0,-4.0,2.1,24.0,24.1,24.6,22.7,-0.0,DRY,ON,20.0,20.0,20.0,Dry Forecast,Forecast dry. Recommend watering soon; pump stays OFF because ML_CONTROL_MODE=recommend.,Forecast Dry,,"Forecast Dry,DRY;TELEGRAM_COOLDOWN:Forecast Dry,DRY",OK
2026-06-19 12:51:35,32.0,55.0,20.0,24.0,-4.0,2.1,24.0,24.1,24.6,22.7,-0.0,DRY,ON,20.0,20.0,20.0,Dry Forecast,Forecast dry. Recommend watering soon; pump stays OFF because ML_CONTROL_MODE=recommend.,Forecast Dry,,"Forecast Dry,DRY;TELEGRAM_SENT:Forecast Dry,DRY",OK
2026-06-19 12:51:41,32.0,55.0,20.0,24.0,-4.0,2.1,24.0,24.1,24.6,22.7,-0.0,DRY,ON,20.0,20.0,20.0,Dry Forecast,Forecast dry. Recommend watering soon; pump stays OFF because ML_CONTROL_MODE=recommend.,Forecast Dry,,"Forecast Dry,DRY;TELEGRAM_COOLDOWN:Forecast Dry,DRY",OK
2026-06-19 12:51:46,32.0,55.0,20.0,24.0,-4.0,2.1,24.0,24.1,24.6,22.7,-0.0,DRY,ON,20.0,20.0,20.0,Dry Forecast,Forecast dry. Recommend watering soon; pump stays OFF because ML_CONTROL_MODE=recommend.,Forecast Dry,,"Forecast Dry,DRY;TELEGRAM_SENT:Forecast Dry,DRY",OK
2026-06-19 12:51:55,32.0,55.0,20.0,24.0,-4.0,2.1,24.0,24.1,24.6,22.7,-0.0,DRY,ON,20.0,20.0,20.0,Dry Forecast,Forecast dry. Recommend watering soon; pump stays OFF because ML_CONTROL_MODE=recommend.,Forecast Dry,,"Forecast Dry,DRY;TELEGRAM_COOLDOWN:Forecast Dry,DRY",OK
2026-06-19 12:52:00,32.0,55.0,20.0,24.0,-4.0,2.1,24.0,24.1,24.6,22.7,-0.0,DRY,ON,20.0,20.0,20.0,Dry Forecast,Forecast dry. Recommend watering soon; pump stays OFF because ML_CONTROL_MODE=recommend.,Forecast Dry,,"Forecast Dry,DRY;TELEGRAM_SENT:Forecast Dry,DRY",OK
2026-06-19 12:52:06,32.0,55.0,20.0,24.0,-4.0,2.1,24.0,24.1,24.6,22.7,-0.0,DRY,ON,20.0,20.0,20.0,Dry Forecast,Forecast dry. Recommend watering soon; pump stays OFF because ML_CONTROL_MODE=recommend.,Forecast Dry,,"Forecast Dry,DRY;TELEGRAM_COOLDOWN:Forecast Dry,DRY",OK
2026-06-19 12:52:11,32.0,55.0,20.0,24.0,-4.0,2.1,24.0,24.1,24.6,22.7,-0.0,DRY,ON,20.0,20.0,20.0,Dry Forecast,Forecast dry. Recommend watering soon; pump stays OFF because ML_CONTROL_MODE=recommend.,Forecast Dry,,"Forecast Dry,DRY;TELEGRAM_SENT:Forecast Dry,DRY",OK
2026-06-19 12:52:17,32.0,55.0,20.0,24.0,-4.0,2.1,24.0,24.1,24.6,22.7,-0.0,DRY,ON,20.0,20.0,20.0,Dry Forecast,Forecast dry. Recommend watering soon; pump stays OFF because ML_CONTROL_MODE=recommend.,Forecast Dry,,"Forecast Dry,DRY;TELEGRAM_COOLDOWN:Forecast Dry,DRY",OK
2026-06-19 12:52:22,32.0,55.0,20.0,24.0,-4.0,2.1,24.0,24.1,24.6,22.7,-0.0,DRY,ON,20.0,20.0,20.0,Dry Forecast,Forecast dry. Recommend watering soon; pump stays OFF because ML_CONTROL_MODE=recommend.,Forecast Dry,,"Forecast Dry,DRY;TELEGRAM_SENT:Forecast Dry,DRY",OK
2026-06-19 12:52:30,32.0,55.0,20.0,24.0,-4.0,2.1,24.0,24.1,24.6,22.7,-0.0,DRY,ON,20.0,20.0,20.0,Dry Forecast,Forecast dry. Recommend watering soon; pump stays OFF because ML_CONTROL_MODE=recommend.,Forecast Dry,,"Forecast Dry,DRY;TELEGRAM_COOLDOWN:Forecast Dry,DRY",OK
2026-06-19 12:52:35,32.0,55.0,20.0,24.0,-4.0,2.1,24.0,24.1,24.6,22.7,-0.0,DRY,ON,20.0,20.0,20.0,Dry Forecast,Forecast dry. Recommend watering soon; pump stays OFF because ML_CONTROL_MODE=recommend.,Forecast Dry,,"Forecast Dry,DRY;TELEGRAM_SENT:Forecast Dry,DRY",OK
2026-06-19 12:52:41,32.0,55.0,20.0,24.0,-4.0,2.1,24.0,24.1,24.6,22.7,-0.0,DRY,ON,20.0,20.0,20.0,Dry Forecast,Forecast dry. Recommend watering soon; pump stays OFF because ML_CONTROL_MODE=recommend.,Forecast Dry,,"Forecast Dry,DRY;TELEGRAM_COOLDOWN:Forecast Dry,DRY",OK
2026-06-19 12:52:46,32.0,55.0,20.0,24.0,-4.0,2.1,24.0,24.1,24.6,22.7,-0.0,DRY,ON,20.0,20.0,20.0,Dry Forecast,Forecast dry. Recommend watering soon; pump stays OFF because ML_CONTROL_MODE=recommend.,Forecast Dry,,"Forecast Dry,DRY;TELEGRAM_SENT:Forecast Dry,DRY",OK
2026-06-19 12:52:52,32.0,55.0,20.0,24.0,-4.0,2.1,24.0,24.1,24.6,22.7,-0.0,DRY,ON,20.0,20.0,20.0,Dry Forecast,Forecast dry. Recommend watering soon; pump stays OFF because ML_CONTROL_MODE=recommend.,Forecast Dry,,"Forecast Dry,DRY;TELEGRAM_COOLDOWN:Forecast Dry,DRY",OK
2026-06-19 12:52:57,32.0,55.0,20.0,24.0,-4.0,2.1,24.0,24.1,24.6,22.7,-0.0,DRY,ON,20.0,20.0,20.0,Dry Forecast,Forecast dry. Recommend watering soon; pump stays OFF because ML_CONTROL_MODE=recommend.,Forecast Dry,,"Forecast Dry,DRY;TELEGRAM_SENT:Forecast Dry,DRY",OK
2026-06-19 12:53:05,32.0,55.0,20.0,24.0,-4.0,2.1,24.0,24.1,24.6,22.7,-0.0,DRY,ON,20.0,20.0,20.0,Dry Forecast,Forecast dry. Recommend watering soon; pump stays OFF because ML_CONTROL_MODE=recommend.,Forecast Dry,,"Forecast Dry,DRY;TELEGRAM_COOLDOWN:Forecast Dry,DRY",OK
2026-06-19 12:53:10,32.0,55.0,20.0,24.0,-4.0,2.1,24.0,24.1,24.6,22.7,-0.0,DRY,ON,20.0,20.0,20.0,Dry Forecast,Forecast dry. Recommend watering soon; pump stays OFF because ML_CONTROL_MODE=recommend.,Forecast Dry,,"Forecast Dry,DRY;TELEGRAM_SENT:Forecast Dry,DRY",OK
2026-06-19 12:53:16,32.0,55.0,20.0,24.0,-4.0,2.1,24.0,24.1,24.6,22.7,-0.0,DRY,ON,20.0,20.0,20.0,Dry Forecast,Forecast dry. Recommend watering soon; pump stays OFF because ML_CONTROL_MODE=recommend.,Forecast Dry,,"Forecast Dry,DRY;TELEGRAM_COOLDOWN:Forecast Dry,DRY",OK
2026-06-19 12:53:21,32.0,55.0,20.0,24.0,-4.0,2.1,24.0,24.1,24.6,22.7,-0.0,DRY,ON,20.0,20.0,20.0,Dry Forecast,Forecast dry. Recommend watering soon; pump stays OFF because ML_CONTROL_MODE=recommend.,Forecast Dry,,"Forecast Dry,DRY;TELEGRAM_SENT:Forecast Dry,DRY",OK
2026-06-19 12:53:27,32.0,55.0,20.0,24.0,-4.0,2.1,24.0,24.1,24.6,22.7,-0.0,DRY,ON,20.0,20.0,20.0,Dry Forecast,Forecast dry. Recommend watering soon; pump stays OFF because ML_CONTROL_MODE=recommend.,Forecast Dry,,"Forecast Dry,DRY;TELEGRAM_COOLDOWN:Forecast Dry,DRY",OK
2026-06-19 12:53:32,32.0,55.0,20.0,24.0,-4.0,2.1,24.0,24.1,24.6,22.7,-0.0,DRY,ON,20.0,20.0,20.0,Dry Forecast,Forecast dry. Recommend watering soon; pump stays OFF because ML_CONTROL_MODE=recommend.,Forecast Dry,,"Forecast Dry,DRY;TELEGRAM_SENT:Forecast Dry,DRY",OK
2026-06-19 12:53:40,32.0,55.0,20.0,24.0,-4.0,2.1,24.0,24.1,24.6,22.7,-0.0,DRY,ON,20.0,20.0,20.0,Dry Forecast,Forecast dry. Recommend watering soon; pump stays OFF because ML_CONTROL_MODE=recommend.,Forecast Dry,,"Forecast Dry,DRY;TELEGRAM_COOLDOWN:Forecast Dry,DRY",OK
2026-06-19 12:53:45,32.0,55.0,20.0,24.0,-4.0,2.1,24.0,24.1,24.6,22.7,-0.0,DRY,ON,20.0,20.0,20.0,Dry Forecast,Forecast dry. Recommend watering soon; pump stays OFF because ML_CONTROL_MODE=recommend.,Forecast Dry,,"Forecast Dry,DRY;TELEGRAM_SENT:Forecast Dry,DRY",OK
2026-06-19 12:53:51,32.0,55.0,20.0,24.0,-4.0,2.1,24.0,24.1,24.6,22.7,-0.0,DRY,ON,20.0,20.0,20.0,Dry Forecast,Forecast dry. Recommend watering soon; pump stays OFF because ML_CONTROL_MODE=recommend.,Forecast Dry,,"Forecast Dry,DRY;TELEGRAM_COOLDOWN:Forecast Dry,DRY",OK
2026-06-19 12:53:56,32.0,55.0,20.0,24.0,-4.0,2.1,24.0,24.1,24.6,22.7,-0.0,DRY,ON,20.0,20.0,20.0,Dry Forecast,Forecast dry. Recommend watering soon; pump stays OFF because ML_CONTROL_MODE=recommend.,Forecast Dry,,"Forecast Dry,DRY;TELEGRAM_SENT:Forecast Dry,DRY",OK
2026-06-19 12:54:02,32.0,55.0,20.0,24.0,-4.0,2.1,24.0,24.1,24.6,22.7,-0.0,DRY,ON,20.0,20.0,20.0,Dry Forecast,Forecast dry. Recommend watering soon; pump stays OFF because ML_CONTROL_MODE=recommend.,Forecast Dry,,"Forecast Dry,DRY;TELEGRAM_COOLDOWN:Forecast Dry,DRY",OK
2026-06-19 12:54:07,32.0,55.0,20.0,24.0,-4.0,2.1,24.0,24.1,24.6,22.7,-0.0,DRY,ON,20.0,20.0,20.0,Dry Forecast,Forecast dry. Recommend watering soon; pump stays OFF because ML_CONTROL_MODE=recommend.,Forecast Dry,,"Forecast Dry,DRY;TELEGRAM_SENT:Forecast Dry,DRY",OK
2026-06-19 12:54:16,32.0,55.0,20.0,24.0,-4.0,2.1,24.0,24.1,24.6,22.7,-0.0,DRY,ON,20.0,20.0,20.0,Dry Forecast,Forecast dry. Recommend watering soon; pump stays OFF because ML_CONTROL_MODE=recommend.,Forecast Dry,,"Forecast Dry,DRY;TELEGRAM_COOLDOWN:Forecast Dry,DRY",OK
2026-06-19 12:54:21,32.0,55.0,20.0,24.0,-4.0,2.1,24.0,24.1,24.6,22.7,-0.0,DRY,ON,20.0,20.0,20.0,Dry Forecast,Forecast dry. Recommend watering soon; pump stays OFF because ML_CONTROL_MODE=recommend.,Forecast Dry,,"Forecast Dry,DRY;TELEGRAM_SENT:Forecast Dry,DRY",OK
2026-06-19 12:54:27,32.0,55.0,20.0,24.0,-4.0,2.1,24.0,24.1,24.6,22.7,-0.0,DRY,ON,20.0,20.0,20.0,Dry Forecast,Forecast dry. Recommend watering soon; pump stays OFF because ML_CONTROL_MODE=recommend.,Forecast Dry,,"Forecast Dry,DRY;TELEGRAM_COOLDOWN:Forecast Dry,DRY",OK
2026-06-19 12:54:32,32.0,55.0,20.0,24.0,-4.0,2.1,24.0,24.1,24.6,22.7,-0.0,DRY,ON,20.0,20.0,20.0,Dry Forecast,Forecast dry. Recommend watering soon; pump stays OFF because ML_CONTROL_MODE=recommend.,Forecast Dry,,"Forecast Dry,DRY;TELEGRAM_SENT:Forecast Dry,DRY",OK
2026-06-19 12:54:37,32.0,55.0,20.0,24.0,-4.0,2.1,24.0,24.1,24.6,22.7,-0.0,DRY,ON,20.0,20.0,20.0,Dry Forecast,Forecast dry. Recommend watering soon; pump stays OFF because ML_CONTROL_MODE=recommend.,Forecast Dry,,"Forecast Dry,DRY;TELEGRAM_COOLDOWN:Forecast Dry,DRY",OK
2026-06-19 12:54:45,32.0,55.0,20.0,24.0,-4.0,2.1,24.0,24.1,24.6,22.7,-0.0,DRY,ON,20.0,20.0,20.0,Dry Forecast,Forecast dry. Recommend watering soon; pump stays OFF because ML_CONTROL_MODE=recommend.,Forecast Dry,,"Forecast Dry,DRY;TELEGRAM_SENT:Forecast Dry,DRY",OK
2026-06-19 12:54:51,32.0,55.0,20.0,24.0,-4.0,2.1,24.0,24.1,24.6,22.7,-0.0,DRY,ON,20.0,20.0,20.0,Dry Forecast,Forecast dry. Recommend watering soon; pump stays OFF because ML_CONTROL_MODE=recommend.,Forecast Dry,,"Forecast Dry,DRY;TELEGRAM_COOLDOWN:Forecast Dry,DRY",OK
2026-06-19 12:54:56,32.0,55.0,20.0,24.0,-4.0,2.1,24.0,24.1,24.6,22.7,-0.0,DRY,ON,20.0,20.0,20.0,Dry Forecast,Forecast dry. Recommend watering soon; pump stays OFF because ML_CONTROL_MODE=recommend.,Forecast Dry,,"Forecast Dry,DRY;TELEGRAM_SENT:Forecast Dry,DRY",OK
2026-06-19 12:55:02,32.0,55.0,20.0,24.0,-4.0,2.1,24.0,24.1,24.6,22.7,-0.0,DRY,ON,20.0,20.0,20.0,Dry Forecast,Forecast dry. Recommend watering soon; pump stays OFF because ML_CONTROL_MODE=recommend.,Forecast Dry,,"Forecast Dry,DRY;TELEGRAM_COOLDOWN:Forecast Dry,DRY",OK
2026-06-19 12:55:07,32.0,55.0,20.0,24.0,-4.0,2.1,24.0,24.1,24.6,22.7,-0.0,DRY,ON,20.0,20.0,20.0,Dry Forecast,Forecast dry. Recommend watering soon; pump stays OFF because ML_CONTROL_MODE=recommend.,Forecast Dry,,"Forecast Dry,DRY;TELEGRAM_SENT:Forecast Dry,DRY",OK
2026-06-19 12:55:13,32.0,55.0,20.0,24.0,-4.0,2.1,24.0,24.1,24.6,22.7,-0.0,DRY,ON,20.0,20.0,20.0,Dry Forecast,Forecast dry. Recommend watering soon; pump stays OFF because ML_CONTROL_MODE=recommend.,Forecast Dry,,"Forecast Dry,DRY;TELEGRAM_COOLDOWN:Forecast Dry,DRY",OK
2026-06-19 12:55:20,32.0,55.0,20.0,24.0,-4.0,2.1,24.0,24.1,24.6,22.7,-0.0,DRY,ON,20.0,20.0,20.0,Dry Forecast,Forecast dry. Recommend watering soon; pump stays OFF because ML_CONTROL_MODE=recommend.,Forecast Dry,,"Forecast Dry,DRY;TELEGRAM_SENT:Forecast Dry,DRY",OK
2026-06-19 12:55:26,32.0,55.0,20.0,24.0,-4.0,2.1,24.0,24.1,24.6,22.7,-0.0,DRY,ON,20.0,20.0,20.0,Dry Forecast,Forecast dry. Recommend watering soon; pump stays OFF because ML_CONTROL_MODE=recommend.,Forecast Dry,,"Forecast Dry,DRY;TELEGRAM_COOLDOWN:Forecast Dry,DRY",OK
2026-06-19 12:55:31,32.0,55.0,20.0,24.0,-4.0,2.1,24.0,24.1,24.6,22.7,-0.0,DRY,ON,20.0,20.0,20.0,Dry Forecast,Forecast dry. Recommend watering soon; pump stays OFF because ML_CONTROL_MODE=recommend.,Forecast Dry,,"Forecast Dry,DRY;TELEGRAM_SENT:Forecast Dry,DRY",OK
2026-06-19 12:55:37,32.0,55.0,20.0,24.0,-4.0,2.1,24.0,24.1,24.6,22.7,-0.0,DRY,ON,20.0,20.0,20.0,Dry Forecast,Forecast dry. Recommend watering soon; pump stays OFF because ML_CONTROL_MODE=recommend.,Forecast Dry,,"Forecast Dry,DRY;TELEGRAM_COOLDOWN:Forecast Dry,DRY",OK
2026-06-19 12:55:42,32.0,55.0,20.0,24.0,-4.0,2.1,24.0,24.1,24.6,22.7,-0.0,DRY,ON,20.0,20.0,20.0,Dry Forecast,Forecast dry. Recommend watering soon; pump stays OFF because ML_CONTROL_MODE=recommend.,Forecast Dry,,"Forecast Dry,DRY;TELEGRAM_SENT:Forecast Dry,DRY",OK
2026-06-19 12:55:48,32.0,55.0,20.0,24.0,-4.0,2.1,24.0,24.1,24.6,22.7,-0.0,DRY,ON,20.0,20.0,20.0,Dry Forecast,Forecast dry. Recommend watering soon; pump stays OFF because ML_CONTROL_MODE=recommend.,Forecast Dry,,"Forecast Dry,DRY;TELEGRAM_COOLDOWN:Forecast Dry,DRY",OK
2026-06-19 12:55:56,32.0,55.0,20.0,24.0,-4.0,2.1,24.0,24.1,24.6,22.7,-0.0,DRY,ON,20.0,20.0,20.0,Dry Forecast,Forecast dry. Recommend watering soon; pump stays OFF because ML_CONTROL_MODE=recommend.,Forecast Dry,,"Forecast Dry,DRY;TELEGRAM_SENT:Forecast Dry,DRY",OK
2026-06-19 12:56:01,32.0,55.0,20.0,24.0,-4.0,2.1,24.0,24.1,24.6,22.7,-0.0,DRY,ON,20.0,20.0,20.0,Dry Forecast,Forecast dry. Recommend watering soon; pump stays OFF because ML_CONTROL_MODE=recommend.,Forecast Dry,,"Forecast Dry,DRY;TELEGRAM_COOLDOWN:Forecast Dry,DRY",OK
2026-06-19 12:56:06,32.0,55.0,20.0,24.0,-4.0,2.1,24.0,24.1,24.6,22.7,-0.0,DRY,ON,20.0,20.0,20.0,Dry Forecast,Forecast dry. Recommend watering soon; pump stays OFF because ML_CONTROL_MODE=recommend.,Forecast Dry,,"Forecast Dry,DRY;TELEGRAM_SENT:Forecast Dry,DRY",OK
2026-06-19 12:56:12,32.0,55.0,20.0,24.0,-4.0,2.1,24.0,24.1,24.6,22.7,-0.0,DRY,ON,20.0,20.0,20.0,Dry Forecast,Forecast dry. Recommend watering soon; pump stays OFF because ML_CONTROL_MODE=recommend.,Forecast Dry,,"Forecast Dry,DRY;TELEGRAM_COOLDOWN:Forecast Dry,DRY",OK
2026-06-19 12:56:17,32.0,55.0,20.0,24.0,-4.0,2.1,24.0,24.1,24.6,22.7,-0.0,DRY,ON,20.0,20.0,20.0,Dry Forecast,Forecast dry. Recommend watering soon; pump stays OFF because ML_CONTROL_MODE=recommend.,Forecast Dry,,"Forecast Dry,DRY;TELEGRAM_SENT:Forecast Dry,DRY",OK
2026-06-19 12:56:23,32.0,55.0,20.0,24.0,-4.0,2.1,24.0,24.1,24.6,22.7,-0.0,DRY,ON,20.0,20.0,20.0,Dry Forecast,Forecast dry. Recommend watering soon; pump stays OFF because ML_CONTROL_MODE=recommend.,Forecast Dry,,"Forecast Dry,DRY;TELEGRAM_COOLDOWN:Forecast Dry,DRY",OK
2026-06-19 12:56:31,32.0,55.0,20.0,24.0,-4.0,2.1,24.0,24.1,24.6,22.7,-0.0,DRY,ON,20.0,20.0,20.0,Dry Forecast,Forecast dry. Recommend watering soon; pump stays OFF because ML_CONTROL_MODE=recommend.,Forecast Dry,,"Forecast Dry,DRY;TELEGRAM_SENT:Forecast Dry,DRY",OK
2026-06-19 12:56:37,32.0,55.0,20.0,24.0,-4.0,2.1,24.0,24.1,24.6,22.7,-0.0,DRY,ON,20.0,20.0,20.0,Dry Forecast,Forecast dry. Recommend watering soon; pump stays OFF because ML_CONTROL_MODE=recommend.,Forecast Dry,,"Forecast Dry,DRY;TELEGRAM_COOLDOWN:Forecast Dry,DRY",OK
2026-06-19 12:56:42,32.0,55.0,20.0,24.0,-4.0,2.1,24.0,24.1,24.6,22.7,-0.0,DRY,ON,20.0,20.0,20.0,Dry Forecast,Forecast dry. Recommend watering soon; pump stays OFF because ML_CONTROL_MODE=recommend.,Forecast Dry,,"Forecast Dry,DRY;TELEGRAM_SENT:Forecast Dry,DRY",OK
2026-06-19 12:56:48,32.0,55.0,20.0,24.0,-4.0,2.1,24.0,24.1,24.6,22.7,-0.0,DRY,ON,20.0,20.0,20.0,Dry Forecast,Forecast dry. Recommend watering soon; pump stays OFF because ML_CONTROL_MODE=recommend.,Forecast Dry,,"Forecast Dry,DRY;TELEGRAM_COOLDOWN:Forecast Dry,DRY",OK
2026-06-19 12:56:53,32.0,55.0,20.0,24.0,-4.0,2.1,24.0,24.1,24.6,22.7,-0.0,DRY,ON,20.0,20.0,20.0,Dry Forecast,Forecast dry. Recommend watering soon; pump stays OFF because ML_CONTROL_MODE=recommend.,Forecast Dry,,"Forecast Dry,DRY;TELEGRAM_SENT:Forecast Dry,DRY",OK
2026-06-19 12:56:58,32.0,55.0,20.0,24.0,-4.0,2.1,24.0,24.1,24.6,22.7,-0.0,DRY,ON,20.0,20.0,20.0,Dry Forecast,Forecast dry. Recommend watering soon; pump stays OFF because ML_CONTROL_MODE=recommend.,Forecast Dry,,"Forecast Dry,DRY;TELEGRAM_COOLDOWN:Forecast Dry,DRY",OK
2026-06-19 12:57:06,32.0,55.0,20.0,24.0,-4.0,2.1,24.0,24.1,24.6,22.7,-0.0,DRY,ON,20.0,20.0,20.0,Dry Forecast,Forecast dry. Recommend watering soon; pump stays OFF because ML_CONTROL_MODE=recommend.,Forecast Dry,,"Forecast Dry,DRY;TELEGRAM_SENT:Forecast Dry,DRY",OK
2026-06-19 12:57:12,32.0,55.0,20.0,24.0,-4.0,2.1,24.0,24.1,24.6,22.7,-0.0,DRY,ON,20.0,20.0,20.0,Dry Forecast,Forecast dry. Recommend watering soon; pump stays OFF because ML_CONTROL_MODE=recommend.,Forecast Dry,,"Forecast Dry,DRY;TELEGRAM_COOLDOWN:Forecast Dry,DRY",OK
2026-06-19 12:57:17,32.0,55.0,20.0,24.0,-4.0,2.1,24.0,24.1,24.6,22.7,-0.0,DRY,ON,20.0,20.0,20.0,Dry Forecast,Forecast dry. Recommend watering soon; pump stays OFF because ML_CONTROL_MODE=recommend.,Forecast Dry,,"Forecast Dry,DRY;TELEGRAM_SENT:Forecast Dry,DRY",OK
2026-06-19 12:57:23,32.0,55.0,20.0,24.0,-4.0,2.1,24.0,24.1,24.6,22.7,-0.0,DRY,ON,20.0,20.0,20.0,Dry Forecast,Forecast dry. Recommend watering soon; pump stays OFF because ML_CONTROL_MODE=recommend.,Forecast Dry,,"Forecast Dry,DRY;TELEGRAM_COOLDOWN:Forecast Dry,DRY",OK
2026-06-19 12:57:28,32.0,55.0,20.0,24.0,-4.0,2.1,24.0,24.1,24.6,22.7,-0.0,DRY,ON,20.0,20.0,20.0,Dry Forecast,Forecast dry. Recommend watering soon; pump stays OFF because ML_CONTROL_MODE=recommend.,Forecast Dry,,"Forecast Dry,DRY;TELEGRAM_SENT:Forecast Dry,DRY",OK
2026-06-19 12:57:34,32.0,55.0,20.0,24.0,-4.0,2.1,24.0,24.1,24.6,22.7,-0.0,DRY,ON,20.0,20.0,20.0,Dry Forecast,Forecast dry. Recommend watering soon; pump stays OFF because ML_CONTROL_MODE=recommend.,Forecast Dry,,"Forecast Dry,DRY;TELEGRAM_COOLDOWN:Forecast Dry,DRY",OK
2026-06-19 12:57:41,32.0,55.0,20.0,24.0,-4.0,2.1,24.0,24.1,24.6,22.7,-0.0,DRY,ON,20.0,20.0,20.0,Dry Forecast,Forecast dry. Recommend watering soon; pump stays OFF because ML_CONTROL_MODE=recommend.,Forecast Dry,,"Forecast Dry,DRY;TELEGRAM_SENT:Forecast Dry,DRY",OK
2026-06-19 12:57:47,32.0,55.0,20.0,24.0,-4.0,2.1,24.0,24.1,24.6,22.7,-0.0,DRY,ON,20.0,20.0,20.0,Dry Forecast,Forecast dry. Recommend watering soon; pump stays OFF because ML_CONTROL_MODE=recommend.,Forecast Dry,,"Forecast Dry,DRY;TELEGRAM_COOLDOWN:Forecast Dry,DRY",OK
2026-06-19 14:43:20,32.0,55.0,20.0,24.0,-4.0,2.1,24.0,24.1,24.6,22.7,-0.0,DRY,ON,20.0,20.0,20.0,Dry Forecast,Forecast dry. Recommend watering soon; pump stays OFF because ML_CONTROL_MODE=recommend.,Forecast Dry,,"Forecast Dry,DRY;TELEGRAM_SENT:Forecast Dry,DRY",OK
2026-06-19 14:43:30,32.0,55.0,20.0,24.0,-4.0,2.1,24.0,24.1,24.6,22.7,-0.0,DRY,ON,20.0,20.0,20.0,Dry Forecast,Forecast dry. Recommend watering soon; pump stays OFF because ML_CONTROL_MODE=recommend.,Forecast Dry,,"Forecast Dry,DRY;TELEGRAM_COOLDOWN:Forecast Dry,DRY",OK
2026-06-19 14:43:35,32.0,55.0,20.0,24.0,-4.0,2.1,24.0,24.1,24.6,22.7,-0.0,DRY,ON,20.0,20.0,20.0,Dry Forecast,Forecast dry. Recommend watering soon; pump stays OFF because ML_CONTROL_MODE=recommend.,Forecast Dry,,"Forecast Dry,DRY;TELEGRAM_SENT:Forecast Dry,DRY",OK
2026-06-19 14:43:41,32.0,55.0,20.0,24.0,-4.0,2.1,24.0,24.1,24.6,22.7,-0.0,DRY,ON,20.0,20.0,20.0,Dry Forecast,Forecast dry. Recommend watering soon; pump stays OFF because ML_CONTROL_MODE=recommend.,Forecast Dry,,"Forecast Dry,DRY;TELEGRAM_COOLDOWN:Forecast Dry,DRY",OK
2026-06-19 14:43:46,32.0,55.0,20.0,24.0,-4.0,2.1,24.0,24.1,24.6,22.7,-0.0,DRY,ON,20.0,20.0,20.0,Dry Forecast,Forecast dry. Recommend watering soon; pump stays OFF because ML_CONTROL_MODE=recommend.,Forecast Dry,,"Forecast Dry,DRY;TELEGRAM_SENT:Forecast Dry,DRY",OK
2026-06-19 14:43:52,32.0,55.0,20.0,24.0,-4.0,2.1,24.0,24.1,24.6,22.7,-0.0,DRY,ON,20.0,20.0,20.0,Dry Forecast,Forecast dry. Recommend watering soon; pump stays OFF because ML_CONTROL_MODE=recommend.,Forecast Dry,,"Forecast Dry,DRY;TELEGRAM_COOLDOWN:Forecast Dry,DRY",OK
2026-06-19 14:43:59,32.0,55.0,20.0,24.0,-4.0,2.1,24.0,24.1,24.6,22.7,-0.0,DRY,ON,20.0,20.0,20.0,Dry Forecast,Forecast dry. Recommend watering soon; pump stays OFF because ML_CONTROL_MODE=recommend.,Forecast Dry,,"Forecast Dry,DRY;TELEGRAM_SENT:Forecast Dry,DRY",OK
2026-06-19 14:44:05,32.0,55.0,20.0,24.0,-4.0,2.1,24.0,24.1,24.6,22.7,-0.0,DRY,ON,20.0,20.0,20.0,Dry Forecast,Forecast dry. Recommend watering soon; pump stays OFF because ML_CONTROL_MODE=recommend.,Forecast Dry,,"Forecast Dry,DRY;TELEGRAM_COOLDOWN:Forecast Dry,DRY",OK
2026-06-19 14:44:10,32.0,55.0,20.0,24.0,-4.0,2.1,24.0,24.1,24.6,22.7,-0.0,DRY,ON,20.0,20.0,20.0,Dry Forecast,Forecast dry. Recommend watering soon; pump stays OFF because ML_CONTROL_MODE=recommend.,Forecast Dry,,"Forecast Dry,DRY;TELEGRAM_SENT:Forecast Dry,DRY",OK
2026-06-19 14:44:16,32.0,55.0,20.0,24.0,-4.0,2.1,24.0,24.1,24.6,22.7,-0.0,DRY,ON,20.0,20.0,20.0,Dry Forecast,Forecast dry. Recommend watering soon; pump stays OFF because ML_CONTROL_MODE=recommend.,Forecast Dry,,"Forecast Dry,DRY;TELEGRAM_COOLDOWN:Forecast Dry,DRY",OK
2026-06-19 14:44:21,32.0,55.0,20.0,24.0,-4.0,2.1,24.0,24.1,24.6,22.7,-0.0,DRY,ON,20.0,20.0,20.0,Dry Forecast,Forecast dry. Recommend watering soon; pump stays OFF because ML_CONTROL_MODE=recommend.,Forecast Dry,,"Forecast Dry,DRY;TELEGRAM_SENT:Forecast Dry,DRY",OK
2026-06-19 14:44:27,32.0,55.0,20.0,24.0,-4.0,2.1,24.0,24.1,24.6,22.7,-0.0,DRY,ON,20.0,20.0,20.0,Dry Forecast,Forecast dry. Recommend watering soon; pump stays OFF because ML_CONTROL_MODE=recommend.,Forecast Dry,,"Forecast Dry,DRY;TELEGRAM_COOLDOWN:Forecast Dry,DRY",OK
2026-06-19 14:44:35,32.0,55.0,20.0,24.0,-4.0,2.1,24.0,24.1,24.6,22.7,-0.0,DRY,ON,20.0,20.0,20.0,Dry Forecast,Forecast dry. Recommend watering soon; pump stays OFF because ML_CONTROL_MODE=recommend.,Forecast Dry,,"Forecast Dry,DRY;TELEGRAM_SENT:Forecast Dry,DRY",OK
2026-06-19 14:44:41,32.0,55.0,20.0,24.0,-4.0,2.1,24.0,24.1,24.6,22.7,-0.0,DRY,ON,20.0,20.0,20.0,Dry Forecast,Forecast dry. Recommend watering soon; pump stays OFF because ML_CONTROL_MODE=recommend.,Forecast Dry,,"Forecast Dry,DRY;TELEGRAM_COOLDOWN:Forecast Dry,DRY",OK
2026-06-19 14:44:46,32.0,55.0,20.0,24.0,-4.0,2.1,24.0,24.1,24.6,22.7,-0.0,DRY,ON,20.0,20.0,20.0,Dry Forecast,Forecast dry. Recommend watering soon; pump stays OFF because ML_CONTROL_MODE=recommend.,Forecast Dry,,"Forecast Dry,DRY;TELEGRAM_SENT:Forecast Dry,DRY",OK
2026-06-19 14:44:52,32.0,55.0,20.0,24.0,-4.0,2.1,24.0,24.1,24.6,22.7,-0.0,DRY,ON,20.0,20.0,20.0,Dry Forecast,Forecast dry. Recommend watering soon; pump stays OFF because ML_CONTROL_MODE=recommend.,Forecast Dry,,"Forecast Dry,DRY;TELEGRAM_COOLDOWN:Forecast Dry,DRY",OK
2026-06-19 14:44:57,32.0,55.0,20.0,24.0,-4.0,2.1,24.0,24.1,24.6,22.7,-0.0,DRY,ON,20.0,20.0,20.0,Dry Forecast,Forecast dry. Recommend watering soon; pump stays OFF because ML_CONTROL_MODE=recommend.,Forecast Dry,,"Forecast Dry,DRY;TELEGRAM_SENT:Forecast Dry,DRY",OK
2026-06-19 14:45:03,32.0,55.0,20.0,24.0,-4.0,2.1,24.0,24.1,24.6,22.7,-0.0,DRY,ON,20.0,20.0,20.0,Dry Forecast,Forecast dry. Recommend watering soon; pump stays OFF because ML_CONTROL_MODE=recommend.,Forecast Dry,,"Forecast Dry,DRY;TELEGRAM_COOLDOWN:Forecast Dry,DRY",OK
2026-06-19 14:45:11,32.0,55.0,20.0,24.0,-4.0,2.1,24.0,24.1,24.6,22.7,-0.0,DRY,ON,20.0,20.0,20.0,Dry Forecast,Forecast dry. Recommend watering soon; pump stays OFF because ML_CONTROL_MODE=recommend.,Forecast Dry,,"Forecast Dry,DRY;TELEGRAM_SENT:Forecast Dry,DRY",OK
2026-06-19 14:45:17,32.0,55.0,20.0,24.0,-4.0,2.1,24.0,24.1,24.6,22.7,-0.0,DRY,ON,20.0,20.0,20.0,Dry Forecast,Forecast dry. Recommend watering soon; pump stays OFF because ML_CONTROL_MODE=recommend.,Forecast Dry,,"Forecast Dry,DRY;TELEGRAM_COOLDOWN:Forecast Dry,DRY",OK
2026-06-19 14:45:22,32.0,55.0,20.0,24.0,-4.0,2.1,24.0,24.1,24.6,22.7,-0.0,DRY,ON,20.0,20.0,20.0,Dry Forecast,Forecast dry. Recommend watering soon; pump stays OFF because ML_CONTROL_MODE=recommend.,Forecast Dry,,"Forecast Dry,DRY;TELEGRAM_SENT:Forecast Dry,DRY",OK
2026-06-19 14:45:28,32.0,55.0,20.0,24.0,-4.0,2.1,24.0,24.1,24.6,22.7,-0.0,DRY,ON,20.0,20.0,20.0,Dry Forecast,Forecast dry. Recommend watering soon; pump stays OFF because ML_CONTROL_MODE=recommend.,Forecast Dry,,"Forecast Dry,DRY;TELEGRAM_COOLDOWN:Forecast Dry,DRY",OK
2026-06-19 14:45:33,32.0,55.0,20.0,24.0,-4.0,2.1,24.0,24.1,24.6,22.7,-0.0,DRY,ON,20.0,20.0,20.0,Dry Forecast,Forecast dry. Recommend watering soon; pump stays OFF because ML_CONTROL_MODE=recommend.,Forecast Dry,,"Forecast Dry,DRY;TELEGRAM_SENT:Forecast Dry,DRY",OK
2026-06-19 14:45:39,32.0,55.0,20.0,24.0,-4.0,2.1,24.0,24.1,24.6,22.7,-0.0,DRY,ON,20.0,20.0,20.0,Dry Forecast,Forecast dry. Recommend watering soon; pump stays OFF because ML_CONTROL_MODE=recommend.,Forecast Dry,,"Forecast Dry,DRY;TELEGRAM_COOLDOWN:Forecast Dry,DRY",OK
2026-06-19 14:45:47,32.0,55.0,20.0,24.0,-4.0,2.1,24.0,24.1,24.6,22.7,-0.0,DRY,ON,20.0,20.0,20.0,Dry Forecast,Forecast dry. Recommend watering soon; pump stays OFF because ML_CONTROL_MODE=recommend.,Forecast Dry,,"Forecast Dry,DRY;TELEGRAM_SENT:Forecast Dry,DRY",OK
2026-06-19 14:45:53,32.0,55.0,20.0,24.0,-4.0,2.1,24.0,24.1,24.6,22.7,-0.0,DRY,ON,20.0,20.0,20.0,Dry Forecast,Forecast dry. Recommend watering soon; pump stays OFF because ML_CONTROL_MODE=recommend.,Forecast Dry,,"Forecast Dry,DRY;TELEGRAM_COOLDOWN:Forecast Dry,DRY",OK
2026-06-19 14:45:58,32.0,55.0,20.0,24.0,-4.0,2.1,24.0,24.1,24.6,22.7,-0.0,DRY,ON,20.0,20.0,20.0,Dry Forecast,Forecast dry. Recommend watering soon; pump stays OFF because ML_CONTROL_MODE=recommend.,Forecast Dry,,"Forecast Dry,DRY;TELEGRAM_SENT:Forecast Dry,DRY",OK
2026-06-19 14:46:04,32.0,55.0,20.0,24.0,-4.0,2.1,24.0,24.1,24.6,22.7,-0.0,DRY,ON,20.0,20.0,20.0,Dry Forecast,Forecast dry. Recommend watering soon; pump stays OFF because ML_CONTROL_MODE=recommend.,Forecast Dry,,"Forecast Dry,DRY;TELEGRAM_COOLDOWN:Forecast Dry,DRY",OK
2026-06-19 14:46:09,32.0,55.0,20.0,24.0,-4.0,2.1,24.0,24.1,24.6,22.7,-0.0,DRY,ON,20.0,20.0,20.0,Dry Forecast,Forecast dry. Recommend watering soon; pump stays OFF because ML_CONTROL_MODE=recommend.,Forecast Dry,,"Forecast Dry,DRY;TELEGRAM_SENT:Forecast Dry,DRY",OK
2026-06-19 14:46:15,32.0,55.0,20.0,24.0,-4.0,2.1,24.0,24.1,24.6,22.7,-0.0,DRY,ON,20.0,20.0,20.0,Dry Forecast,Forecast dry. Recommend watering soon; pump stays OFF because ML_CONTROL_MODE=recommend.,Forecast Dry,,"Forecast Dry,DRY;TELEGRAM_COOLDOWN:Forecast Dry,DRY",OK
2026-06-19 14:46:23,32.0,55.0,20.0,24.0,-4.0,2.1,24.0,24.1,24.6,22.7,-0.0,DRY,ON,20.0,20.0,20.0,Dry Forecast,Forecast dry. Recommend watering soon; pump stays OFF because ML_CONTROL_MODE=recommend.,Forecast Dry,,"Forecast Dry,DRY;TELEGRAM_SENT:Forecast Dry,DRY",OK
2026-06-19 14:46:29,32.0,55.0,20.0,24.0,-4.0,2.1,24.0,24.1,24.6,22.7,-0.0,DRY,ON,20.0,20.0,20.0,Dry Forecast,Forecast dry. Recommend watering soon; pump stays OFF because ML_CONTROL_MODE=recommend.,Forecast Dry,,"Forecast Dry,DRY;TELEGRAM_COOLDOWN:Forecast Dry,DRY",OK
2026-06-19 14:46:34,32.0,55.0,20.0,24.0,-4.0,2.1,24.0,24.1,24.6,22.7,-0.0,DRY,ON,20.0,20.0,20.0,Dry Forecast,Forecast dry. Recommend watering soon; pump stays OFF because ML_CONTROL_MODE=recommend.,Forecast Dry,,"Forecast Dry,DRY;TELEGRAM_SENT:Forecast Dry,DRY",OK
2026-06-19 14:46:40,32.0,55.0,20.0,24.0,-4.0,2.1,24.0,24.1,24.6,22.7,-0.0,DRY,ON,20.0,20.0,20.0,Dry Forecast,Forecast dry. Recommend watering soon; pump stays OFF because ML_CONTROL_MODE=recommend.,Forecast Dry,,"Forecast Dry,DRY;TELEGRAM_COOLDOWN:Forecast Dry,DRY",OK
2026-06-19 14:46:45,32.0,55.0,20.0,24.0,-4.0,2.1,24.0,24.1,24.6,22.7,-0.0,DRY,ON,20.0,20.0,20.0,Dry Forecast,Forecast dry. Recommend watering soon; pump stays OFF because ML_CONTROL_MODE=recommend.,Forecast Dry,,"Forecast Dry,DRY;TELEGRAM_SENT:Forecast Dry,DRY",OK
2026-06-19 14:46:51,32.0,55.0,20.0,24.0,-4.0,2.1,24.0,24.1,24.6,22.7,-0.0,DRY,ON,20.0,20.0,20.0,Dry Forecast,Forecast dry. Recommend watering soon; pump stays OFF because ML_CONTROL_MODE=recommend.,Forecast Dry,,"Forecast Dry,DRY;TELEGRAM_COOLDOWN:Forecast Dry,DRY",OK
2026-06-19 14:46:59,32.0,55.0,20.0,24.0,-4.0,2.1,24.0,24.1,24.6,22.7,-0.0,DRY,ON,20.0,20.0,20.0,Dry Forecast,Forecast dry. Recommend watering soon; pump stays OFF because ML_CONTROL_MODE=recommend.,Forecast Dry,,"Forecast Dry,DRY;TELEGRAM_SENT:Forecast Dry,DRY",OK
2026-06-19 14:47:05,32.0,55.0,20.0,24.0,-4.0,2.1,24.0,24.1,24.6,22.7,-0.0,DRY,ON,20.0,20.0,20.0,Dry Forecast,Forecast dry. Recommend watering soon; pump stays OFF because ML_CONTROL_MODE=recommend.,Forecast Dry,,"Forecast Dry,DRY;TELEGRAM_COOLDOWN:Forecast Dry,DRY",OK
2026-06-19 14:47:10,32.0,55.0,20.0,24.0,-4.0,2.1,24.0,24.1,24.6,22.7,-0.0,DRY,ON,20.0,20.0,20.0,Dry Forecast,Forecast dry. Recommend watering soon; pump stays OFF because ML_CONTROL_MODE=recommend.,Forecast Dry,,"Forecast Dry,DRY;TELEGRAM_SENT:Forecast Dry,DRY",OK
2026-06-19 14:47:15,32.0,55.0,20.0,24.0,-4.0,2.1,24.0,24.1,24.6,22.7,-0.0,DRY,ON,20.0,20.0,20.0,Dry Forecast,Forecast dry. Recommend watering soon; pump stays OFF because ML_CONTROL_MODE=recommend.,Forecast Dry,,"Forecast Dry,DRY;TELEGRAM_COOLDOWN:Forecast Dry,DRY",OK
2026-06-19 14:47:20,32.0,55.0,20.0,24.0,-4.0,2.1,24.0,24.1,24.6,22.7,-0.0,DRY,ON,20.0,20.0,20.0,Dry Forecast,Forecast dry. Recommend watering soon; pump stays OFF because ML_CONTROL_MODE=recommend.,Forecast Dry,,"Forecast Dry,DRY;TELEGRAM_SENT:Forecast Dry,DRY",OK
2026-06-19 14:47:26,32.0,55.0,20.0,24.0,-4.0,2.1,24.0,24.1,24.6,22.7,-0.0,DRY,ON,20.0,20.0,20.0,Dry Forecast,Forecast dry. Recommend watering soon; pump stays OFF because ML_CONTROL_MODE=recommend.,Forecast Dry,,"Forecast Dry,DRY;TELEGRAM_COOLDOWN:Forecast Dry,DRY",OK
2026-06-19 14:47:34,32.0,55.0,20.0,24.0,-4.0,2.1,24.0,24.1,24.6,22.7,-0.0,DRY,ON,20.0,20.0,20.0,Dry Forecast,Forecast dry. Recommend watering soon; pump stays OFF because ML_CONTROL_MODE=recommend.,Forecast Dry,,"Forecast Dry,DRY;TELEGRAM_SENT:Forecast Dry,DRY",OK
2026-06-19 14:47:40,32.0,55.0,20.0,24.0,-4.0,2.1,24.0,24.1,24.6,22.7,-0.0,DRY,ON,20.0,20.0,20.0,Dry Forecast,Forecast dry. Recommend watering soon; pump stays OFF because ML_CONTROL_MODE=recommend.,Forecast Dry,,"Forecast Dry,DRY;TELEGRAM_COOLDOWN:Forecast Dry,DRY",OK
2026-06-19 14:47:45,32.0,55.0,20.0,24.0,-4.0,2.1,24.0,24.1,24.6,22.7,-0.0,DRY,ON,20.0,20.0,20.0,Dry Forecast,Forecast dry. Recommend watering soon; pump stays OFF because ML_CONTROL_MODE=recommend.,Forecast Dry,,"Forecast Dry,DRY;TELEGRAM_SENT:Forecast Dry,DRY",OK
2026-06-19 14:47:51,32.0,55.0,20.0,24.0,-4.0,2.1,24.0,24.1,24.6,22.7,-0.0,DRY,ON,20.0,20.0,20.0,Dry Forecast,Forecast dry. Recommend watering soon; pump stays OFF because ML_CONTROL_MODE=recommend.,Forecast Dry,,"Forecast Dry,DRY;TELEGRAM_COOLDOWN:Forecast Dry,DRY",OK
2026-06-19 14:47:56,32.0,55.0,20.0,24.0,-4.0,2.1,24.0,24.1,24.6,22.7,-0.0,DRY,ON,20.0,20.0,20.0,Dry Forecast,Forecast dry. Recommend watering soon; pump stays OFF because ML_CONTROL_MODE=recommend.,Forecast Dry,,"Forecast Dry,DRY;TELEGRAM_SENT:Forecast Dry,DRY",OK
2026-06-19 14:48:02,32.0,55.0,20.0,24.0,-4.0,2.1,24.0,24.1,24.6,22.7,-0.0,DRY,ON,20.0,20.0,20.0,Dry Forecast,Forecast dry. Recommend watering soon; pump stays OFF because ML_CONTROL_MODE=recommend.,Forecast Dry,,"Forecast Dry,DRY;TELEGRAM_COOLDOWN:Forecast Dry,DRY",OK
2026-06-19 14:48:10,32.0,55.0,20.0,24.0,-4.0,2.1,24.0,24.1,24.6,22.7,-0.0,DRY,ON,20.0,20.0,20.0,Dry Forecast,Forecast dry. Recommend watering soon; pump stays OFF because ML_CONTROL_MODE=recommend.,Forecast Dry,,"Forecast Dry,DRY;TELEGRAM_SENT:Forecast Dry,DRY",OK
2026-06-19 14:48:16,32.0,55.0,20.0,24.0,-4.0,2.1,24.0,24.1,24.6,22.7,-0.0,DRY,ON,20.0,20.0,20.0,Dry Forecast,Forecast dry. Recommend watering soon; pump stays OFF because ML_CONTROL_MODE=recommend.,Forecast Dry,,"Forecast Dry,DRY;TELEGRAM_COOLDOWN:Forecast Dry,DRY",OK
2026-06-19 14:48:21,32.0,55.0,20.0,24.0,-4.0,2.1,24.0,24.1,24.6,22.7,-0.0,DRY,ON,20.0,20.0,20.0,Dry Forecast,Forecast dry. Recommend watering soon; pump stays OFF because ML_CONTROL_MODE=recommend.,Forecast Dry,,"Forecast Dry,DRY;TELEGRAM_SENT:Forecast Dry,DRY",OK
2026-06-19 14:48:27,32.0,55.0,20.0,24.0,-4.0,2.1,24.0,24.1,24.6,22.7,-0.0,DRY,ON,20.0,20.0,20.0,Dry Forecast,Forecast dry. Recommend watering soon; pump stays OFF because ML_CONTROL_MODE=recommend.,Forecast Dry,,"Forecast Dry,DRY;TELEGRAM_COOLDOWN:Forecast Dry,DRY",OK
2026-06-19 14:48:32,32.0,55.0,20.0,24.0,-4.0,2.1,24.0,24.1,24.6,22.7,-0.0,DRY,ON,20.0,20.0,20.0,Dry Forecast,Forecast dry. Recommend watering soon; pump stays OFF because ML_CONTROL_MODE=recommend.,Forecast Dry,,"Forecast Dry,DRY;TELEGRAM_SENT:Forecast Dry,DRY",OK
2026-06-19 14:48:38,32.0,55.0,20.0,24.0,-4.0,2.1,24.0,24.1,24.6,22.7,-0.0,DRY,ON,20.0,20.0,20.0,Dry Forecast,Forecast dry. Recommend watering soon; pump stays OFF because ML_CONTROL_MODE=recommend.,Forecast Dry,,"Forecast Dry,DRY;TELEGRAM_COOLDOWN:Forecast Dry,DRY",OK
2026-06-19 14:48:46,32.0,55.0,20.0,24.0,-4.0,2.1,24.0,24.1,24.6,22.7,-0.0,DRY,ON,20.0,20.0,20.0,Dry Forecast,Forecast dry. Recommend watering soon; pump stays OFF because ML_CONTROL_MODE=recommend.,Forecast Dry,,"Forecast Dry,DRY;TELEGRAM_SENT:Forecast Dry,DRY",OK
2026-06-19 14:48:52,32.0,55.0,20.0,24.0,-4.0,2.1,24.0,24.1,24.6,22.7,-0.0,DRY,ON,20.0,20.0,20.0,Dry Forecast,Forecast dry. Recommend watering soon; pump stays OFF because ML_CONTROL_MODE=recommend.,Forecast Dry,,"Forecast Dry,DRY;TELEGRAM_COOLDOWN:Forecast Dry,DRY",OK
2026-06-19 14:48:57,32.0,55.0,20.0,24.0,-4.0,2.1,24.0,24.1,24.6,22.7,-0.0,DRY,ON,20.0,20.0,20.0,Dry Forecast,Forecast dry. Recommend watering soon; pump stays OFF because ML_CONTROL_MODE=recommend.,Forecast Dry,,"Forecast Dry,DRY;TELEGRAM_SENT:Forecast Dry,DRY",OK
2026-06-19 14:49:03,32.0,55.0,20.0,24.0,-4.0,2.1,24.0,24.1,24.6,22.7,-0.0,DRY,ON,20.0,20.0,20.0,Dry Forecast,Forecast dry. Recommend watering soon; pump stays OFF because ML_CONTROL_MODE=recommend.,Forecast Dry,,"Forecast Dry,DRY;TELEGRAM_COOLDOWN:Forecast Dry,DRY",OK
2026-06-19 14:49:09,32.0,55.0,20.0,24.0,-4.0,2.1,24.0,24.1,24.6,22.7,-0.0,DRY,ON,20.0,20.0,20.0,Dry Forecast,Forecast dry. Recommend watering soon; pump stays OFF because ML_CONTROL_MODE=recommend.,Forecast Dry,,"Forecast Dry,DRY;TELEGRAM_SENT:Forecast Dry,DRY",OK
2026-06-19 14:49:15,32.0,55.0,20.0,24.0,-4.0,2.1,24.0,24.1,24.6,22.7,-0.0,DRY,ON,20.0,20.0,20.0,Dry Forecast,Forecast dry. Recommend watering soon; pump stays OFF because ML_CONTROL_MODE=recommend.,Forecast Dry,,"Forecast Dry,DRY;TELEGRAM_COOLDOWN:Forecast Dry,DRY",OK
2026-06-19 14:49:23,32.0,55.0,20.0,24.0,-4.0,2.1,24.0,24.1,24.6,22.7,-0.0,DRY,ON,20.0,20.0,20.0,Dry Forecast,Forecast dry. Recommend watering soon; pump stays OFF because ML_CONTROL_MODE=recommend.,Forecast Dry,,"Forecast Dry,DRY;TELEGRAM_SENT:Forecast Dry,DRY",OK
2026-06-19 14:49:29,32.0,55.0,20.0,24.0,-4.0,2.1,24.0,24.1,24.6,22.7,-0.0,DRY,ON,20.0,20.0,20.0,Dry Forecast,Forecast dry. Recommend watering soon; pump stays OFF because ML_CONTROL_MODE=recommend.,Forecast Dry,,"Forecast Dry,DRY;TELEGRAM_COOLDOWN:Forecast Dry,DRY",OK
2026-06-19 14:49:34,32.0,55.0,20.0,24.0,-4.0,2.1,24.0,24.1,24.6,22.7,-0.0,DRY,ON,20.0,20.0,20.0,Dry Forecast,Forecast dry. Recommend watering soon; pump stays OFF because ML_CONTROL_MODE=recommend.,Forecast Dry,,"Forecast Dry,DRY;TELEGRAM_SENT:Forecast Dry,DRY",OK
2026-06-19 14:49:40,32.0,55.0,20.0,24.0,-4.0,2.1,24.0,24.1,24.6,22.7,-0.0,DRY,ON,20.0,20.0,20.0,Dry Forecast,Forecast dry. Recommend watering soon; pump stays OFF because ML_CONTROL_MODE=recommend.,Forecast Dry,,"Forecast Dry,DRY;TELEGRAM_COOLDOWN:Forecast Dry,DRY",OK
2026-06-19 14:49:45,32.0,55.0,20.0,24.0,-4.0,2.1,24.0,24.1,24.6,22.7,-0.0,DRY,ON,20.0,20.0,20.0,Dry Forecast,Forecast dry. Recommend watering soon; pump stays OFF because ML_CONTROL_MODE=recommend.,Forecast Dry,,"Forecast Dry,DRY;TELEGRAM_SENT:Forecast Dry,DRY",OK
2026-06-19 14:49:54,32.0,55.0,20.0,24.0,-4.0,2.1,24.0,24.1,24.6,22.7,-0.0,DRY,ON,20.0,20.0,20.0,Dry Forecast,Forecast dry. Recommend watering soon; pump stays OFF because ML_CONTROL_MODE=recommend.,Forecast Dry,,"Forecast Dry,DRY;TELEGRAM_COOLDOWN:Forecast Dry,DRY",OK
2026-06-19 14:49:59,32.0,55.0,20.0,24.0,-4.0,2.1,24.0,24.1,24.6,22.7,-0.0,DRY,ON,20.0,20.0,20.0,Dry Forecast,Forecast dry. Recommend watering soon; pump stays OFF because ML_CONTROL_MODE=recommend.,Forecast Dry,,"Forecast Dry,DRY;TELEGRAM_SENT:Forecast Dry,DRY",OK
2026-06-19 14:50:05,32.0,55.0,20.0,24.0,-4.0,2.1,24.0,24.1,24.6,22.7,-0.0,DRY,ON,20.0,20.0,20.0,Dry Forecast,Forecast dry. Recommend watering soon; pump stays OFF because ML_CONTROL_MODE=recommend.,Forecast Dry,,"Forecast Dry,DRY;TELEGRAM_COOLDOWN:Forecast Dry,DRY",OK
2026-06-19 14:50:10,32.0,55.0,20.0,24.0,-4.0,2.1,24.0,24.1,24.6,22.7,-0.0,DRY,ON,20.0,20.0,20.0,Dry Forecast,Forecast dry. Recommend watering soon; pump stays OFF because ML_CONTROL_MODE=recommend.,Forecast Dry,,"Forecast Dry,DRY;TELEGRAM_SENT:Forecast Dry,DRY",OK
2026-06-19 14:50:16,32.0,55.0,20.0,24.0,-4.0,2.1,24.0,24.1,24.6,22.7,-0.0,DRY,ON,20.0,20.0,20.0,Dry Forecast,Forecast dry. Recommend watering soon; pump stays OFF because ML_CONTROL_MODE=recommend.,Forecast Dry,,"Forecast Dry,DRY;TELEGRAM_COOLDOWN:Forecast Dry,DRY",OK
2026-06-19 14:50:21,32.0,55.0,20.0,24.0,-4.0,2.1,24.0,24.1,24.6,22.7,-0.0,DRY,ON,20.0,20.0,20.0,Dry Forecast,Forecast dry. Recommend watering soon; pump stays OFF because ML_CONTROL_MODE=recommend.,Forecast Dry,,"Forecast Dry,DRY;TELEGRAM_SENT:Forecast Dry,DRY",OK
2026-06-19 14:50:30,32.0,55.0,20.0,24.0,-4.0,2.1,24.0,24.1,24.6,22.7,-0.0,DRY,ON,20.0,20.0,20.0,Dry Forecast,Forecast dry. Recommend watering soon; pump stays OFF because ML_CONTROL_MODE=recommend.,Forecast Dry,,"Forecast Dry,DRY;TELEGRAM_COOLDOWN:Forecast Dry,DRY",OK
2026-06-19 14:50:35,32.0,55.0,20.0,24.0,-4.0,2.1,24.0,24.1,24.6,22.7,-0.0,DRY,ON,20.0,20.0,20.0,Dry Forecast,Forecast dry. Recommend watering soon; pump stays OFF because ML_CONTROL_MODE=recommend.,Forecast Dry,,"Forecast Dry,DRY;TELEGRAM_SENT:Forecast Dry,DRY",OK
2026-06-19 14:50:41,32.0,55.0,20.0,24.0,-4.0,2.1,24.0,24.1,24.6,22.7,-0.0,DRY,ON,20.0,20.0,20.0,Dry Forecast,Forecast dry. Recommend watering soon; pump stays OFF because ML_CONTROL_MODE=recommend.,Forecast Dry,,"Forecast Dry,DRY;TELEGRAM_COOLDOWN:Forecast Dry,DRY",OK
2026-06-19 14:50:46,32.0,55.0,20.0,24.0,-4.0,2.1,24.0,24.1,24.6,22.7,-0.0,DRY,ON,20.0,20.0,20.0,Dry Forecast,Forecast dry. Recommend watering soon; pump stays OFF because ML_CONTROL_MODE=recommend.,Forecast Dry,,"Forecast Dry,DRY;TELEGRAM_SENT:Forecast Dry,DRY",OK
2026-06-19 14:50:52,32.0,55.0,20.0,24.0,-4.0,2.1,24.0,24.1,24.6,22.7,-0.0,DRY,ON,20.0,20.0,20.0,Dry Forecast,Forecast dry. Recommend watering soon; pump stays OFF because ML_CONTROL_MODE=recommend.,Forecast Dry,,"Forecast Dry,DRY;TELEGRAM_COOLDOWN:Forecast Dry,DRY",OK
2026-06-19 14:50:57,32.0,55.0,20.0,24.0,-4.0,2.1,24.0,24.1,24.6,22.7,-0.0,DRY,ON,20.0,20.0,20.0,Dry Forecast,Forecast dry. Recommend watering soon; pump stays OFF because ML_CONTROL_MODE=recommend.,Forecast Dry,,"Forecast Dry,DRY;TELEGRAM_SENT:Forecast Dry,DRY",OK
2026-06-19 14:51:06,32.0,55.0,20.0,24.0,-4.0,2.1,24.0,24.1,24.6,22.7,-0.0,DRY,ON,20.0,20.0,20.0,Dry Forecast,Forecast dry. Recommend watering soon; pump stays OFF because ML_CONTROL_MODE=recommend.,Forecast Dry,,"Forecast Dry,DRY;TELEGRAM_COOLDOWN:Forecast Dry,DRY",OK
2026-06-19 14:51:11,32.0,55.0,20.0,24.0,-4.0,2.1,24.0,24.1,24.6,22.7,-0.0,DRY,ON,20.0,20.0,20.0,Dry Forecast,Forecast dry. Recommend watering soon; pump stays OFF because ML_CONTROL_MODE=recommend.,Forecast Dry,,"Forecast Dry,DRY;TELEGRAM_SENT:Forecast Dry,DRY",OK
2026-06-19 14:51:17,32.0,55.0,20.0,24.0,-4.0,2.1,24.0,24.1,24.6,22.7,-0.0,DRY,ON,20.0,20.0,20.0,Dry Forecast,Forecast dry. Recommend watering soon; pump stays OFF because ML_CONTROL_MODE=recommend.,Forecast Dry,,"Forecast Dry,DRY;TELEGRAM_COOLDOWN:Forecast Dry,DRY",OK
2026-06-19 14:51:22,32.0,55.0,20.0,24.0,-4.0,2.1,24.0,24.1,24.6,22.7,-0.0,DRY,ON,20.0,20.0,20.0,Dry Forecast,Forecast dry. Recommend watering soon; pump stays OFF because ML_CONTROL_MODE=recommend.,Forecast Dry,,"Forecast Dry,DRY;TELEGRAM_SENT:Forecast Dry,DRY",OK
2026-06-19 14:51:28,32.0,55.0,20.0,24.0,-4.0,2.1,24.0,24.1,24.6,22.7,-0.0,DRY,ON,20.0,20.0,20.0,Dry Forecast,Forecast dry. Recommend watering soon; pump stays OFF because ML_CONTROL_MODE=recommend.,Forecast Dry,,"Forecast Dry,DRY;TELEGRAM_COOLDOWN:Forecast Dry,DRY",OK
2026-06-19 14:51:33,32.0,55.0,20.0,24.0,-4.0,2.1,24.0,24.1,24.6,22.7,-0.0,DRY,ON,20.0,20.0,20.0,Dry Forecast,Forecast dry. Recommend watering soon; pump stays OFF because ML_CONTROL_MODE=recommend.,Forecast Dry,,"Forecast Dry,DRY;TELEGRAM_SENT:Forecast Dry,DRY",OK
2026-06-19 14:51:42,32.0,55.0,20.0,24.0,-4.0,2.1,24.0,24.1,24.6,22.7,-0.0,DRY,ON,20.0,20.0,20.0,Dry Forecast,Forecast dry. Recommend watering soon; pump stays OFF because ML_CONTROL_MODE=recommend.,Forecast Dry,,"Forecast Dry,DRY;TELEGRAM_COOLDOWN:Forecast Dry,DRY",OK
2026-06-19 14:51:47,32.0,55.0,20.0,24.0,-4.0,2.1,24.0,24.1,24.6,22.7,-0.0,DRY,ON,20.0,20.0,20.0,Dry Forecast,Forecast dry. Recommend watering soon; pump stays OFF because ML_CONTROL_MODE=recommend.,Forecast Dry,,"Forecast Dry,DRY;TELEGRAM_SENT:Forecast Dry,DRY",OK
2026-06-19 14:51:53,32.0,55.0,20.0,24.0,-4.0,2.1,24.0,24.1,24.6,22.7,-0.0,DRY,ON,20.0,20.0,20.0,Dry Forecast,Forecast dry. Recommend watering soon; pump stays OFF because ML_CONTROL_MODE=recommend.,Forecast Dry,,"Forecast Dry,DRY;TELEGRAM_COOLDOWN:Forecast Dry,DRY",OK
2026-06-19 14:51:58,32.0,55.0,20.0,24.0,-4.0,2.1,24.0,24.1,24.6,22.7,-0.0,DRY,ON,20.0,20.0,20.0,Dry Forecast,Forecast dry. Recommend watering soon; pump stays OFF because ML_CONTROL_MODE=recommend.,Forecast Dry,,"Forecast Dry,DRY;TELEGRAM_SENT:Forecast Dry,DRY",OK
2026-06-19 14:52:05,32.0,55.0,20.0,24.0,-4.0,2.1,24.0,24.1,24.6,22.7,-0.0,DRY,ON,20.0,20.0,20.0,Dry Forecast,Forecast dry. Recommend watering soon; pump stays OFF because ML_CONTROL_MODE=recommend.,Forecast Dry,,"Forecast Dry,DRY;TELEGRAM_COOLDOWN:Forecast Dry,DRY",OK
2026-06-19 14:52:11,32.0,55.0,20.0,24.0,-4.0,2.1,24.0,24.1,24.6,22.7,-0.0,DRY,ON,20.0,20.0,20.0,Dry Forecast,Forecast dry. Recommend watering soon; pump stays OFF because ML_CONTROL_MODE=recommend.,Forecast Dry,,"Forecast Dry,DRY;TELEGRAM_SENT:Forecast Dry,DRY",OK
2026-06-19 14:52:19,32.0,55.0,20.0,24.0,-4.0,2.1,24.0,24.1,24.6,22.7,-0.0,DRY,ON,20.0,20.0,20.0,Dry Forecast,Forecast dry. Recommend watering soon; pump stays OFF because ML_CONTROL_MODE=recommend.,Forecast Dry,,"Forecast Dry,DRY;TELEGRAM_COOLDOWN:Forecast Dry,DRY",OK
2026-06-19 14:52:24,32.0,55.0,20.0,24.0,-4.0,2.1,24.0,24.1,24.6,22.7,-0.0,DRY,ON,20.0,20.0,20.0,Dry Forecast,Forecast dry. Recommend watering soon; pump stays OFF because ML_CONTROL_MODE=recommend.,Forecast Dry,,"Forecast Dry,DRY;TELEGRAM_SENT:Forecast Dry,DRY",OK
2026-06-19 14:52:30,32.0,55.0,20.0,24.0,-4.0,2.1,24.0,24.1,24.6,22.7,-0.0,DRY,ON,20.0,20.0,20.0,Dry Forecast,Forecast dry. Recommend watering soon; pump stays OFF because ML_CONTROL_MODE=recommend.,Forecast Dry,,"Forecast Dry,DRY;TELEGRAM_COOLDOWN:Forecast Dry,DRY",OK
2026-06-19 14:52:35,32.0,55.0,20.0,24.0,-4.0,2.1,24.0,24.1,24.6,22.7,-0.0,DRY,ON,20.0,20.0,20.0,Dry Forecast,Forecast dry. Recommend watering soon; pump stays OFF because ML_CONTROL_MODE=recommend.,Forecast Dry,,"Forecast Dry,DRY;TELEGRAM_SENT:Forecast Dry,DRY",OK
2026-06-19 14:52:41,32.0,55.0,20.0,24.0,-4.0,2.1,24.0,24.1,24.6,22.7,-0.0,DRY,ON,20.0,20.0,20.0,Dry Forecast,Forecast dry. Recommend watering soon; pump stays OFF because ML_CONTROL_MODE=recommend.,Forecast Dry,,"Forecast Dry,DRY;TELEGRAM_COOLDOWN:Forecast Dry,DRY",OK
2026-06-19 14:52:46,32.0,55.0,20.0,24.0,-4.0,2.1,24.0,24.1,24.6,22.7,-0.0,DRY,ON,20.0,20.0,20.0,Dry Forecast,Forecast dry. Recommend watering soon; pump stays OFF because ML_CONTROL_MODE=recommend.,Forecast Dry,,"Forecast Dry,DRY;TELEGRAM_SENT:Forecast Dry,DRY",OK
2026-06-19 14:52:55,32.0,55.0,20.0,24.0,-4.0,2.1,24.0,24.1,24.6,22.7,-0.0,DRY,ON,20.0,20.0,20.0,Dry Forecast,Forecast dry. Recommend watering soon; pump stays OFF because ML_CONTROL_MODE=recommend.,Forecast Dry,,"Forecast Dry,DRY;TELEGRAM_COOLDOWN:Forecast Dry,DRY",OK
2026-06-19 14:53:00,32.0,55.0,20.0,24.0,-4.0,2.1,24.0,24.1,24.6,22.7,-0.0,DRY,ON,20.0,20.0,20.0,Dry Forecast,Forecast dry. Recommend watering soon; pump stays OFF because ML_CONTROL_MODE=recommend.,Forecast Dry,,"Forecast Dry,DRY;TELEGRAM_SENT:Forecast Dry,DRY",OK
2026-06-19 14:53:06,32.0,55.0,20.0,24.0,-4.0,2.1,24.0,24.1,24.6,22.7,-0.0,DRY,ON,20.0,20.0,20.0,Dry Forecast,Forecast dry. Recommend watering soon; pump stays OFF because ML_CONTROL_MODE=recommend.,Forecast Dry,,"Forecast Dry,DRY;TELEGRAM_COOLDOWN:Forecast Dry,DRY",OK
2026-06-19 14:53:11,32.0,55.0,20.0,24.0,-4.0,2.1,24.0,24.1,24.6,22.7,-0.0,DRY,ON,20.0,20.0,20.0,Dry Forecast,Forecast dry. Recommend watering soon; pump stays OFF because ML_CONTROL_MODE=recommend.,Forecast Dry,,"Forecast Dry,DRY;TELEGRAM_SENT:Forecast Dry,DRY",OK
2026-06-19 14:53:17,32.0,55.0,20.0,24.0,-4.0,2.1,24.0,24.1,24.6,22.7,-0.0,DRY,ON,20.0,20.0,20.0,Dry Forecast,Forecast dry. Recommend watering soon; pump stays OFF because ML_CONTROL_MODE=recommend.,Forecast Dry,,"Forecast Dry,DRY;TELEGRAM_COOLDOWN:Forecast Dry,DRY",OK
2026-06-19 14:53:22,32.0,55.0,20.0,24.0,-4.0,2.1,24.0,24.1,24.6,22.7,-0.0,DRY,ON,20.0,20.0,20.0,Dry Forecast,Forecast dry. Recommend watering soon; pump stays OFF because ML_CONTROL_MODE=recommend.,Forecast Dry,,"Forecast Dry,DRY;TELEGRAM_SENT:Forecast Dry,DRY",OK
2026-06-19 14:53:31,32.0,55.0,20.0,24.0,-4.0,2.1,24.0,24.1,24.6,22.7,-0.0,DRY,ON,20.0,20.0,20.0,Dry Forecast,Forecast dry. Recommend watering soon; pump stays OFF because ML_CONTROL_MODE=recommend.,Forecast Dry,,"Forecast Dry,DRY;TELEGRAM_COOLDOWN:Forecast Dry,DRY",OK
2026-06-19 14:53:36,32.0,55.0,20.0,24.0,-4.0,2.1,24.0,24.1,24.6,22.7,-0.0,DRY,ON,20.0,20.0,20.0,Dry Forecast,Forecast dry. Recommend watering soon; pump stays OFF because ML_CONTROL_MODE=recommend.,Forecast Dry,,"Forecast Dry,DRY;TELEGRAM_SENT:Forecast Dry,DRY",OK
2026-06-19 14:53:42,32.0,55.0,20.0,24.0,-4.0,2.1,24.0,24.1,24.6,22.7,-0.0,DRY,ON,20.0,20.0,20.0,Dry Forecast,Forecast dry. Recommend watering soon; pump stays OFF because ML_CONTROL_MODE=recommend.,Forecast Dry,,"Forecast Dry,DRY;TELEGRAM_COOLDOWN:Forecast Dry,DRY",OK
2026-06-19 14:53:47,32.0,55.0,20.0,24.0,-4.0,2.1,24.0,24.1,24.6,22.7,-0.0,DRY,ON,20.0,20.0,20.0,Dry Forecast,Forecast dry. Recommend watering soon; pump stays OFF because ML_CONTROL_MODE=recommend.,Forecast Dry,,"Forecast Dry,DRY;TELEGRAM_SENT:Forecast Dry,DRY",OK
2026-06-19 14:53:53,32.0,55.0,20.0,24.0,-4.0,2.1,24.0,24.1,24.6,22.7,-0.0,DRY,ON,20.0,20.0,20.0,Dry Forecast,Forecast dry. Recommend watering soon; pump stays OFF because ML_CONTROL_MODE=recommend.,Forecast Dry,,"Forecast Dry,DRY;TELEGRAM_COOLDOWN:Forecast Dry,DRY",OK
2026-06-19 14:54:02,32.0,55.0,20.0,24.0,-4.0,2.1,24.0,24.1,24.6,22.7,-0.0,DRY,ON,20.0,20.0,20.0,Dry Forecast,Forecast dry. Recommend watering soon; pump stays OFF because ML_CONTROL_MODE=recommend.,Forecast Dry,,"Forecast Dry,DRY;TELEGRAM_SENT:Forecast Dry,DRY",OK
2026-06-19 14:54:08,32.0,55.0,20.0,24.0,-4.0,2.1,24.0,24.1,24.6,22.7,-0.0,DRY,ON,20.0,20.0,20.0,Dry Forecast,Forecast dry. Recommend watering soon; pump stays OFF because ML_CONTROL_MODE=recommend.,Forecast Dry,,"Forecast Dry,DRY;TELEGRAM_COOLDOWN:Forecast Dry,DRY",OK
2026-06-19 14:54:13,32.0,55.0,20.0,24.0,-4.0,2.1,24.0,24.1,24.6,22.7,-0.0,DRY,ON,20.0,20.0,20.0,Dry Forecast,Forecast dry. Recommend watering soon; pump stays OFF because ML_CONTROL_MODE=recommend.,Forecast Dry,,"Forecast Dry,DRY;TELEGRAM_SENT:Forecast Dry,DRY",OK
2026-06-19 14:54:19,32.0,55.0,20.0,24.0,-4.0,2.1,24.0,24.1,24.6,22.7,-0.0,DRY,ON,20.0,20.0,20.0,Dry Forecast,Forecast dry. Recommend watering soon; pump stays OFF because ML_CONTROL_MODE=recommend.,Forecast Dry,,"Forecast Dry,DRY;TELEGRAM_COOLDOWN:Forecast Dry,DRY",OK
2026-06-19 14:54:24,32.0,55.0,20.0,24.0,-4.0,2.1,24.0,24.1,24.6,22.7,-0.0,DRY,ON,20.0,20.0,20.0,Dry Forecast,Forecast dry. Recommend watering soon; pump stays OFF because ML_CONTROL_MODE=recommend.,Forecast Dry,,"Forecast Dry,DRY;TELEGRAM_SENT:Forecast Dry,DRY",OK
2026-06-19 14:54:29,32.0,55.0,20.0,24.0,-4.0,2.1,24.0,24.1,24.6,22.7,-0.0,DRY,ON,20.0,20.0,20.0,Dry Forecast,Forecast dry. Recommend watering soon; pump stays OFF because ML_CONTROL_MODE=recommend.,Forecast Dry,,"Forecast Dry,DRY;TELEGRAM_COOLDOWN:Forecast Dry,DRY",OK
2026-06-19 14:54:38,32.0,55.0,20.0,24.0,-4.0,2.1,24.0,24.1,24.6,22.7,-0.0,DRY,ON,20.0,20.0,20.0,Dry Forecast,Forecast dry. Recommend watering soon; pump stays OFF because ML_CONTROL_MODE=recommend.,Forecast Dry,,"Forecast Dry,DRY;TELEGRAM_SENT:Forecast Dry,DRY",OK
2026-06-19 14:54:44,32.0,55.0,20.0,24.0,-4.0,2.1,24.0,24.1,24.6,22.7,-0.0,DRY,ON,20.0,20.0,20.0,Dry Forecast,Forecast dry. Recommend watering soon; pump stays OFF because ML_CONTROL_MODE=recommend.,Forecast Dry,,"Forecast Dry,DRY;TELEGRAM_COOLDOWN:Forecast Dry,DRY",OK
2026-06-19 14:54:49,32.0,55.0,20.0,24.0,-4.0,2.1,24.0,24.1,24.6,22.7,-0.0,DRY,ON,20.0,20.0,20.0,Dry Forecast,Forecast dry. Recommend watering soon; pump stays OFF because ML_CONTROL_MODE=recommend.,Forecast Dry,,"Forecast Dry,DRY;TELEGRAM_SENT:Forecast Dry,DRY",OK
2026-06-19 14:54:55,32.0,55.0,20.0,24.0,-4.0,2.1,24.0,24.1,24.6,22.7,-0.0,DRY,ON,20.0,20.0,20.0,Dry Forecast,Forecast dry. Recommend watering soon; pump stays OFF because ML_CONTROL_MODE=recommend.,Forecast Dry,,"Forecast Dry,DRY;TELEGRAM_COOLDOWN:Forecast Dry,DRY",OK
2026-06-19 14:55:00,32.0,55.0,20.0,24.0,-4.0,2.1,24.0,24.1,24.6,22.7,-0.0,DRY,ON,20.0,20.0,20.0,Dry Forecast,Forecast dry. Recommend watering soon; pump stays OFF because ML_CONTROL_MODE=recommend.,Forecast Dry,,"Forecast Dry,DRY;TELEGRAM_SENT:Forecast Dry,DRY",OK
2026-06-19 14:55:06,32.0,55.0,20.0,24.0,-4.0,2.1,24.0,24.1,24.6,22.7,-0.0,DRY,ON,20.0,20.0,20.0,Dry Forecast,Forecast dry. Recommend watering soon; pump stays OFF because ML_CONTROL_MODE=recommend.,Forecast Dry,,"Forecast Dry,DRY;TELEGRAM_COOLDOWN:Forecast Dry,DRY",OK
2026-06-19 14:55:14,32.0,55.0,20.0,24.0,-4.0,2.1,24.0,24.1,24.6,22.7,-0.0,DRY,ON,20.0,20.0,20.0,Dry Forecast,Forecast dry. Recommend watering soon; pump stays OFF because ML_CONTROL_MODE=recommend.,Forecast Dry,,"Forecast Dry,DRY;TELEGRAM_SENT:Forecast Dry,DRY",OK
2026-06-19 14:55:20,32.0,55.0,20.0,24.0,-4.0,2.1,24.0,24.1,24.6,22.7,-0.0,DRY,ON,20.0,20.0,20.0,Dry Forecast,Forecast dry. Recommend watering soon; pump stays OFF because ML_CONTROL_MODE=recommend.,Forecast Dry,,"Forecast Dry,DRY;TELEGRAM_COOLDOWN:Forecast Dry,DRY",OK
2026-06-19 14:55:25,32.0,55.0,20.0,24.0,-4.0,2.1,24.0,24.1,24.6,22.7,-0.0,DRY,ON,20.0,20.0,20.0,Dry Forecast,Forecast dry. Recommend watering soon; pump stays OFF because ML_CONTROL_MODE=recommend.,Forecast Dry,,"Forecast Dry,DRY;TELEGRAM_SENT:Forecast Dry,DRY",OK
2026-06-19 14:55:31,32.0,55.0,20.0,24.0,-4.0,2.1,24.0,24.1,24.6,22.7,-0.0,DRY,ON,20.0,20.0,20.0,Dry Forecast,Forecast dry. Recommend watering soon; pump stays OFF because ML_CONTROL_MODE=recommend.,Forecast Dry,,"Forecast Dry,DRY;TELEGRAM_COOLDOWN:Forecast Dry,DRY",OK
2026-06-19 14:55:36,32.0,55.0,20.0,24.0,-4.0,2.1,24.0,24.1,24.6,22.7,-0.0,DRY,ON,20.0,20.0,20.0,Dry Forecast,Forecast dry. Recommend watering soon; pump stays OFF because ML_CONTROL_MODE=recommend.,Forecast Dry,,"Forecast Dry,DRY;TELEGRAM_SENT:Forecast Dry,DRY",OK
2026-06-19 14:55:42,32.0,55.0,20.0,24.0,-4.0,2.1,24.0,24.1,24.6,22.7,-0.0,DRY,ON,20.0,20.0,20.0,Dry Forecast,Forecast dry. Recommend watering soon; pump stays OFF because ML_CONTROL_MODE=recommend.,Forecast Dry,,"Forecast Dry,DRY;TELEGRAM_COOLDOWN:Forecast Dry,DRY",OK
2026-06-19 14:55:50,32.0,55.0,20.0,24.0,-4.0,2.1,24.0,24.1,24.6,22.7,-0.0,DRY,ON,20.0,20.0,20.0,Dry Forecast,Forecast dry. Recommend watering soon; pump stays OFF because ML_CONTROL_MODE=recommend.,Forecast Dry,,"Forecast Dry,DRY;TELEGRAM_SENT:Forecast Dry,DRY",OK
2026-06-19 14:55:56,32.0,55.0,20.0,24.0,-4.0,2.1,24.0,24.1,24.6,22.7,-0.0,DRY,ON,20.0,20.0,20.0,Dry Forecast,Forecast dry. Recommend watering soon; pump stays OFF because ML_CONTROL_MODE=recommend.,Forecast Dry,,"Forecast Dry,DRY;TELEGRAM_COOLDOWN:Forecast Dry,DRY",OK
2026-06-19 14:56:01,32.0,55.0,20.0,24.0,-4.0,2.1,24.0,24.1,24.6,22.7,-0.0,DRY,ON,20.0,20.0,20.0,Dry Forecast,Forecast dry. Recommend watering soon; pump stays OFF because ML_CONTROL_MODE=recommend.,Forecast Dry,,"Forecast Dry,DRY;TELEGRAM_SENT:Forecast Dry,DRY",OK
2026-06-19 14:56:07,32.0,55.0,20.0,24.0,-4.0,2.1,24.0,24.1,24.6,22.7,-0.0,DRY,ON,20.0,20.0,20.0,Dry Forecast,Forecast dry. Recommend watering soon; pump stays OFF because ML_CONTROL_MODE=recommend.,Forecast Dry,,"Forecast Dry,DRY;TELEGRAM_COOLDOWN:Forecast Dry,DRY",OK
2026-06-19 14:56:12,32.0,55.0,20.0,24.0,-4.0,2.1,24.0,24.1,24.6,22.7,-0.0,DRY,ON,20.0,20.0,20.0,Dry Forecast,Forecast dry. Recommend watering soon; pump stays OFF because ML_CONTROL_MODE=recommend.,Forecast Dry,,"Forecast Dry,DRY;TELEGRAM_SENT:Forecast Dry,DRY",OK
2026-06-19 14:56:18,32.0,55.0,20.0,24.0,-4.0,2.1,24.0,24.1,24.6,22.7,-0.0,DRY,ON,20.0,20.0,20.0,Dry Forecast,Forecast dry. Recommend watering soon; pump stays OFF because ML_CONTROL_MODE=recommend.,Forecast Dry,,"Forecast Dry,DRY;TELEGRAM_COOLDOWN:Forecast Dry,DRY",OK
2026-06-19 14:56:26,32.0,55.0,20.0,24.0,-4.0,2.1,24.0,24.1,24.6,22.7,-0.0,DRY,ON,20.0,20.0,20.0,Dry Forecast,Forecast dry. Recommend watering soon; pump stays OFF because ML_CONTROL_MODE=recommend.,Forecast Dry,,"Forecast Dry,DRY;TELEGRAM_SENT:Forecast Dry,DRY",OK
2026-06-19 14:56:32,32.0,55.0,20.0,24.0,-4.0,2.1,24.0,24.1,24.6,22.7,-0.0,DRY,ON,20.0,20.0,20.0,Dry Forecast,Forecast dry. Recommend watering soon; pump stays OFF because ML_CONTROL_MODE=recommend.,Forecast Dry,,"Forecast Dry,DRY;TELEGRAM_COOLDOWN:Forecast Dry,DRY",OK
2026-06-19 14:56:37,32.0,55.0,20.0,24.0,-4.0,2.1,24.0,24.1,24.6,22.7,-0.0,DRY,ON,20.0,20.0,20.0,Dry Forecast,Forecast dry. Recommend watering soon; pump stays OFF because ML_CONTROL_MODE=recommend.,Forecast Dry,,"Forecast Dry,DRY;TELEGRAM_SENT:Forecast Dry,DRY",OK
2026-06-19 14:56:43,32.0,55.0,20.0,24.0,-4.0,2.1,24.0,24.1,24.6,22.7,-0.0,DRY,ON,20.0,20.0,20.0,Dry Forecast,Forecast dry. Recommend watering soon; pump stays OFF because ML_CONTROL_MODE=recommend.,Forecast Dry,,"Forecast Dry,DRY;TELEGRAM_COOLDOWN:Forecast Dry,DRY",OK
2026-06-19 14:56:48,32.0,55.0,20.0,24.0,-4.0,2.1,24.0,24.1,24.6,22.7,-0.0,DRY,ON,20.0,20.0,20.0,Dry Forecast,Forecast dry. Recommend watering soon; pump stays OFF because ML_CONTROL_MODE=recommend.,Forecast Dry,,"Forecast Dry,DRY;TELEGRAM_SENT:Forecast Dry,DRY",OK
2026-06-19 14:56:53,32.0,55.0,20.0,24.0,-4.0,2.1,24.0,24.1,24.6,22.7,-0.0,DRY,ON,20.0,20.0,20.0,Dry Forecast,Forecast dry. Recommend watering soon; pump stays OFF because ML_CONTROL_MODE=recommend.,Forecast Dry,,"Forecast Dry,DRY;TELEGRAM_COOLDOWN:Forecast Dry,DRY",OK
2026-06-19 14:57:02,32.0,55.0,20.0,24.0,-4.0,2.1,24.0,24.1,24.6,22.7,-0.0,DRY,ON,20.0,20.0,20.0,Dry Forecast,Forecast dry. Recommend watering soon; pump stays OFF because ML_CONTROL_MODE=recommend.,Forecast Dry,,"Forecast Dry,DRY;TELEGRAM_SENT:Forecast Dry,DRY",OK
2026-06-19 14:57:08,32.0,55.0,20.0,24.0,-4.0,2.1,24.0,24.1,24.6,22.7,-0.0,DRY,ON,20.0,20.0,20.0,Dry Forecast,Forecast dry. Recommend watering soon; pump stays OFF because ML_CONTROL_MODE=recommend.,Forecast Dry,,"Forecast Dry,DRY;TELEGRAM_COOLDOWN:Forecast Dry,DRY",OK
2026-06-19 14:57:13,32.0,55.0,20.0,24.0,-4.0,2.1,24.0,24.1,24.6,22.7,-0.0,DRY,ON,20.0,20.0,20.0,Dry Forecast,Forecast dry. Recommend watering soon; pump stays OFF because ML_CONTROL_MODE=recommend.,Forecast Dry,,"Forecast Dry,DRY;TELEGRAM_SENT:Forecast Dry,DRY",OK
2026-06-19 14:57:19,32.0,55.0,20.0,24.0,-4.0,2.1,24.0,24.1,24.6,22.7,-0.0,DRY,ON,20.0,20.0,20.0,Dry Forecast,Forecast dry. Recommend watering soon; pump stays OFF because ML_CONTROL_MODE=recommend.,Forecast Dry,,"Forecast Dry,DRY;TELEGRAM_COOLDOWN:Forecast Dry,DRY",OK
2026-06-19 14:57:24,32.0,55.0,20.0,24.0,-4.0,2.1,24.0,24.1,24.6,22.7,-0.0,DRY,ON,20.0,20.0,20.0,Dry Forecast,Forecast dry. Recommend watering soon; pump stays OFF because ML_CONTROL_MODE=recommend.,Forecast Dry,,"Forecast Dry,DRY;TELEGRAM_SENT:Forecast Dry,DRY",OK
2026-06-19 14:57:30,32.0,55.0,20.0,24.0,-4.0,2.1,24.0,24.1,24.6,22.7,-0.0,DRY,ON,20.0,20.0,20.0,Dry Forecast,Forecast dry. Recommend watering soon; pump stays OFF because ML_CONTROL_MODE=recommend.,Forecast Dry,,"Forecast Dry,DRY;TELEGRAM_COOLDOWN:Forecast Dry,DRY",OK
2026-06-19 14:57:37,32.0,55.0,20.0,24.0,-4.0,2.1,24.0,24.1,24.6,22.7,-0.0,DRY,ON,20.0,20.0,20.0,Dry Forecast,Forecast dry. Recommend watering soon; pump stays OFF because ML_CONTROL_MODE=recommend.,Forecast Dry,,"Forecast Dry,DRY;TELEGRAM_SENT:Forecast Dry,DRY",OK
2026-06-19 14:57:43,32.0,55.0,20.0,24.0,-4.0,2.1,24.0,24.1,24.6,22.7,-0.0,DRY,ON,20.0,20.0,20.0,Dry Forecast,Forecast dry. Recommend watering soon; pump stays OFF because ML_CONTROL_MODE=recommend.,Forecast Dry,,"Forecast Dry,DRY;TELEGRAM_COOLDOWN:Forecast Dry,DRY",OK
2026-06-19 14:57:48,32.0,55.0,20.0,24.0,-4.0,2.1,24.0,24.1,24.6,22.7,-0.0,DRY,ON,20.0,20.0,20.0,Dry Forecast,Forecast dry. Recommend watering soon; pump stays OFF because ML_CONTROL_MODE=recommend.,Forecast Dry,,"Forecast Dry,DRY;TELEGRAM_SENT:Forecast Dry,DRY",OK
2026-06-19 14:57:54,32.0,55.0,20.0,24.0,-4.0,2.1,24.0,24.1,24.6,22.7,-0.0,DRY,ON,20.0,20.0,20.0,Dry Forecast,Forecast dry. Recommend watering soon; pump stays OFF because ML_CONTROL_MODE=recommend.,Forecast Dry,,"Forecast Dry,DRY;TELEGRAM_COOLDOWN:Forecast Dry,DRY",OK
2026-06-19 14:57:59,32.0,55.0,20.0,24.0,-4.0,2.1,24.0,24.1,24.6,22.7,-0.0,DRY,ON,20.0,20.0,20.0,Dry Forecast,Forecast dry. Recommend watering soon; pump stays OFF because ML_CONTROL_MODE=recommend.,Forecast Dry,,"Forecast Dry,DRY;TELEGRAM_SENT:Forecast Dry,DRY",OK
2026-06-19 14:58:08,32.0,55.0,20.0,24.0,-4.0,2.1,24.0,24.1,24.6,22.7,-0.0,DRY,ON,20.0,20.0,20.0,Dry Forecast,Forecast dry. Recommend watering soon; pump stays OFF because ML_CONTROL_MODE=recommend.,Forecast Dry,,"Forecast Dry,DRY;TELEGRAM_COOLDOWN:Forecast Dry,DRY",OK
2026-06-19 14:58:13,32.0,55.0,20.0,24.0,-4.0,2.1,24.0,24.1,24.6,22.7,-0.0,DRY,ON,20.0,20.0,20.0,Dry Forecast,Forecast dry. Recommend watering soon; pump stays OFF because ML_CONTROL_MODE=recommend.,Forecast Dry,,"Forecast Dry,DRY;TELEGRAM_SENT:Forecast Dry,DRY",OK
2026-06-19 14:58:19,32.0,55.0,20.0,24.0,-4.0,2.1,24.0,24.1,24.6,22.7,-0.0,DRY,ON,20.0,20.0,20.0,Dry Forecast,Forecast dry. Recommend watering soon; pump stays OFF because ML_CONTROL_MODE=recommend.,Forecast Dry,,"Forecast Dry,DRY;TELEGRAM_COOLDOWN:Forecast Dry,DRY",OK
2026-06-19 14:58:24,32.0,55.0,20.0,24.0,-4.0,2.1,24.0,24.1,24.6,22.7,-0.0,DRY,ON,20.0,20.0,20.0,Dry Forecast,Forecast dry. Recommend watering soon; pump stays OFF because ML_CONTROL_MODE=recommend.,Forecast Dry,,"Forecast Dry,DRY;TELEGRAM_SENT:Forecast Dry,DRY",OK
2026-06-19 14:58:30,32.0,55.0,20.0,24.0,-4.0,2.1,24.0,24.1,24.6,22.7,-0.0,DRY,ON,20.0,20.0,20.0,Dry Forecast,Forecast dry. Recommend watering soon; pump stays OFF because ML_CONTROL_MODE=recommend.,Forecast Dry,,"Forecast Dry,DRY;TELEGRAM_COOLDOWN:Forecast Dry,DRY",OK
2026-06-19 14:58:35,32.0,55.0,20.0,24.0,-4.0,2.1,24.0,24.1,24.6,22.7,-0.0,DRY,ON,20.0,20.0,20.0,Dry Forecast,Forecast dry. Recommend watering soon; pump stays OFF because ML_CONTROL_MODE=recommend.,Forecast Dry,,"Forecast Dry,DRY;TELEGRAM_SENT:Forecast Dry,DRY",OK
2026-06-19 14:58:43,32.0,55.0,20.0,24.0,-4.0,2.1,24.0,24.1,24.6,22.7,-0.0,DRY,ON,20.0,20.0,20.0,Dry Forecast,Forecast dry. Recommend watering soon; pump stays OFF because ML_CONTROL_MODE=recommend.,Forecast Dry,,"Forecast Dry,DRY;TELEGRAM_COOLDOWN:Forecast Dry,DRY",OK
2026-06-19 14:58:48,32.0,55.0,20.0,24.0,-4.0,2.1,24.0,24.1,24.6,22.7,-0.0,DRY,ON,20.0,20.0,20.0,Dry Forecast,Forecast dry. Recommend watering soon; pump stays OFF because ML_CONTROL_MODE=recommend.,Forecast Dry,,"Forecast Dry,DRY;TELEGRAM_SENT:Forecast Dry,DRY",OK
2026-06-19 14:58:54,32.0,55.0,20.0,24.0,-4.0,2.1,24.0,24.1,24.6,22.7,-0.0,DRY,ON,20.0,20.0,20.0,Dry Forecast,Forecast dry. Recommend watering soon; pump stays OFF because ML_CONTROL_MODE=recommend.,Forecast Dry,,"Forecast Dry,DRY;TELEGRAM_COOLDOWN:Forecast Dry,DRY",OK
2026-06-19 14:58:59,32.0,55.0,20.0,24.0,-4.0,2.1,24.0,24.1,24.6,22.7,-0.0,DRY,ON,20.0,20.0,20.0,Dry Forecast,Forecast dry. Recommend watering soon; pump stays OFF because ML_CONTROL_MODE=recommend.,Forecast Dry,,"Forecast Dry,DRY;TELEGRAM_SENT:Forecast Dry,DRY",OK
2026-06-19 14:59:05,32.0,55.0,20.0,24.0,-4.0,2.1,24.0,24.1,24.6,22.7,-0.0,DRY,ON,20.0,20.0,20.0,Dry Forecast,Forecast dry. Recommend watering soon; pump stays OFF because ML_CONTROL_MODE=recommend.,Forecast Dry,,"Forecast Dry,DRY;TELEGRAM_COOLDOWN:Forecast Dry,DRY",OK
2026-06-19 14:59:10,32.0,55.0,20.0,24.0,-4.0,2.1,24.0,24.1,24.6,22.7,-0.0,DRY,ON,20.0,20.0,20.0,Dry Forecast,Forecast dry. Recommend watering soon; pump stays OFF because ML_CONTROL_MODE=recommend.,Forecast Dry,,"Forecast Dry,DRY;TELEGRAM_SENT:Forecast Dry,DRY",OK
2026-06-19 14:59:19,32.0,55.0,20.0,24.0,-4.0,2.1,24.0,24.1,24.6,22.7,-0.0,DRY,ON,20.0,20.0,20.0,Dry Forecast,Forecast dry. Recommend watering soon; pump stays OFF because ML_CONTROL_MODE=recommend.,Forecast Dry,,"Forecast Dry,DRY;TELEGRAM_COOLDOWN:Forecast Dry,DRY",OK
2026-06-19 14:59:24,32.0,55.0,20.0,24.0,-4.0,2.1,24.0,24.1,24.6,22.7,-0.0,DRY,ON,20.0,20.0,20.0,Dry Forecast,Forecast dry. Recommend watering soon; pump stays OFF because ML_CONTROL_MODE=recommend.,Forecast Dry,,"Forecast Dry,DRY;TELEGRAM_SENT:Forecast Dry,DRY",OK
2026-06-19 14:59:30,32.0,55.0,20.0,24.0,-4.0,2.1,24.0,24.1,24.6,22.7,-0.0,DRY,ON,20.0,20.0,20.0,Dry Forecast,Forecast dry. Recommend watering soon; pump stays OFF because ML_CONTROL_MODE=recommend.,Forecast Dry,,"Forecast Dry,DRY;TELEGRAM_COOLDOWN:Forecast Dry,DRY",OK
2026-06-19 14:59:35,32.0,55.0,20.0,24.0,-4.0,2.1,24.0,24.1,24.6,22.7,-0.0,DRY,ON,20.0,20.0,20.0,Dry Forecast,Forecast dry. Recommend watering soon; pump stays OFF because ML_CONTROL_MODE=recommend.,Forecast Dry,,"Forecast Dry,DRY;TELEGRAM_SENT:Forecast Dry,DRY",OK
2026-06-19 14:59:41,32.0,55.0,20.0,24.0,-4.0,2.1,24.0,24.1,24.6,22.7,-0.0,DRY,ON,20.0,20.0,20.0,Dry Forecast,Forecast dry. Recommend watering soon; pump stays OFF because ML_CONTROL_MODE=recommend.,Forecast Dry,,"Forecast Dry,DRY;TELEGRAM_COOLDOWN:Forecast Dry,DRY",OK
2026-06-19 14:59:46,32.0,55.0,20.0,24.0,-4.0,2.1,24.0,24.1,24.6,22.7,-0.0,DRY,ON,20.0,20.0,20.0,Dry Forecast,Forecast dry. Recommend watering soon; pump stays OFF because ML_CONTROL_MODE=recommend.,Forecast Dry,,"Forecast Dry,DRY;TELEGRAM_SENT:Forecast Dry,DRY",OK
2026-06-19 14:59:55,32.0,55.0,20.0,24.0,-4.0,2.1,24.0,24.1,24.6,22.7,-0.0,DRY,ON,20.0,20.0,20.0,Dry Forecast,Forecast dry. Recommend watering soon; pump stays OFF because ML_CONTROL_MODE=recommend.,Forecast Dry,,"Forecast Dry,DRY;TELEGRAM_COOLDOWN:Forecast Dry,DRY",OK
2026-06-19 15:00:00,32.0,55.0,20.0,24.0,-4.0,2.1,24.0,24.1,24.6,22.7,-0.0,DRY,ON,20.0,20.0,20.0,Dry Forecast,Forecast dry. Recommend watering soon; pump stays OFF because ML_CONTROL_MODE=recommend.,Forecast Dry,,"Forecast Dry,DRY;TELEGRAM_SENT:Forecast Dry,DRY",OK
2026-06-19 15:00:06,32.0,55.0,20.0,24.0,-4.0,2.1,24.0,24.1,24.6,22.7,-0.0,DRY,ON,20.0,20.0,20.0,Dry Forecast,Forecast dry. Recommend watering soon; pump stays OFF because ML_CONTROL_MODE=recommend.,Forecast Dry,,"Forecast Dry,DRY;TELEGRAM_COOLDOWN:Forecast Dry,DRY",OK
2026-06-19 15:00:11,32.0,55.0,20.0,24.0,-4.0,2.1,24.0,24.1,24.6,22.7,-0.0,DRY,ON,20.0,20.0,20.0,Dry Forecast,Forecast dry. Recommend watering soon; pump stays OFF because ML_CONTROL_MODE=recommend.,Forecast Dry,,"Forecast Dry,DRY;TELEGRAM_SENT:Forecast Dry,DRY",OK
2026-06-19 15:00:17,32.0,55.0,20.0,24.0,-4.0,2.1,24.0,24.1,24.6,22.7,-0.0,DRY,ON,20.0,20.0,20.0,Dry Forecast,Forecast dry. Recommend watering soon; pump stays OFF because ML_CONTROL_MODE=recommend.,Forecast Dry,,"Forecast Dry,DRY;TELEGRAM_COOLDOWN:Forecast Dry,DRY",OK
2026-06-19 15:00:22,32.0,55.0,20.0,24.0,-4.0,2.1,24.0,24.1,24.6,22.7,-0.0,DRY,ON,20.0,20.0,20.0,Dry Forecast,Forecast dry. Recommend watering soon; pump stays OFF because ML_CONTROL_MODE=recommend.,Forecast Dry,,"Forecast Dry,DRY;TELEGRAM_SENT:Forecast Dry,DRY",OK
2026-06-19 15:00:31,32.0,55.0,20.0,24.0,-4.0,2.1,24.0,24.1,24.6,22.7,-0.0,DRY,ON,20.0,20.0,20.0,Dry Forecast,Forecast dry. Recommend watering soon; pump stays OFF because ML_CONTROL_MODE=recommend.,Forecast Dry,,"Forecast Dry,DRY;TELEGRAM_COOLDOWN:Forecast Dry,DRY",OK
2026-06-19 15:00:36,32.0,55.0,20.0,24.0,-4.0,2.1,24.0,24.1,24.6,22.7,-0.0,DRY,ON,20.0,20.0,20.0,Dry Forecast,Forecast dry. Recommend watering soon; pump stays OFF because ML_CONTROL_MODE=recommend.,Forecast Dry,,"Forecast Dry,DRY;TELEGRAM_SENT:Forecast Dry,DRY",OK
2026-06-19 15:00:42,32.0,55.0,20.0,24.0,-4.0,2.1,24.0,24.1,24.6,22.7,-0.0,DRY,ON,20.0,20.0,20.0,Dry Forecast,Forecast dry. Recommend watering soon; pump stays OFF because ML_CONTROL_MODE=recommend.,Forecast Dry,,"Forecast Dry,DRY;TELEGRAM_COOLDOWN:Forecast Dry,DRY",OK
2026-06-19 15:00:47,32.0,55.0,20.0,24.0,-4.0,2.1,24.0,24.1,24.6,22.7,-0.0,DRY,ON,20.0,20.0,20.0,Dry Forecast,Forecast dry. Recommend watering soon; pump stays OFF because ML_CONTROL_MODE=recommend.,Forecast Dry,,"Forecast Dry,DRY;TELEGRAM_SENT:Forecast Dry,DRY",OK
2026-06-19 15:00:53,32.0,55.0,20.0,24.0,-4.0,2.1,24.0,24.1,24.6,22.7,-0.0,DRY,ON,20.0,20.0,20.0,Dry Forecast,Forecast dry. Recommend watering soon; pump stays OFF because ML_CONTROL_MODE=recommend.,Forecast Dry,,"Forecast Dry,DRY;TELEGRAM_COOLDOWN:Forecast Dry,DRY",OK
2026-06-19 15:00:58,32.0,55.0,20.0,24.0,-4.0,2.1,24.0,24.1,24.6,22.7,-0.0,DRY,ON,20.0,20.0,20.0,Dry Forecast,Forecast dry. Recommend watering soon; pump stays OFF because ML_CONTROL_MODE=recommend.,Forecast Dry,,"Forecast Dry,DRY;TELEGRAM_SENT:Forecast Dry,DRY",OK
2026-06-19 15:01:07,32.0,55.0,20.0,24.0,-4.0,2.1,24.0,24.1,24.6,22.7,-0.0,DRY,ON,20.0,20.0,20.0,Dry Forecast,Forecast dry. Recommend watering soon; pump stays OFF because ML_CONTROL_MODE=recommend.,Forecast Dry,,"Forecast Dry,DRY;TELEGRAM_COOLDOWN:Forecast Dry,DRY",OK
2026-06-19 15:01:12,32.0,55.0,20.0,24.0,-4.0,2.1,24.0,24.1,24.6,22.7,-0.0,DRY,ON,20.0,20.0,20.0,Dry Forecast,Forecast dry. Recommend watering soon; pump stays OFF because ML_CONTROL_MODE=recommend.,Forecast Dry,,"Forecast Dry,DRY;TELEGRAM_SENT:Forecast Dry,DRY",OK
2026-06-19 15:01:17,32.0,55.0,20.0,24.0,-4.0,2.1,24.0,24.1,24.6,22.7,-0.0,DRY,ON,20.0,20.0,20.0,Dry Forecast,Forecast dry. Recommend watering soon; pump stays OFF because ML_CONTROL_MODE=recommend.,Forecast Dry,,"Forecast Dry,DRY;TELEGRAM_COOLDOWN:Forecast Dry,DRY",OK
2026-06-19 15:01:23,32.0,55.0,20.0,24.0,-4.0,2.1,24.0,24.1,24.6,22.7,-0.0,DRY,ON,20.0,20.0,20.0,Dry Forecast,Forecast dry. Recommend watering soon; pump stays OFF because ML_CONTROL_MODE=recommend.,Forecast Dry,,"Forecast Dry,DRY;TELEGRAM_SENT:Forecast Dry,DRY",OK
2026-06-19 15:01:28,32.0,55.0,20.0,24.0,-4.0,2.1,24.0,24.1,24.6,22.7,-0.0,DRY,ON,20.0,20.0,20.0,Dry Forecast,Forecast dry. Recommend watering soon; pump stays OFF because ML_CONTROL_MODE=recommend.,Forecast Dry,,"Forecast Dry,DRY;TELEGRAM_COOLDOWN:Forecast Dry,DRY",OK
2026-06-19 15:01:33,32.0,55.0,20.0,24.0,-4.0,2.1,24.0,24.1,24.6,22.7,-0.0,DRY,ON,20.0,20.0,20.0,Dry Forecast,Forecast dry. Recommend watering soon; pump stays OFF because ML_CONTROL_MODE=recommend.,Forecast Dry,,"Forecast Dry,DRY;TELEGRAM_SENT:Forecast Dry,DRY",OK
2026-06-19 15:01:42,32.0,55.0,20.0,24.0,-4.0,2.1,24.0,24.1,24.6,22.7,-0.0,DRY,ON,20.0,20.0,20.0,Dry Forecast,Forecast dry. Recommend watering soon; pump stays OFF because ML_CONTROL_MODE=recommend.,Forecast Dry,,"Forecast Dry,DRY;TELEGRAM_COOLDOWN:Forecast Dry,DRY",OK
2026-06-19 15:01:47,32.0,55.0,20.0,24.0,-4.0,2.1,24.0,24.1,24.6,22.7,-0.0,DRY,ON,20.0,20.0,20.0,Dry Forecast,Forecast dry. Recommend watering soon; pump stays OFF because ML_CONTROL_MODE=recommend.,Forecast Dry,,"Forecast Dry,DRY;TELEGRAM_SENT:Forecast Dry,DRY",OK
2026-06-19 15:01:53,32.0,55.0,20.0,24.0,-4.0,2.1,24.0,24.1,24.6,22.7,-0.0,DRY,ON,20.0,20.0,20.0,Dry Forecast,Forecast dry. Recommend watering soon; pump stays OFF because ML_CONTROL_MODE=recommend.,Forecast Dry,,"Forecast Dry,DRY;TELEGRAM_COOLDOWN:Forecast Dry,DRY",OK
2026-06-19 15:01:58,32.0,55.0,20.0,24.0,-4.0,2.1,24.0,24.1,24.6,22.7,-0.0,DRY,ON,20.0,20.0,20.0,Dry Forecast,Forecast dry. Recommend watering soon; pump stays OFF because ML_CONTROL_MODE=recommend.,Forecast Dry,,"Forecast Dry,DRY;TELEGRAM_SENT:Forecast Dry,DRY",OK
2026-06-19 15:02:04,32.0,55.0,20.0,24.0,-4.0,2.1,24.0,24.1,24.6,22.7,-0.0,DRY,ON,20.0,20.0,20.0,Dry Forecast,Forecast dry. Recommend watering soon; pump stays OFF because ML_CONTROL_MODE=recommend.,Forecast Dry,,"Forecast Dry,DRY;TELEGRAM_COOLDOWN:Forecast Dry,DRY",OK
2026-06-19 15:02:09,32.0,55.0,20.0,24.0,-4.0,2.1,24.0,24.1,24.6,22.7,-0.0,DRY,ON,20.0,20.0,20.0,Dry Forecast,Forecast dry. Recommend watering soon; pump stays OFF because ML_CONTROL_MODE=recommend.,Forecast Dry,,"Forecast Dry,DRY;TELEGRAM_SENT:Forecast Dry,DRY",OK
2026-06-19 15:02:18,32.0,55.0,20.0,24.0,-4.0,2.1,24.0,24.1,24.6,22.7,-0.0,DRY,ON,20.0,20.0,20.0,Dry Forecast,Forecast dry. Recommend watering soon; pump stays OFF because ML_CONTROL_MODE=recommend.,Forecast Dry,,"Forecast Dry,DRY;TELEGRAM_COOLDOWN:Forecast Dry,DRY",OK
2026-06-19 15:02:23,32.0,55.0,20.0,24.0,-4.0,2.1,24.0,24.1,24.6,22.7,-0.0,DRY,ON,20.0,20.0,20.0,Dry Forecast,Forecast dry. Recommend watering soon; pump stays OFF because ML_CONTROL_MODE=recommend.,Forecast Dry,,"Forecast Dry,DRY;TELEGRAM_SENT:Forecast Dry,DRY",OK
2026-06-19 15:02:29,32.0,55.0,20.0,24.0,-4.0,2.1,24.0,24.1,24.6,22.7,-0.0,DRY,ON,20.0,20.0,20.0,Dry Forecast,Forecast dry. Recommend watering soon; pump stays OFF because ML_CONTROL_MODE=recommend.,Forecast Dry,,"Forecast Dry,DRY;TELEGRAM_COOLDOWN:Forecast Dry,DRY",OK
2026-06-19 15:02:34,32.0,55.0,20.0,24.0,-4.0,2.1,24.0,24.1,24.6,22.7,-0.0,DRY,ON,20.0,20.0,20.0,Dry Forecast,Forecast dry. Recommend watering soon; pump stays OFF because ML_CONTROL_MODE=recommend.,Forecast Dry,,"Forecast Dry,DRY;TELEGRAM_SENT:Forecast Dry,DRY",OK
2026-06-19 15:02:40,32.0,55.0,20.0,24.0,-4.0,2.1,24.0,24.1,24.6,22.7,-0.0,DRY,ON,20.0,20.0,20.0,Dry Forecast,Forecast dry. Recommend watering soon; pump stays OFF because ML_CONTROL_MODE=recommend.,Forecast Dry,,"Forecast Dry,DRY;TELEGRAM_COOLDOWN:Forecast Dry,DRY",OK
2026-06-19 15:02:45,32.0,55.0,20.0,24.0,-4.0,2.1,24.0,24.1,24.6,22.7,-0.0,DRY,ON,20.0,20.0,20.0,Dry Forecast,Forecast dry. Recommend watering soon; pump stays OFF because ML_CONTROL_MODE=recommend.,Forecast Dry,,"Forecast Dry,DRY;TELEGRAM_SENT:Forecast Dry,DRY",OK
2026-06-19 15:02:54,32.0,55.0,20.0,24.0,-4.0,2.1,24.0,24.1,24.6,22.7,-0.0,DRY,ON,20.0,20.0,20.0,Dry Forecast,Forecast dry. Recommend watering soon; pump stays OFF because ML_CONTROL_MODE=recommend.,Forecast Dry,,"Forecast Dry,DRY;TELEGRAM_COOLDOWN:Forecast Dry,DRY",OK
2026-06-19 15:02:59,32.0,55.0,20.0,24.0,-4.0,2.1,24.0,24.1,24.6,22.7,-0.0,DRY,ON,20.0,20.0,20.0,Dry Forecast,Forecast dry. Recommend watering soon; pump stays OFF because ML_CONTROL_MODE=recommend.,Forecast Dry,,"Forecast Dry,DRY;TELEGRAM_SENT:Forecast Dry,DRY",OK
2026-06-19 15:03:04,32.0,55.0,20.0,24.0,-4.0,2.1,24.0,24.1,24.6,22.7,-0.0,DRY,ON,20.0,20.0,20.0,Dry Forecast,Forecast dry. Recommend watering soon; pump stays OFF because ML_CONTROL_MODE=recommend.,Forecast Dry,,"Forecast Dry,DRY;TELEGRAM_COOLDOWN:Forecast Dry,DRY",OK
2026-06-19 15:03:09,32.0,55.0,20.0,24.0,-4.0,2.1,24.0,24.1,24.6,22.7,-0.0,DRY,ON,20.0,20.0,20.0,Dry Forecast,Forecast dry. Recommend watering soon; pump stays OFF because ML_CONTROL_MODE=recommend.,Forecast Dry,,"Forecast Dry,DRY;TELEGRAM_SENT:Forecast Dry,DRY",OK
2026-06-19 15:03:15,32.0,55.0,20.0,24.0,-4.0,2.1,24.0,24.1,24.6,22.7,-0.0,DRY,ON,20.0,20.0,20.0,Dry Forecast,Forecast dry. Recommend watering soon; pump stays OFF because ML_CONTROL_MODE=recommend.,Forecast Dry,,"Forecast Dry,DRY;TELEGRAM_COOLDOWN:Forecast Dry,DRY",OK
2026-06-19 15:03:20,32.0,55.0,20.0,24.0,-4.0,2.1,24.0,24.1,24.6,22.7,-0.0,DRY,ON,20.0,20.0,20.0,Dry Forecast,Forecast dry. Recommend watering soon; pump stays OFF because ML_CONTROL_MODE=recommend.,Forecast Dry,,"Forecast Dry,DRY;TELEGRAM_SENT:Forecast Dry,DRY",OK
2026-06-19 15:03:29,32.0,55.0,20.0,24.0,-4.0,2.1,24.0,24.1,24.6,22.7,-0.0,DRY,ON,20.0,20.0,20.0,Dry Forecast,Forecast dry. Recommend watering soon; pump stays OFF because ML_CONTROL_MODE=recommend.,Forecast Dry,,"Forecast Dry,DRY;TELEGRAM_COOLDOWN:Forecast Dry,DRY",OK
2026-06-19 15:03:34,32.0,55.0,20.0,24.0,-4.0,2.1,24.0,24.1,24.6,22.7,-0.0,DRY,ON,20.0,20.0,20.0,Dry Forecast,Forecast dry. Recommend watering soon; pump stays OFF because ML_CONTROL_MODE=recommend.,Forecast Dry,,"Forecast Dry,DRY;TELEGRAM_SENT:Forecast Dry,DRY",OK
2026-06-19 15:03:40,32.0,55.0,20.0,24.0,-4.0,2.1,24.0,24.1,24.6,22.7,-0.0,DRY,ON,20.0,20.0,20.0,Dry Forecast,Forecast dry. Recommend watering soon; pump stays OFF because ML_CONTROL_MODE=recommend.,Forecast Dry,,"Forecast Dry,DRY;TELEGRAM_COOLDOWN:Forecast Dry,DRY",OK
2026-06-19 15:03:45,32.0,55.0,20.0,24.0,-4.0,2.1,24.0,24.1,24.6,22.7,-0.0,DRY,ON,20.0,20.0,20.0,Dry Forecast,Forecast dry. Recommend watering soon; pump stays OFF because ML_CONTROL_MODE=recommend.,Forecast Dry,,"Forecast Dry,DRY;TELEGRAM_SENT:Forecast Dry,DRY",OK
2026-06-19 15:03:52,32.0,55.0,20.0,24.0,-4.0,2.1,24.0,24.1,24.6,22.7,-0.0,DRY,ON,20.0,20.0,20.0,Dry Forecast,Forecast dry. Recommend watering soon; pump stays OFF because ML_CONTROL_MODE=recommend.,Forecast Dry,,"Forecast Dry,DRY;TELEGRAM_COOLDOWN:Forecast Dry,DRY",OK
2026-06-19 15:03:59,32.0,55.0,20.0,24.0,-4.0,2.1,24.0,24.1,24.6,22.7,-0.0,DRY,ON,20.0,20.0,20.0,Dry Forecast,Forecast dry. Recommend watering soon; pump stays OFF because ML_CONTROL_MODE=recommend.,Forecast Dry,,"Forecast Dry,DRY;TELEGRAM_SENT:Forecast Dry,DRY",OK
2026-06-19 15:04:05,32.0,55.0,20.0,24.0,-4.0,2.1,24.0,24.1,24.6,22.7,-0.0,DRY,ON,20.0,20.0,20.0,Dry Forecast,Forecast dry. Recommend watering soon; pump stays OFF because ML_CONTROL_MODE=recommend.,Forecast Dry,,"Forecast Dry,DRY;TELEGRAM_COOLDOWN:Forecast Dry,DRY",OK
2026-06-19 15:04:10,32.0,55.0,20.0,24.0,-4.0,2.1,24.0,24.1,24.6,22.7,-0.0,DRY,ON,20.0,20.0,20.0,Dry Forecast,Forecast dry. Recommend watering soon; pump stays OFF because ML_CONTROL_MODE=recommend.,Forecast Dry,,"Forecast Dry,DRY;TELEGRAM_SENT:Forecast Dry,DRY",OK
2026-06-19 15:04:16,32.0,55.0,20.0,24.0,-4.0,2.1,24.0,24.1,24.6,22.7,-0.0,DRY,ON,20.0,20.0,20.0,Dry Forecast,Forecast dry. Recommend watering soon; pump stays OFF because ML_CONTROL_MODE=recommend.,Forecast Dry,,"Forecast Dry,DRY;TELEGRAM_COOLDOWN:Forecast Dry,DRY",OK
2026-06-19 15:04:21,32.0,55.0,20.0,24.0,-4.0,2.1,24.0,24.1,24.6,22.7,-0.0,DRY,ON,20.0,20.0,20.0,Dry Forecast,Forecast dry. Recommend watering soon; pump stays OFF because ML_CONTROL_MODE=recommend.,Forecast Dry,,"Forecast Dry,DRY;TELEGRAM_SENT:Forecast Dry,DRY",OK
2026-06-19 15:04:27,32.0,55.0,20.0,24.0,-4.0,2.1,24.0,24.1,24.6,22.7,-0.0,DRY,ON,20.0,20.0,20.0,Dry Forecast,Forecast dry. Recommend watering soon; pump stays OFF because ML_CONTROL_MODE=recommend.,Forecast Dry,,"Forecast Dry,DRY;TELEGRAM_COOLDOWN:Forecast Dry,DRY",OK
2026-06-19 15:04:35,32.0,55.0,20.0,24.0,-4.0,2.1,24.0,24.1,24.6,22.7,-0.0,DRY,ON,20.0,20.0,20.0,Dry Forecast,Forecast dry. Recommend watering soon; pump stays OFF because ML_CONTROL_MODE=recommend.,Forecast Dry,,"Forecast Dry,DRY;TELEGRAM_SENT:Forecast Dry,DRY",OK
2026-06-19 15:04:41,32.0,55.0,20.0,24.0,-4.0,2.1,24.0,24.1,24.6,22.7,-0.0,DRY,ON,20.0,20.0,20.0,Dry Forecast,Forecast dry. Recommend watering soon; pump stays OFF because ML_CONTROL_MODE=recommend.,Forecast Dry,,"Forecast Dry,DRY;TELEGRAM_COOLDOWN:Forecast Dry,DRY",OK
2026-06-19 15:04:46,32.0,55.0,20.0,24.0,-4.0,2.1,24.0,24.1,24.6,22.7,-0.0,DRY,ON,20.0,20.0,20.0,Dry Forecast,Forecast dry. Recommend watering soon; pump stays OFF because ML_CONTROL_MODE=recommend.,Forecast Dry,,"Forecast Dry,DRY;TELEGRAM_SENT:Forecast Dry,DRY",OK
2026-06-19 15:04:52,32.0,55.0,20.0,24.0,-4.0,2.1,24.0,24.1,24.6,22.7,-0.0,DRY,ON,20.0,20.0,20.0,Dry Forecast,Forecast dry. Recommend watering soon; pump stays OFF because ML_CONTROL_MODE=recommend.,Forecast Dry,,"Forecast Dry,DRY;TELEGRAM_COOLDOWN:Forecast Dry,DRY",OK
2026-06-19 15:04:57,32.0,55.0,20.0,24.0,-4.0,2.1,24.0,24.1,24.6,22.7,-0.0,DRY,ON,20.0,20.0,20.0,Dry Forecast,Forecast dry. Recommend watering soon; pump stays OFF because ML_CONTROL_MODE=recommend.,Forecast Dry,,"Forecast Dry,DRY;TELEGRAM_SENT:Forecast Dry,DRY",OK
2026-06-19 15:05:03,32.0,55.0,20.0,24.0,-4.0,2.1,24.0,24.1,24.6,22.7,-0.0,DRY,ON,20.0,20.0,20.0,Dry Forecast,Forecast dry. Recommend watering soon; pump stays OFF because ML_CONTROL_MODE=recommend.,Forecast Dry,,"Forecast Dry,DRY;TELEGRAM_COOLDOWN:Forecast Dry,DRY",OK
2026-06-19 15:05:11,32.0,55.0,20.0,24.0,-4.0,2.1,24.0,24.1,24.6,22.7,-0.0,DRY,ON,20.0,20.0,20.0,Dry Forecast,Forecast dry. Recommend watering soon; pump stays OFF because ML_CONTROL_MODE=recommend.,Forecast Dry,,"Forecast Dry,DRY;TELEGRAM_SENT:Forecast Dry,DRY",OK
2026-06-19 15:05:17,32.0,55.0,20.0,24.0,-4.0,2.1,24.0,24.1,24.6,22.7,-0.0,DRY,ON,20.0,20.0,20.0,Dry Forecast,Forecast dry. Recommend watering soon; pump stays OFF because ML_CONTROL_MODE=recommend.,Forecast Dry,,"Forecast Dry,DRY;TELEGRAM_COOLDOWN:Forecast Dry,DRY",OK
2026-06-19 15:05:22,32.0,55.0,20.0,24.0,-4.0,2.1,24.0,24.1,24.6,22.7,-0.0,DRY,ON,20.0,20.0,20.0,Dry Forecast,Forecast dry. Recommend watering soon; pump stays OFF because ML_CONTROL_MODE=recommend.,Forecast Dry,,"Forecast Dry,DRY;TELEGRAM_SENT:Forecast Dry,DRY",OK
2026-06-19 15:05:28,32.0,55.0,20.0,24.0,-4.0,2.1,24.0,24.1,24.6,22.7,-0.0,DRY,ON,20.0,20.0,20.0,Dry Forecast,Forecast dry. Recommend watering soon; pump stays OFF because ML_CONTROL_MODE=recommend.,Forecast Dry,,"Forecast Dry,DRY;TELEGRAM_COOLDOWN:Forecast Dry,DRY",OK
2026-06-19 15:05:33,32.0,55.0,20.0,24.0,-4.0,2.1,24.0,24.1,24.6,22.7,-0.0,DRY,ON,20.0,20.0,20.0,Dry Forecast,Forecast dry. Recommend watering soon; pump stays OFF because ML_CONTROL_MODE=recommend.,Forecast Dry,,"Forecast Dry,DRY;TELEGRAM_SENT:Forecast Dry,DRY",OK
2026-06-19 15:05:39,32.0,55.0,20.0,24.0,-4.0,2.1,24.0,24.1,24.6,22.7,-0.0,DRY,ON,20.0,20.0,20.0,Dry Forecast,Forecast dry. Recommend watering soon; pump stays OFF because ML_CONTROL_MODE=recommend.,Forecast Dry,,"Forecast Dry,DRY;TELEGRAM_COOLDOWN:Forecast Dry,DRY",OK
2026-06-19 15:05:47,32.0,55.0,20.0,24.0,-4.0,2.1,24.0,24.1,24.6,22.7,-0.0,DRY,ON,20.0,20.0,20.0,Dry Forecast,Forecast dry. Recommend watering soon; pump stays OFF because ML_CONTROL_MODE=recommend.,Forecast Dry,,"Forecast Dry,DRY;TELEGRAM_SENT:Forecast Dry,DRY",OK
2026-06-19 15:05:53,32.0,55.0,20.0,24.0,-4.0,2.1,24.0,24.1,24.6,22.7,-0.0,DRY,ON,20.0,20.0,20.0,Dry Forecast,Forecast dry. Recommend watering soon; pump stays OFF because ML_CONTROL_MODE=recommend.,Forecast Dry,,"Forecast Dry,DRY;TELEGRAM_COOLDOWN:Forecast Dry,DRY",OK
2026-06-19 15:05:58,32.0,55.0,20.0,24.0,-4.0,2.1,24.0,24.1,24.6,22.7,-0.0,DRY,ON,20.0,20.0,20.0,Dry Forecast,Forecast dry. Recommend watering soon; pump stays OFF because ML_CONTROL_MODE=recommend.,Forecast Dry,,"Forecast Dry,DRY;TELEGRAM_SENT:Forecast Dry,DRY",OK
2026-06-19 15:06:04,32.0,55.0,20.0,24.0,-4.0,2.1,24.0,24.1,24.6,22.7,-0.0,DRY,ON,20.0,20.0,20.0,Dry Forecast,Forecast dry. Recommend watering soon; pump stays OFF because ML_CONTROL_MODE=recommend.,Forecast Dry,,"Forecast Dry,DRY;TELEGRAM_COOLDOWN:Forecast Dry,DRY",OK
2026-06-19 15:06:09,32.0,55.0,20.0,24.0,-4.0,2.1,24.0,24.1,24.6,22.7,-0.0,DRY,ON,20.0,20.0,20.0,Dry Forecast,Forecast dry. Recommend watering soon; pump stays OFF because ML_CONTROL_MODE=recommend.,Forecast Dry,,"Forecast Dry,DRY;TELEGRAM_SENT:Forecast Dry,DRY",OK
2026-06-19 15:06:15,32.0,55.0,20.0,24.0,-4.0,2.1,24.0,24.1,24.6,22.7,-0.0,DRY,ON,20.0,20.0,20.0,Dry Forecast,Forecast dry. Recommend watering soon; pump stays OFF because ML_CONTROL_MODE=recommend.,Forecast Dry,,"Forecast Dry,DRY;TELEGRAM_COOLDOWN:Forecast Dry,DRY",OK
2026-06-19 15:06:22,32.0,55.0,20.0,24.0,-4.0,2.1,24.0,24.1,24.6,22.7,-0.0,DRY,ON,20.0,20.0,20.0,Dry Forecast,Forecast dry. Recommend watering soon; pump stays OFF because ML_CONTROL_MODE=recommend.,Forecast Dry,,"Forecast Dry,DRY;TELEGRAM_SENT:Forecast Dry,DRY",OK
2026-06-19 15:06:28,32.0,55.0,20.0,24.0,-4.0,2.1,24.0,24.1,24.6,22.7,-0.0,DRY,ON,20.0,20.0,20.0,Dry Forecast,Forecast dry. Recommend watering soon; pump stays OFF because ML_CONTROL_MODE=recommend.,Forecast Dry,,"Forecast Dry,DRY;TELEGRAM_COOLDOWN:Forecast Dry,DRY",OK
2026-06-19 15:06:33,32.0,55.0,20.0,24.0,-4.0,2.1,24.0,24.1,24.6,22.7,-0.0,DRY,ON,20.0,20.0,20.0,Dry Forecast,Forecast dry. Recommend watering soon; pump stays OFF because ML_CONTROL_MODE=recommend.,Forecast Dry,,"Forecast Dry,DRY;TELEGRAM_SENT:Forecast Dry,DRY",OK
2026-06-19 15:06:39,32.0,55.0,20.0,24.0,-4.0,2.1,24.0,24.1,24.6,22.7,-0.0,DRY,ON,20.0,20.0,20.0,Dry Forecast,Forecast dry. Recommend watering soon; pump stays OFF because ML_CONTROL_MODE=recommend.,Forecast Dry,,"Forecast Dry,DRY;TELEGRAM_COOLDOWN:Forecast Dry,DRY",OK
2026-06-19 15:06:44,32.0,55.0,20.0,24.0,-4.0,2.1,24.0,24.1,24.6,22.7,-0.0,DRY,ON,20.0,20.0,20.0,Dry Forecast,Forecast dry. Recommend watering soon; pump stays OFF because ML_CONTROL_MODE=recommend.,Forecast Dry,,"Forecast Dry,DRY;TELEGRAM_SENT:Forecast Dry,DRY",OK
2026-06-19 15:06:50,32.0,55.0,20.0,24.0,-4.0,2.1,24.0,24.1,24.6,22.7,-0.0,DRY,ON,20.0,20.0,20.0,Dry Forecast,Forecast dry. Recommend watering soon; pump stays OFF because ML_CONTROL_MODE=recommend.,Forecast Dry,,"Forecast Dry,DRY;TELEGRAM_COOLDOWN:Forecast Dry,DRY",OK
2026-06-19 15:06:58,32.0,55.0,20.0,24.0,-4.0,2.1,24.0,24.1,24.6,22.7,-0.0,DRY,ON,20.0,20.0,20.0,Dry Forecast,Forecast dry. Recommend watering soon; pump stays OFF because ML_CONTROL_MODE=recommend.,Forecast Dry,,"Forecast Dry,DRY;TELEGRAM_SENT:Forecast Dry,DRY",OK
2026-06-19 15:07:03,32.0,55.0,20.0,24.0,-4.0,2.1,24.0,24.1,24.6,22.7,-0.0,DRY,ON,20.0,20.0,20.0,Dry Forecast,Forecast dry. Recommend watering soon; pump stays OFF because ML_CONTROL_MODE=recommend.,Forecast Dry,,"Forecast Dry,DRY;TELEGRAM_COOLDOWN:Forecast Dry,DRY",OK
2026-06-19 15:07:09,32.0,55.0,20.0,24.0,-4.0,2.1,24.0,24.1,24.6,22.7,-0.0,DRY,ON,20.0,20.0,20.0,Dry Forecast,Forecast dry. Recommend watering soon; pump stays OFF because ML_CONTROL_MODE=recommend.,Forecast Dry,,"Forecast Dry,DRY;TELEGRAM_SENT:Forecast Dry,DRY",OK
2026-06-19 15:07:14,32.0,55.0,20.0,24.0,-4.0,2.1,24.0,24.1,24.6,22.7,-0.0,DRY,ON,20.0,20.0,20.0,Dry Forecast,Forecast dry. Recommend watering soon; pump stays OFF because ML_CONTROL_MODE=recommend.,Forecast Dry,,"Forecast Dry,DRY;TELEGRAM_COOLDOWN:Forecast Dry,DRY",OK
2026-06-19 15:07:19,32.0,55.0,20.0,24.0,-4.0,2.1,24.0,24.1,24.6,22.7,-0.0,DRY,ON,20.0,20.0,20.0,Dry Forecast,Forecast dry. Recommend watering soon; pump stays OFF because ML_CONTROL_MODE=recommend.,Forecast Dry,,"Forecast Dry,DRY;TELEGRAM_SENT:Forecast Dry,DRY",OK
2026-06-19 15:07:25,32.0,55.0,20.0,24.0,-4.0,2.1,24.0,24.1,24.6,22.7,-0.0,DRY,ON,20.0,20.0,20.0,Dry Forecast,Forecast dry. Recommend watering soon; pump stays OFF because ML_CONTROL_MODE=recommend.,Forecast Dry,,"Forecast Dry,DRY;TELEGRAM_COOLDOWN:Forecast Dry,DRY",OK
2026-06-19 15:07:33,32.0,55.0,20.0,24.0,-4.0,2.1,24.0,24.1,24.6,22.7,-0.0,DRY,ON,20.0,20.0,20.0,Dry Forecast,Forecast dry. Recommend watering soon; pump stays OFF because ML_CONTROL_MODE=recommend.,Forecast Dry,,"Forecast Dry,DRY;TELEGRAM_SENT:Forecast Dry,DRY",OK
2026-06-19 15:07:39,32.0,55.0,20.0,24.0,-4.0,2.1,24.0,24.1,24.6,22.7,-0.0,DRY,ON,20.0,20.0,20.0,Dry Forecast,Forecast dry. Recommend watering soon; pump stays OFF because ML_CONTROL_MODE=recommend.,Forecast Dry,,"Forecast Dry,DRY;TELEGRAM_COOLDOWN:Forecast Dry,DRY",OK
2026-06-19 15:07:44,32.0,55.0,20.0,24.0,-4.0,2.1,24.0,24.1,24.6,22.7,-0.0,DRY,ON,20.0,20.0,20.0,Dry Forecast,Forecast dry. Recommend watering soon; pump stays OFF because ML_CONTROL_MODE=recommend.,Forecast Dry,,"Forecast Dry,DRY;TELEGRAM_SENT:Forecast Dry,DRY",OK
2026-06-19 15:07:51,32.0,55.0,20.0,24.0,-4.0,2.1,24.0,24.1,24.6,22.7,-0.0,DRY,ON,20.0,20.0,20.0,Dry Forecast,Forecast dry. Recommend watering soon; pump stays OFF because ML_CONTROL_MODE=recommend.,Forecast Dry,,"Forecast Dry,DRY;TELEGRAM_COOLDOWN:Forecast Dry,DRY",OK
2026-06-19 15:07:56,32.0,55.0,20.0,24.0,-4.0,2.1,24.0,24.1,24.6,22.7,-0.0,DRY,ON,20.0,20.0,20.0,Dry Forecast,Forecast dry. Recommend watering soon; pump stays OFF because ML_CONTROL_MODE=recommend.,Forecast Dry,,"Forecast Dry,DRY;TELEGRAM_SENT:Forecast Dry,DRY",OK
2026-06-19 15:08:01,32.0,55.0,20.0,24.0,-4.0,2.1,24.0,24.1,24.6,22.7,-0.0,DRY,ON,20.0,20.0,20.0,Dry Forecast,Forecast dry. Recommend watering soon; pump stays OFF because ML_CONTROL_MODE=recommend.,Forecast Dry,,"Forecast Dry,DRY;TELEGRAM_COOLDOWN:Forecast Dry,DRY",OK
2026-06-19 15:08:09,32.0,55.0,20.0,24.0,-4.0,2.1,24.0,24.1,24.6,22.7,-0.0,DRY,ON,20.0,20.0,20.0,Dry Forecast,Forecast dry. Recommend watering soon; pump stays OFF because ML_CONTROL_MODE=recommend.,Forecast Dry,,"Forecast Dry,DRY;TELEGRAM_SENT:Forecast Dry,DRY",OK
2026-06-19 15:08:15,32.0,55.0,20.0,24.0,-4.0,2.1,24.0,24.1,24.6,22.7,-0.0,DRY,ON,20.0,20.0,20.0,Dry Forecast,Forecast dry. Recommend watering soon; pump stays OFF because ML_CONTROL_MODE=recommend.,Forecast Dry,,"Forecast Dry,DRY;TELEGRAM_COOLDOWN:Forecast Dry,DRY",OK
2026-06-19 15:08:20,32.0,55.0,20.0,24.0,-4.0,2.1,24.0,24.1,24.6,22.7,-0.0,DRY,ON,20.0,20.0,20.0,Dry Forecast,Forecast dry. Recommend watering soon; pump stays OFF because ML_CONTROL_MODE=recommend.,Forecast Dry,,"Forecast Dry,DRY;TELEGRAM_SENT:Forecast Dry,DRY",OK
2026-06-19 15:08:26,32.0,55.0,20.0,24.0,-4.0,2.1,24.0,24.1,24.6,22.7,-0.0,DRY,ON,20.0,20.0,20.0,Dry Forecast,Forecast dry. Recommend watering soon; pump stays OFF because ML_CONTROL_MODE=recommend.,Forecast Dry,,"Forecast Dry,DRY;TELEGRAM_COOLDOWN:Forecast Dry,DRY",OK
2026-06-19 15:08:31,32.0,55.0,20.0,24.0,-4.0,2.1,24.0,24.1,24.6,22.7,-0.0,DRY,ON,20.0,20.0,20.0,Dry Forecast,Forecast dry. Recommend watering soon; pump stays OFF because ML_CONTROL_MODE=recommend.,Forecast Dry,,"Forecast Dry,DRY;TELEGRAM_SENT:Forecast Dry,DRY",OK
2026-06-19 15:08:37,32.0,55.0,20.0,24.0,-4.0,2.1,24.0,24.1,24.6,22.7,-0.0,DRY,ON,20.0,20.0,20.0,Dry Forecast,Forecast dry. Recommend watering soon; pump stays OFF because ML_CONTROL_MODE=recommend.,Forecast Dry,,"Forecast Dry,DRY;TELEGRAM_COOLDOWN:Forecast Dry,DRY",OK
2026-06-19 15:08:45,32.0,55.0,20.0,24.0,-4.0,2.1,24.0,24.1,24.6,22.7,-0.0,DRY,ON,20.0,20.0,20.0,Dry Forecast,Forecast dry. Recommend watering soon; pump stays OFF because ML_CONTROL_MODE=recommend.,Forecast Dry,,"Forecast Dry,DRY;TELEGRAM_SENT:Forecast Dry,DRY",OK
2026-06-19 15:08:51,32.0,55.0,20.0,24.0,-4.0,2.1,24.0,24.1,24.6,22.7,-0.0,DRY,ON,20.0,20.0,20.0,Dry Forecast,Forecast dry. Recommend watering soon; pump stays OFF because ML_CONTROL_MODE=recommend.,Forecast Dry,,"Forecast Dry,DRY;TELEGRAM_COOLDOWN:Forecast Dry,DRY",OK
2026-06-19 15:08:56,32.0,55.0,20.0,24.0,-4.0,2.1,24.0,24.1,24.6,22.7,-0.0,DRY,ON,20.0,20.0,20.0,Dry Forecast,Forecast dry. Recommend watering soon; pump stays OFF because ML_CONTROL_MODE=recommend.,Forecast Dry,,"Forecast Dry,DRY;TELEGRAM_SENT:Forecast Dry,DRY",OK
2026-06-19 15:09:02,32.0,55.0,20.0,24.0,-4.0,2.1,24.0,24.1,24.6,22.7,-0.0,DRY,ON,20.0,20.0,20.0,Dry Forecast,Forecast dry. Recommend watering soon; pump stays OFF because ML_CONTROL_MODE=recommend.,Forecast Dry,,"Forecast Dry,DRY;TELEGRAM_COOLDOWN:Forecast Dry,DRY",OK
2026-06-19 15:09:07,32.0,55.0,20.0,24.0,-4.0,2.1,24.0,24.1,24.6,22.7,-0.0,DRY,ON,20.0,20.0,20.0,Dry Forecast,Forecast dry. Recommend watering soon; pump stays OFF because ML_CONTROL_MODE=recommend.,Forecast Dry,,"Forecast Dry,DRY;TELEGRAM_SENT:Forecast Dry,DRY",OK
2026-06-19 15:09:13,32.0,55.0,20.0,24.0,-4.0,2.1,24.0,24.1,24.6,22.7,-0.0,DRY,ON,20.0,20.0,20.0,Dry Forecast,Forecast dry. Recommend watering soon; pump stays OFF because ML_CONTROL_MODE=recommend.,Forecast Dry,,"Forecast Dry,DRY;TELEGRAM_COOLDOWN:Forecast Dry,DRY",OK
2026-06-19 15:09:21,32.0,55.0,20.0,24.0,-4.0,2.1,24.0,24.1,24.6,22.7,-0.0,DRY,ON,20.0,20.0,20.0,Dry Forecast,Forecast dry. Recommend watering soon; pump stays OFF because ML_CONTROL_MODE=recommend.,Forecast Dry,,"Forecast Dry,DRY;TELEGRAM_SENT:Forecast Dry,DRY",OK
2026-06-19 15:09:27,32.0,55.0,20.0,24.0,-4.0,2.1,24.0,24.1,24.6,22.7,-0.0,DRY,ON,20.0,20.0,20.0,Dry Forecast,Forecast dry. Recommend watering soon; pump stays OFF because ML_CONTROL_MODE=recommend.,Forecast Dry,,"Forecast Dry,DRY;TELEGRAM_COOLDOWN:Forecast Dry,DRY",OK
2026-06-19 15:09:32,32.0,55.0,20.0,24.0,-4.0,2.1,24.0,24.1,24.6,22.7,-0.0,DRY,ON,20.0,20.0,20.0,Dry Forecast,Forecast dry. Recommend watering soon; pump stays OFF because ML_CONTROL_MODE=recommend.,Forecast Dry,,"Forecast Dry,DRY;TELEGRAM_SENT:Forecast Dry,DRY",OK
2026-06-19 15:09:38,32.0,55.0,20.0,24.0,-4.0,2.1,24.0,24.1,24.6,22.7,-0.0,DRY,ON,20.0,20.0,20.0,Dry Forecast,Forecast dry. Recommend watering soon; pump stays OFF because ML_CONTROL_MODE=recommend.,Forecast Dry,,"Forecast Dry,DRY;TELEGRAM_COOLDOWN:Forecast Dry,DRY",OK
2026-06-19 15:09:43,32.0,55.0,20.0,24.0,-4.0,2.1,24.0,24.1,24.6,22.7,-0.0,DRY,ON,20.0,20.0,20.0,Dry Forecast,Forecast dry. Recommend watering soon; pump stays OFF because ML_CONTROL_MODE=recommend.,Forecast Dry,,"Forecast Dry,DRY;TELEGRAM_SENT:Forecast Dry,DRY",OK
2026-06-19 15:09:53,32.0,55.0,20.0,24.0,-4.0,2.1,24.0,24.1,24.6,22.7,-0.0,DRY,ON,20.0,20.0,20.0,Dry Forecast,Forecast dry. Recommend watering soon; pump stays OFF because ML_CONTROL_MODE=recommend.,Forecast Dry,,"Forecast Dry,DRY;TELEGRAM_COOLDOWN:Forecast Dry,DRY",OK
2026-06-19 15:09:58,32.0,55.0,20.0,24.0,-4.0,2.1,24.0,24.1,24.6,22.7,-0.0,DRY,ON,20.0,20.0,20.0,Dry Forecast,Forecast dry. Recommend watering soon; pump stays OFF because ML_CONTROL_MODE=recommend.,Forecast Dry,,"Forecast Dry,DRY;TELEGRAM_SENT:Forecast Dry,DRY",OK
2026-06-19 15:10:04,32.0,55.0,20.0,24.0,-4.0,2.1,24.0,24.1,24.6,22.7,-0.0,DRY,ON,20.0,20.0,20.0,Dry Forecast,Forecast dry. Recommend watering soon; pump stays OFF because ML_CONTROL_MODE=recommend.,Forecast Dry,,"Forecast Dry,DRY;TELEGRAM_COOLDOWN:Forecast Dry,DRY",OK
2026-06-19 15:10:09,32.0,55.0,20.0,24.0,-4.0,2.1,24.0,24.1,24.6,22.7,-0.0,DRY,ON,20.0,20.0,20.0,Dry Forecast,Forecast dry. Recommend watering soon; pump stays OFF because ML_CONTROL_MODE=recommend.,Forecast Dry,,"Forecast Dry,DRY;TELEGRAM_SENT:Forecast Dry,DRY",OK
2026-06-19 15:10:15,32.0,55.0,20.0,24.0,-4.0,2.1,24.0,24.1,24.6,22.7,-0.0,DRY,ON,20.0,20.0,20.0,Dry Forecast,Forecast dry. Recommend watering soon; pump stays OFF because ML_CONTROL_MODE=recommend.,Forecast Dry,,"Forecast Dry,DRY;TELEGRAM_COOLDOWN:Forecast Dry,DRY",OK
2026-06-19 15:10:20,32.0,55.0,20.0,24.0,-4.0,2.1,24.0,24.1,24.6,22.7,-0.0,DRY,ON,20.0,20.0,20.0,Dry Forecast,Forecast dry. Recommend watering soon; pump stays OFF because ML_CONTROL_MODE=recommend.,Forecast Dry,,"Forecast Dry,DRY;TELEGRAM_SENT:Forecast Dry,DRY",OK
2026-06-19 15:10:28,32.0,55.0,20.0,24.0,-4.0,2.1,24.0,24.1,24.6,22.7,-0.0,DRY,ON,20.0,20.0,20.0,Dry Forecast,Forecast dry. Recommend watering soon; pump stays OFF because ML_CONTROL_MODE=recommend.,Forecast Dry,,"Forecast Dry,DRY;TELEGRAM_COOLDOWN:Forecast Dry,DRY",OK
2026-06-19 15:10:33,32.0,55.0,20.0,24.0,-4.0,2.1,24.0,24.1,24.6,22.7,-0.0,DRY,ON,20.0,20.0,20.0,Dry Forecast,Forecast dry. Recommend watering soon; pump stays OFF because ML_CONTROL_MODE=recommend.,Forecast Dry,,"Forecast Dry,DRY;TELEGRAM_SENT:Forecast Dry,DRY",OK
2026-06-19 15:10:39,32.0,55.0,20.0,24.0,-4.0,2.1,24.0,24.1,24.6,22.7,-0.0,DRY,ON,20.0,20.0,20.0,Dry Forecast,Forecast dry. Recommend watering soon; pump stays OFF because ML_CONTROL_MODE=recommend.,Forecast Dry,,"Forecast Dry,DRY;TELEGRAM_COOLDOWN:Forecast Dry,DRY",OK
2026-06-19 15:10:44,32.0,55.0,20.0,24.0,-4.0,2.1,24.0,24.1,24.6,22.7,-0.0,DRY,ON,20.0,20.0,20.0,Dry Forecast,Forecast dry. Recommend watering soon; pump stays OFF because ML_CONTROL_MODE=recommend.,Forecast Dry,,"Forecast Dry,DRY;TELEGRAM_SENT:Forecast Dry,DRY",OK
2026-06-19 15:10:50,32.0,55.0,20.0,24.0,-4.0,2.1,24.0,24.1,24.6,22.7,-0.0,DRY,ON,20.0,20.0,20.0,Dry Forecast,Forecast dry. Recommend watering soon; pump stays OFF because ML_CONTROL_MODE=recommend.,Forecast Dry,,"Forecast Dry,DRY;TELEGRAM_COOLDOWN:Forecast Dry,DRY",OK
2026-06-19 15:10:55,32.0,55.0,20.0,24.0,-4.0,2.1,24.0,24.1,24.6,22.7,-0.0,DRY,ON,20.0,20.0,20.0,Dry Forecast,Forecast dry. Recommend watering soon; pump stays OFF because ML_CONTROL_MODE=recommend.,Forecast Dry,,"Forecast Dry,DRY;TELEGRAM_SENT:Forecast Dry,DRY",OK
2026-06-19 15:11:04,32.0,55.0,20.0,24.0,-4.0,2.1,24.0,24.1,24.6,22.7,-0.0,DRY,ON,20.0,20.0,20.0,Dry Forecast,Forecast dry. Recommend watering soon; pump stays OFF because ML_CONTROL_MODE=recommend.,Forecast Dry,,"Forecast Dry,DRY;TELEGRAM_COOLDOWN:Forecast Dry,DRY",OK
2026-06-19 15:11:09,32.0,55.0,20.0,24.0,-4.0,2.1,24.0,24.1,24.6,22.7,-0.0,DRY,ON,20.0,20.0,20.0,Dry Forecast,Forecast dry. Recommend watering soon; pump stays OFF because ML_CONTROL_MODE=recommend.,Forecast Dry,,"Forecast Dry,DRY;TELEGRAM_SENT:Forecast Dry,DRY",OK
2026-06-19 15:11:15,32.0,55.0,20.0,24.0,-4.0,2.1,24.0,24.1,24.6,22.7,-0.0,DRY,ON,20.0,20.0,20.0,Dry Forecast,Forecast dry. Recommend watering soon; pump stays OFF because ML_CONTROL_MODE=recommend.,Forecast Dry,,"Forecast Dry,DRY;TELEGRAM_COOLDOWN:Forecast Dry,DRY",OK
2026-06-19 15:11:20,32.0,55.0,20.0,24.0,-4.0,2.1,24.0,24.1,24.6,22.7,-0.0,DRY,ON,20.0,20.0,20.0,Dry Forecast,Forecast dry. Recommend watering soon; pump stays OFF because ML_CONTROL_MODE=recommend.,Forecast Dry,,"Forecast Dry,DRY;TELEGRAM_SENT:Forecast Dry,DRY",OK
2026-06-19 15:11:26,32.0,55.0,20.0,24.0,-4.0,2.1,24.0,24.1,24.6,22.7,-0.0,DRY,ON,20.0,20.0,20.0,Dry Forecast,Forecast dry. Recommend watering soon; pump stays OFF because ML_CONTROL_MODE=recommend.,Forecast Dry,,"Forecast Dry,DRY;TELEGRAM_COOLDOWN:Forecast Dry,DRY",OK
2026-06-19 15:11:31,32.0,55.0,20.0,24.0,-4.0,2.1,24.0,24.1,24.6,22.7,-0.0,DRY,ON,20.0,20.0,20.0,Dry Forecast,Forecast dry. Recommend watering soon; pump stays OFF because ML_CONTROL_MODE=recommend.,Forecast Dry,,"Forecast Dry,DRY;TELEGRAM_SENT:Forecast Dry,DRY",OK
2026-06-19 15:11:40,32.0,55.0,20.0,24.0,-4.0,2.1,24.0,24.1,24.6,22.7,-0.0,DRY,ON,20.0,20.0,20.0,Dry Forecast,Forecast dry. Recommend watering soon; pump stays OFF because ML_CONTROL_MODE=recommend.,Forecast Dry,,"Forecast Dry,DRY;TELEGRAM_COOLDOWN:Forecast Dry,DRY",OK
2026-06-19 15:11:45,32.0,55.0,20.0,24.0,-4.0,2.1,24.0,24.1,24.6,22.7,-0.0,DRY,ON,20.0,20.0,20.0,Dry Forecast,Forecast dry. Recommend watering soon; pump stays OFF because ML_CONTROL_MODE=recommend.,Forecast Dry,,"Forecast Dry,DRY;TELEGRAM_SENT:Forecast Dry,DRY",OK
2026-06-19 15:11:51,32.0,55.0,20.0,24.0,-4.0,2.1,24.0,24.1,24.6,22.7,-0.0,DRY,ON,20.0,20.0,20.0,Dry Forecast,Forecast dry. Recommend watering soon; pump stays OFF because ML_CONTROL_MODE=recommend.,Forecast Dry,,"Forecast Dry,DRY;TELEGRAM_COOLDOWN:Forecast Dry,DRY",OK
2026-06-19 15:11:56,32.0,55.0,20.0,24.0,-4.0,2.1,24.0,24.1,24.6,22.7,-0.0,DRY,ON,20.0,20.0,20.0,Dry Forecast,Forecast dry. Recommend watering soon; pump stays OFF because ML_CONTROL_MODE=recommend.,Forecast Dry,,"Forecast Dry,DRY;TELEGRAM_SENT:Forecast Dry,DRY",OK
2026-06-19 15:12:01,32.0,55.0,20.0,24.0,-4.0,2.1,24.0,24.1,24.6,22.7,-0.0,DRY,ON,20.0,20.0,20.0,Dry Forecast,Forecast dry. Recommend watering soon; pump stays OFF because ML_CONTROL_MODE=recommend.,Forecast Dry,,"Forecast Dry,DRY;TELEGRAM_COOLDOWN:Forecast Dry,DRY",OK
2026-06-19 15:12:06,32.0,55.0,20.0,24.0,-4.0,2.1,24.0,24.1,24.6,22.7,-0.0,DRY,ON,20.0,20.0,20.0,Dry Forecast,Forecast dry. Recommend watering soon; pump stays OFF because ML_CONTROL_MODE=recommend.,Forecast Dry,,"Forecast Dry,DRY;TELEGRAM_SENT:Forecast Dry,DRY",OK
2026-06-19 15:12:15,32.0,55.0,20.0,24.0,-4.0,2.1,24.0,24.1,24.6,22.7,-0.0,DRY,ON,20.0,20.0,20.0,Dry Forecast,Forecast dry. Recommend watering soon; pump stays OFF because ML_CONTROL_MODE=recommend.,Forecast Dry,,"Forecast Dry,DRY;TELEGRAM_COOLDOWN:Forecast Dry,DRY",OK
2026-06-19 15:12:20,32.0,55.0,20.0,24.0,-4.0,2.1,24.0,24.1,24.6,22.7,-0.0,DRY,ON,20.0,20.0,20.0,Dry Forecast,Forecast dry. Recommend watering soon; pump stays OFF because ML_CONTROL_MODE=recommend.,Forecast Dry,,"Forecast Dry,DRY;TELEGRAM_SENT:Forecast Dry,DRY",OK
2026-06-19 15:12:26,32.0,55.0,20.0,24.0,-4.0,2.1,24.0,24.1,24.6,22.7,-0.0,DRY,ON,20.0,20.0,20.0,Dry Forecast,Forecast dry. Recommend watering soon; pump stays OFF because ML_CONTROL_MODE=recommend.,Forecast Dry,,"Forecast Dry,DRY;TELEGRAM_COOLDOWN:Forecast Dry,DRY",OK
2026-06-19 15:12:31,32.0,55.0,20.0,24.0,-4.0,2.1,24.0,24.1,24.6,22.7,-0.0,DRY,ON,20.0,20.0,20.0,Dry Forecast,Forecast dry. Recommend watering soon; pump stays OFF because ML_CONTROL_MODE=recommend.,Forecast Dry,,"Forecast Dry,DRY;TELEGRAM_SENT:Forecast Dry,DRY",OK
2026-06-19 15:12:37,32.0,55.0,20.0,24.0,-4.0,2.1,24.0,24.1,24.6,22.7,-0.0,DRY,ON,20.0,20.0,20.0,Dry Forecast,Forecast dry. Recommend watering soon; pump stays OFF because ML_CONTROL_MODE=recommend.,Forecast Dry,,"Forecast Dry,DRY;TELEGRAM_COOLDOWN:Forecast Dry,DRY",OK
2026-06-19 15:12:42,32.0,55.0,20.0,24.0,-4.0,2.1,24.0,24.1,24.6,22.7,-0.0,DRY,ON,20.0,20.0,20.0,Dry Forecast,Forecast dry. Recommend watering soon; pump stays OFF because ML_CONTROL_MODE=recommend.,Forecast Dry,,"Forecast Dry,DRY;TELEGRAM_SENT:Forecast Dry,DRY",OK
2026-06-19 15:12:51,32.0,55.0,20.0,24.0,-4.0,2.1,24.0,24.1,24.6,22.7,-0.0,DRY,ON,20.0,20.0,20.0,Dry Forecast,Forecast dry. Recommend watering soon; pump stays OFF because ML_CONTROL_MODE=recommend.,Forecast Dry,,"Forecast Dry,DRY;TELEGRAM_COOLDOWN:Forecast Dry,DRY",OK
2026-06-19 15:12:56,32.0,55.0,20.0,24.0,-4.0,2.1,24.0,24.1,24.6,22.7,-0.0,DRY,ON,20.0,20.0,20.0,Dry Forecast,Forecast dry. Recommend watering soon; pump stays OFF because ML_CONTROL_MODE=recommend.,Forecast Dry,,"Forecast Dry,DRY;TELEGRAM_SENT:Forecast Dry,DRY",OK
2026-06-19 15:13:02,32.0,55.0,20.0,24.0,-4.0,2.1,24.0,24.1,24.6,22.7,-0.0,DRY,ON,20.0,20.0,20.0,Dry Forecast,Forecast dry. Recommend watering soon; pump stays OFF because ML_CONTROL_MODE=recommend.,Forecast Dry,,"Forecast Dry,DRY;TELEGRAM_COOLDOWN:Forecast Dry,DRY",OK
2026-06-19 15:13:07,32.0,55.0,20.0,24.0,-4.0,2.1,24.0,24.1,24.6,22.7,-0.0,DRY,ON,20.0,20.0,20.0,Dry Forecast,Forecast dry. Recommend watering soon; pump stays OFF because ML_CONTROL_MODE=recommend.,Forecast Dry,,"Forecast Dry,DRY;TELEGRAM_SENT:Forecast Dry,DRY",OK
2026-06-19 15:13:13,32.0,55.0,20.0,24.0,-4.0,2.1,24.0,24.1,24.6,22.7,-0.0,DRY,ON,20.0,20.0,20.0,Dry Forecast,Forecast dry. Recommend watering soon; pump stays OFF because ML_CONTROL_MODE=recommend.,Forecast Dry,,"Forecast Dry,DRY;TELEGRAM_COOLDOWN:Forecast Dry,DRY",OK
2026-06-19 15:13:18,32.0,55.0,20.0,24.0,-4.0,2.1,24.0,24.1,24.6,22.7,-0.0,DRY,ON,20.0,20.0,20.0,Dry Forecast,Forecast dry. Recommend watering soon; pump stays OFF because ML_CONTROL_MODE=recommend.,Forecast Dry,,"Forecast Dry,DRY;TELEGRAM_SENT:Forecast Dry,DRY",OK
2026-06-19 15:13:27,32.0,55.0,20.0,24.0,-4.0,2.1,24.0,24.1,24.6,22.7,-0.0,DRY,ON,20.0,20.0,20.0,Dry Forecast,Forecast dry. Recommend watering soon; pump stays OFF because ML_CONTROL_MODE=recommend.,Forecast Dry,,"Forecast Dry,DRY;TELEGRAM_COOLDOWN:Forecast Dry,DRY",OK
2026-06-19 15:13:32,32.0,55.0,20.0,24.0,-4.0,2.1,24.0,24.1,24.6,22.7,-0.0,DRY,ON,20.0,20.0,20.0,Dry Forecast,Forecast dry. Recommend watering soon; pump stays OFF because ML_CONTROL_MODE=recommend.,Forecast Dry,,"Forecast Dry,DRY;TELEGRAM_SENT:Forecast Dry,DRY",OK
2026-06-19 15:13:38,32.0,55.0,20.0,24.0,-4.0,2.1,24.0,24.1,24.6,22.7,-0.0,DRY,ON,20.0,20.0,20.0,Dry Forecast,Forecast dry. Recommend watering soon; pump stays OFF because ML_CONTROL_MODE=recommend.,Forecast Dry,,"Forecast Dry,DRY;TELEGRAM_COOLDOWN:Forecast Dry,DRY",OK
2026-06-19 15:13:43,32.0,55.0,20.0,24.0,-4.0,2.1,24.0,24.1,24.6,22.7,-0.0,DRY,ON,20.0,20.0,20.0,Dry Forecast,Forecast dry. Recommend watering soon; pump stays OFF because ML_CONTROL_MODE=recommend.,Forecast Dry,,"Forecast Dry,DRY;TELEGRAM_SENT:Forecast Dry,DRY",OK
2026-06-19 15:13:49,32.0,55.0,20.0,24.0,-4.0,2.1,24.0,24.1,24.6,22.7,-0.0,DRY,ON,20.0,20.0,20.0,Dry Forecast,Forecast dry. Recommend watering soon; pump stays OFF because ML_CONTROL_MODE=recommend.,Forecast Dry,,"Forecast Dry,DRY;TELEGRAM_COOLDOWN:Forecast Dry,DRY",OK
2026-06-19 15:13:54,32.0,55.0,20.0,24.0,-4.0,2.1,24.0,24.1,24.6,22.7,-0.0,DRY,ON,20.0,20.0,20.0,Dry Forecast,Forecast dry. Recommend watering soon; pump stays OFF because ML_CONTROL_MODE=recommend.,Forecast Dry,,"Forecast Dry,DRY;TELEGRAM_SENT:Forecast Dry,DRY",OK
2026-06-19 15:14:03,32.0,55.0,20.0,24.0,-4.0,2.1,24.0,24.1,24.6,22.7,-0.0,DRY,ON,20.0,20.0,20.0,Dry Forecast,Forecast dry. Recommend watering soon; pump stays OFF because ML_CONTROL_MODE=recommend.,Forecast Dry,,"Forecast Dry,DRY;TELEGRAM_COOLDOWN:Forecast Dry,DRY",OK
2026-06-19 15:14:08,32.0,55.0,20.0,24.0,-4.0,2.1,24.0,24.1,24.6,22.7,-0.0,DRY,ON,20.0,20.0,20.0,Dry Forecast,Forecast dry. Recommend watering soon; pump stays OFF because ML_CONTROL_MODE=recommend.,Forecast Dry,,"Forecast Dry,DRY;TELEGRAM_SENT:Forecast Dry,DRY",OK
2026-06-19 15:14:14,32.0,55.0,20.0,24.0,-4.0,2.1,24.0,24.1,24.6,22.7,-0.0,DRY,ON,20.0,20.0,20.0,Dry Forecast,Forecast dry. Recommend watering soon; pump stays OFF because ML_CONTROL_MODE=recommend.,Forecast Dry,,"Forecast Dry,DRY;TELEGRAM_COOLDOWN:Forecast Dry,DRY",OK
2026-06-19 15:14:19,32.0,55.0,20.0,24.0,-4.0,2.1,24.0,24.1,24.6,22.7,-0.0,DRY,ON,20.0,20.0,20.0,Dry Forecast,Forecast dry. Recommend watering soon; pump stays OFF because ML_CONTROL_MODE=recommend.,Forecast Dry,,"Forecast Dry,DRY;TELEGRAM_SENT:Forecast Dry,DRY",OK
2026-06-19 15:14:25,32.0,55.0,20.0,24.0,-4.0,2.1,24.0,24.1,24.6,22.7,-0.0,DRY,ON,20.0,20.0,20.0,Dry Forecast,Forecast dry. Recommend watering soon; pump stays OFF because ML_CONTROL_MODE=recommend.,Forecast Dry,,"Forecast Dry,DRY;TELEGRAM_COOLDOWN:Forecast Dry,DRY",OK
2026-06-19 15:14:30,32.0,55.0,20.0,24.0,-4.0,2.1,24.0,24.1,24.6,22.7,-0.0,DRY,ON,20.0,20.0,20.0,Dry Forecast,Forecast dry. Recommend watering soon; pump stays OFF because ML_CONTROL_MODE=recommend.,Forecast Dry,,"Forecast Dry,DRY;TELEGRAM_SENT:Forecast Dry,DRY",OK
2026-06-19 15:14:40,32.0,55.0,20.0,24.0,-4.0,2.1,24.0,24.1,24.6,22.7,-0.0,DRY,ON,20.0,20.0,20.0,Dry Forecast,Forecast dry. Recommend watering soon; pump stays OFF because ML_CONTROL_MODE=recommend.,Forecast Dry,,"Forecast Dry,DRY;TELEGRAM_COOLDOWN:Forecast Dry,DRY",OK
2026-06-19 15:14:45,32.0,55.0,20.0,24.0,-4.0,2.1,24.0,24.1,24.6,22.7,-0.0,DRY,ON,20.0,20.0,20.0,Dry Forecast,Forecast dry. Recommend watering soon; pump stays OFF because ML_CONTROL_MODE=recommend.,Forecast Dry,,"Forecast Dry,DRY;TELEGRAM_SENT:Forecast Dry,DRY",OK
2026-06-19 15:14:50,32.0,55.0,20.0,24.0,-4.0,2.1,24.0,24.1,24.6,22.7,-0.0,DRY,ON,20.0,20.0,20.0,Dry Forecast,Forecast dry. Recommend watering soon; pump stays OFF because ML_CONTROL_MODE=recommend.,Forecast Dry,,"Forecast Dry,DRY;TELEGRAM_COOLDOWN:Forecast Dry,DRY",OK
2026-06-19 15:14:55,32.0,55.0,20.0,24.0,-4.0,2.1,24.0,24.1,24.6,22.7,-0.0,DRY,ON,20.0,20.0,20.0,Dry Forecast,Forecast dry. Recommend watering soon; pump stays OFF because ML_CONTROL_MODE=recommend.,Forecast Dry,,"Forecast Dry,DRY;TELEGRAM_SENT:Forecast Dry,DRY",OK
2026-06-19 15:15:01,32.0,55.0,20.0,24.0,-4.0,2.1,24.0,24.1,24.6,22.7,-0.0,DRY,ON,20.0,20.0,20.0,Dry Forecast,Forecast dry. Recommend watering soon; pump stays OFF because ML_CONTROL_MODE=recommend.,Forecast Dry,,"Forecast Dry,DRY;TELEGRAM_COOLDOWN:Forecast Dry,DRY",OK
2026-06-19 15:15:06,32.0,55.0,20.0,24.0,-4.0,2.1,24.0,24.1,24.6,22.7,-0.0,DRY,ON,20.0,20.0,20.0,Dry Forecast,Forecast dry. Recommend watering soon; pump stays OFF because ML_CONTROL_MODE=recommend.,Forecast Dry,,"Forecast Dry,DRY;TELEGRAM_SENT:Forecast Dry,DRY",OK
2026-06-19 15:15:15,32.0,55.0,20.0,24.0,-4.0,2.1,24.0,24.1,24.6,22.7,-0.0,DRY,ON,20.0,20.0,20.0,Dry Forecast,Forecast dry. Recommend watering soon; pump stays OFF because ML_CONTROL_MODE=recommend.,Forecast Dry,,"Forecast Dry,DRY;TELEGRAM_COOLDOWN:Forecast Dry,DRY",OK
2026-06-19 15:15:20,32.0,55.0,20.0,24.0,-4.0,2.1,24.0,24.1,24.6,22.7,-0.0,DRY,ON,20.0,20.0,20.0,Dry Forecast,Forecast dry. Recommend watering soon; pump stays OFF because ML_CONTROL_MODE=recommend.,Forecast Dry,,"Forecast Dry,DRY;TELEGRAM_SENT:Forecast Dry,DRY",OK
2026-06-19 15:15:26,32.0,55.0,20.0,24.0,-4.0,2.1,24.0,24.1,24.6,22.7,-0.0,DRY,ON,20.0,20.0,20.0,Dry Forecast,Forecast dry. Recommend watering soon; pump stays OFF because ML_CONTROL_MODE=recommend.,Forecast Dry,,"Forecast Dry,DRY;TELEGRAM_COOLDOWN:Forecast Dry,DRY",OK
2026-06-19 15:15:31,32.0,55.0,20.0,24.0,-4.0,2.1,24.0,24.1,24.6,22.7,-0.0,DRY,ON,20.0,20.0,20.0,Dry Forecast,Forecast dry. Recommend watering soon; pump stays OFF because ML_CONTROL_MODE=recommend.,Forecast Dry,,"Forecast Dry,DRY;TELEGRAM_SENT:Forecast Dry,DRY",OK
2026-06-19 15:15:37,32.0,55.0,20.0,24.0,-4.0,2.1,24.0,24.1,24.6,22.7,-0.0,DRY,ON,20.0,20.0,20.0,Dry Forecast,Forecast dry. Recommend watering soon; pump stays OFF because ML_CONTROL_MODE=recommend.,Forecast Dry,,"Forecast Dry,DRY;TELEGRAM_COOLDOWN:Forecast Dry,DRY",OK
2026-06-19 15:15:45,32.0,55.0,20.0,24.0,-4.0,2.1,24.0,24.1,24.6,22.7,-0.0,DRY,ON,20.0,20.0,20.0,Dry Forecast,Forecast dry. Recommend watering soon; pump stays OFF because ML_CONTROL_MODE=recommend.,Forecast Dry,,"Forecast Dry,DRY;TELEGRAM_SENT:Forecast Dry,DRY",OK
2026-06-19 15:15:51,32.0,55.0,20.0,24.0,-4.0,2.1,24.0,24.1,24.6,22.7,-0.0,DRY,ON,20.0,20.0,20.0,Dry Forecast,Forecast dry. Recommend watering soon; pump stays OFF because ML_CONTROL_MODE=recommend.,Forecast Dry,,"Forecast Dry,DRY;TELEGRAM_COOLDOWN:Forecast Dry,DRY",OK
2026-06-19 15:15:56,32.0,55.0,20.0,24.0,-4.0,2.1,24.0,24.1,24.6,22.7,-0.0,DRY,ON,20.0,20.0,20.0,Dry Forecast,Forecast dry. Recommend watering soon; pump stays OFF because ML_CONTROL_MODE=recommend.,Forecast Dry,,"Forecast Dry,DRY;TELEGRAM_SENT:Forecast Dry,DRY",OK
2026-06-19 15:16:02,32.0,55.0,20.0,24.0,-4.0,2.1,24.0,24.1,24.6,22.7,-0.0,DRY,ON,20.0,20.0,20.0,Dry Forecast,Forecast dry. Recommend watering soon; pump stays OFF because ML_CONTROL_MODE=recommend.,Forecast Dry,,"Forecast Dry,DRY;TELEGRAM_COOLDOWN:Forecast Dry,DRY",OK
2026-06-19 15:16:07,32.0,55.0,20.0,24.0,-4.0,2.1,24.0,24.1,24.6,22.7,-0.0,DRY,ON,20.0,20.0,20.0,Dry Forecast,Forecast dry. Recommend watering soon; pump stays OFF because ML_CONTROL_MODE=recommend.,Forecast Dry,,"Forecast Dry,DRY;TELEGRAM_SENT:Forecast Dry,DRY",OK
2026-06-19 15:16:12,32.0,55.0,20.0,24.0,-4.0,2.1,24.0,24.1,24.6,22.7,-0.0,DRY,ON,20.0,20.0,20.0,Dry Forecast,Forecast dry. Recommend watering soon; pump stays OFF because ML_CONTROL_MODE=recommend.,Forecast Dry,,"Forecast Dry,DRY;TELEGRAM_COOLDOWN:Forecast Dry,DRY",OK
2026-06-19 15:16:21,32.0,55.0,20.0,24.0,-4.0,2.1,24.0,24.1,24.6,22.7,-0.0,DRY,ON,20.0,20.0,20.0,Dry Forecast,Forecast dry. Recommend watering soon; pump stays OFF because ML_CONTROL_MODE=recommend.,Forecast Dry,,"Forecast Dry,DRY;TELEGRAM_SENT:Forecast Dry,DRY",OK
2026-06-19 15:16:26,32.0,55.0,20.0,24.0,-4.0,2.1,24.0,24.1,24.6,22.7,-0.0,DRY,ON,20.0,20.0,20.0,Dry Forecast,Forecast dry. Recommend watering soon; pump stays OFF because ML_CONTROL_MODE=recommend.,Forecast Dry,,"Forecast Dry,DRY;TELEGRAM_COOLDOWN:Forecast Dry,DRY",OK
2026-06-19 15:16:31,32.0,55.0,20.0,24.0,-4.0,2.1,24.0,24.1,24.6,22.7,-0.0,DRY,ON,20.0,20.0,20.0,Dry Forecast,Forecast dry. Recommend watering soon; pump stays OFF because ML_CONTROL_MODE=recommend.,Forecast Dry,,"Forecast Dry,DRY;TELEGRAM_SENT:Forecast Dry,DRY",OK
2026-06-19 15:16:37,32.0,55.0,20.0,24.0,-4.0,2.1,24.0,24.1,24.6,22.7,-0.0,DRY,ON,20.0,20.0,20.0,Dry Forecast,Forecast dry. Recommend watering soon; pump stays OFF because ML_CONTROL_MODE=recommend.,Forecast Dry,,"Forecast Dry,DRY;TELEGRAM_COOLDOWN:Forecast Dry,DRY",OK
2026-06-19 15:16:42,32.0,55.0,20.0,24.0,-4.0,2.1,24.0,24.1,24.6,22.7,-0.0,DRY,ON,20.0,20.0,20.0,Dry Forecast,Forecast dry. Recommend watering soon; pump stays OFF because ML_CONTROL_MODE=recommend.,Forecast Dry,,"Forecast Dry,DRY;TELEGRAM_SENT:Forecast Dry,DRY",OK
2026-06-19 15:16:48,32.0,55.0,20.0,24.0,-4.0,2.1,24.0,24.1,24.6,22.7,-0.0,DRY,ON,20.0,20.0,20.0,Dry Forecast,Forecast dry. Recommend watering soon; pump stays OFF because ML_CONTROL_MODE=recommend.,Forecast Dry,,"Forecast Dry,DRY;TELEGRAM_COOLDOWN:Forecast Dry,DRY",OK
2026-06-19 15:16:57,32.0,55.0,20.0,24.0,-4.0,2.1,24.0,24.1,24.6,22.7,-0.0,DRY,ON,20.0,20.0,20.0,Dry Forecast,Forecast dry. Recommend watering soon; pump stays OFF because ML_CONTROL_MODE=recommend.,Forecast Dry,,"Forecast Dry,DRY;TELEGRAM_SENT:Forecast Dry,DRY",OK
2026-06-19 15:17:02,32.0,55.0,20.0,24.0,-4.0,2.1,24.0,24.1,24.6,22.7,-0.0,DRY,ON,20.0,20.0,20.0,Dry Forecast,Forecast dry. Recommend watering soon; pump stays OFF because ML_CONTROL_MODE=recommend.,Forecast Dry,,"Forecast Dry,DRY;TELEGRAM_COOLDOWN:Forecast Dry,DRY",OK
2026-06-19 15:17:07,32.0,55.0,20.0,24.0,-4.0,2.1,24.0,24.1,24.6,22.7,-0.0,DRY,ON,20.0,20.0,20.0,Dry Forecast,Forecast dry. Recommend watering soon; pump stays OFF because ML_CONTROL_MODE=recommend.,Forecast Dry,,"Forecast Dry,DRY;TELEGRAM_SENT:Forecast Dry,DRY",OK
2026-06-19 15:17:14,32.0,55.0,20.0,24.0,-4.0,2.1,24.0,24.1,24.6,22.7,-0.0,DRY,ON,20.0,20.0,20.0,Dry Forecast,Forecast dry. Recommend watering soon; pump stays OFF because ML_CONTROL_MODE=recommend.,Forecast Dry,,"Forecast Dry,DRY;TELEGRAM_COOLDOWN:Forecast Dry,DRY",OK
2026-06-19 15:17:19,32.0,55.0,20.0,24.0,-4.0,2.1,24.0,24.1,24.6,22.7,-0.0,DRY,ON,20.0,20.0,20.0,Dry Forecast,Forecast dry. Recommend watering soon; pump stays OFF because ML_CONTROL_MODE=recommend.,Forecast Dry,,"Forecast Dry,DRY;TELEGRAM_SENT:Forecast Dry,DRY",OK
2026-06-19 15:17:25,32.0,55.0,20.0,24.0,-4.0,2.1,24.0,24.1,24.6,22.7,-0.0,DRY,ON,20.0,20.0,20.0,Dry Forecast,Forecast dry. Recommend watering soon; pump stays OFF because ML_CONTROL_MODE=recommend.,Forecast Dry,,"Forecast Dry,DRY;TELEGRAM_COOLDOWN:Forecast Dry,DRY",OK
2026-06-19 15:17:33,32.0,55.0,20.0,24.0,-4.0,2.1,24.0,24.1,24.6,22.7,-0.0,DRY,ON,20.0,20.0,20.0,Dry Forecast,Forecast dry. Recommend watering soon; pump stays OFF because ML_CONTROL_MODE=recommend.,Forecast Dry,,"Forecast Dry,DRY;TELEGRAM_SENT:Forecast Dry,DRY",OK
2026-06-19 15:17:39,32.0,55.0,20.0,24.0,-4.0,2.1,24.0,24.1,24.6,22.7,-0.0,DRY,ON,20.0,20.0,20.0,Dry Forecast,Forecast dry. Recommend watering soon; pump stays OFF because ML_CONTROL_MODE=recommend.,Forecast Dry,,"Forecast Dry,DRY;TELEGRAM_COOLDOWN:Forecast Dry,DRY",OK
2026-06-19 15:17:44,32.0,55.0,20.0,24.0,-4.0,2.1,24.0,24.1,24.6,22.7,-0.0,DRY,ON,20.0,20.0,20.0,Dry Forecast,Forecast dry. Recommend watering soon; pump stays OFF because ML_CONTROL_MODE=recommend.,Forecast Dry,,"Forecast Dry,DRY;TELEGRAM_SENT:Forecast Dry,DRY",OK
2026-06-19 15:17:50,32.0,55.0,20.0,24.0,-4.0,2.1,24.0,24.1,24.6,22.7,-0.0,DRY,ON,20.0,20.0,20.0,Dry Forecast,Forecast dry. Recommend watering soon; pump stays OFF because ML_CONTROL_MODE=recommend.,Forecast Dry,,"Forecast Dry,DRY;TELEGRAM_COOLDOWN:Forecast Dry,DRY",OK
2026-06-19 15:17:55,32.0,55.0,20.0,24.0,-4.0,2.1,24.0,24.1,24.6,22.7,-0.0,DRY,ON,20.0,20.0,20.0,Dry Forecast,Forecast dry. Recommend watering soon; pump stays OFF because ML_CONTROL_MODE=recommend.,Forecast Dry,,"Forecast Dry,DRY;TELEGRAM_SENT:Forecast Dry,DRY",OK
2026-06-19 15:18:01,32.0,55.0,20.0,24.0,-4.0,2.1,24.0,24.1,24.6,22.7,-0.0,DRY,ON,20.0,20.0,20.0,Dry Forecast,Forecast dry. Recommend watering soon; pump stays OFF because ML_CONTROL_MODE=recommend.,Forecast Dry,,"Forecast Dry,DRY;TELEGRAM_COOLDOWN:Forecast Dry,DRY",OK
2026-06-19 15:18:10,32.0,55.0,20.0,24.0,-4.0,2.1,24.0,24.1,24.6,22.7,-0.0,DRY,ON,20.0,20.0,20.0,Dry Forecast,Forecast dry. Recommend watering soon; pump stays OFF because ML_CONTROL_MODE=recommend.,Forecast Dry,,"Forecast Dry,DRY;TELEGRAM_SENT:Forecast Dry,DRY",OK
2026-06-19 15:18:15,32.0,55.0,20.0,24.0,-4.0,2.1,24.0,24.1,24.6,22.7,-0.0,DRY,ON,20.0,20.0,20.0,Dry Forecast,Forecast dry. Recommend watering soon; pump stays OFF because ML_CONTROL_MODE=recommend.,Forecast Dry,,"Forecast Dry,DRY;TELEGRAM_COOLDOWN:Forecast Dry,DRY",OK
2026-06-19 15:18:20,32.0,55.0,20.0,24.0,-4.0,2.1,24.0,24.1,24.6,22.7,-0.0,DRY,ON,20.0,20.0,20.0,Dry Forecast,Forecast dry. Recommend watering soon; pump stays OFF because ML_CONTROL_MODE=recommend.,Forecast Dry,,"Forecast Dry,DRY;TELEGRAM_SENT:Forecast Dry,DRY",OK
2026-06-19 23:17:55,32.0,55.0,20.0,24.0,-4.0,2.1,24.0,24.1,24.6,22.7,-0.0,DRY,ON,20.0,20.0,20.0,Dry Forecast,Forecast dry. Recommend watering soon; pump stays OFF because ML_CONTROL_MODE=recommend.,Forecast Dry,,"Forecast Dry,DRY;TELEGRAM_SENT:Forecast Dry,DRY",OK
2026-06-19 23:18:01,32.0,55.0,20.0,24.0,-4.0,2.1,24.0,24.1,24.6,22.7,-0.0,DRY,ON,20.0,20.0,20.0,Dry Forecast,Forecast dry. Recommend watering soon; pump stays OFF because ML_CONTROL_MODE=recommend.,Forecast Dry,,"Forecast Dry,DRY;TELEGRAM_COOLDOWN:Forecast Dry,DRY",OK
2026-06-19 23:18:06,32.0,55.0,20.0,24.0,-4.0,2.1,24.0,24.1,24.6,22.7,-0.0,DRY,ON,20.0,20.0,20.0,Dry Forecast,Forecast dry. Recommend watering soon; pump stays OFF because ML_CONTROL_MODE=recommend.,Forecast Dry,,"Forecast Dry,DRY;TELEGRAM_SENT:Forecast Dry,DRY",OK
2026-06-19 23:18:12,32.0,55.0,20.0,24.0,-4.0,2.1,24.0,24.1,24.6,22.7,-0.0,DRY,ON,20.0,20.0,20.0,Dry Forecast,Forecast dry. Recommend watering soon; pump stays OFF because ML_CONTROL_MODE=recommend.,Forecast Dry,,"Forecast Dry,DRY;TELEGRAM_COOLDOWN:Forecast Dry,DRY",OK
2026-06-19 23:18:17,32.0,55.0,20.0,24.0,-4.0,2.1,24.0,24.1,24.6,22.7,-0.0,DRY,ON,20.0,20.0,20.0,Dry Forecast,Forecast dry. Recommend watering soon; pump stays OFF because ML_CONTROL_MODE=recommend.,Forecast Dry,,"Forecast Dry,DRY;TELEGRAM_SENT:Forecast Dry,DRY",OK
2026-06-19 23:18:22,32.0,55.0,20.0,24.0,-4.0,2.1,24.0,24.1,24.6,22.7,-0.0,DRY,ON,20.0,20.0,20.0,Dry Forecast,Forecast dry. Recommend watering soon; pump stays OFF because ML_CONTROL_MODE=recommend.,Forecast Dry,,"Forecast Dry,DRY;TELEGRAM_COOLDOWN:Forecast Dry,DRY",OK
2026-06-19 23:18:27,32.0,55.0,20.0,24.0,-4.0,2.1,24.0,24.1,24.6,22.7,-0.0,DRY,ON,20.0,20.0,20.0,Dry Forecast,Forecast dry. Recommend watering soon; pump stays OFF because ML_CONTROL_MODE=recommend.,Forecast Dry,,"Forecast Dry,DRY;TELEGRAM_SENT:Forecast Dry,DRY",OK
2026-06-19 23:18:33,32.0,55.0,20.0,24.0,-4.0,2.1,24.0,24.1,24.6,22.7,-0.0,DRY,ON,20.0,20.0,20.0,Dry Forecast,Forecast dry. Recommend watering soon; pump stays OFF because ML_CONTROL_MODE=recommend.,Forecast Dry,,"Forecast Dry,DRY;TELEGRAM_COOLDOWN:Forecast Dry,DRY",OK
2026-06-19 23:18:38,32.0,55.0,20.0,24.0,-4.0,2.1,24.0,24.1,24.6,22.7,-0.0,DRY,ON,20.0,20.0,20.0,Dry Forecast,Forecast dry. Recommend watering soon; pump stays OFF because ML_CONTROL_MODE=recommend.,Forecast Dry,,"Forecast Dry,DRY;TELEGRAM_SENT:Forecast Dry,DRY",OK
2026-06-19 23:18:44,32.0,55.0,20.0,24.0,-4.0,2.1,24.0,24.1,24.6,22.7,-0.0,DRY,ON,20.0,20.0,20.0,Dry Forecast,Forecast dry. Recommend watering soon; pump stays OFF because ML_CONTROL_MODE=recommend.,Forecast Dry,,"Forecast Dry,DRY;TELEGRAM_COOLDOWN:Forecast Dry,DRY",OK
2026-06-19 23:18:49,32.0,55.0,20.0,24.0,-4.0,2.1,24.0,24.1,24.6,22.7,-0.0,DRY,ON,20.0,20.0,20.0,Dry Forecast,Forecast dry. Recommend watering soon; pump stays OFF because ML_CONTROL_MODE=recommend.,Forecast Dry,,"Forecast Dry,DRY;TELEGRAM_SENT:Forecast Dry,DRY",OK
2026-06-19 23:18:56,32.0,55.0,20.0,24.0,-4.0,2.1,24.0,24.1,24.6,22.7,-0.0,DRY,ON,20.0,20.0,20.0,Dry Forecast,Forecast dry. Recommend watering soon; pump stays OFF because ML_CONTROL_MODE=recommend.,Forecast Dry,,"Forecast Dry,DRY;TELEGRAM_COOLDOWN:Forecast Dry,DRY",OK
2026-06-19 23:19:01,32.0,55.0,20.0,24.0,-4.0,2.1,24.0,24.1,24.6,22.7,-0.0,DRY,ON,20.0,20.0,20.0,Dry Forecast,Forecast dry. Recommend watering soon; pump stays OFF because ML_CONTROL_MODE=recommend.,Forecast Dry,,"Forecast Dry,DRY;TELEGRAM_SENT:Forecast Dry,DRY",OK
2026-06-19 23:19:07,32.0,55.0,20.0,24.0,-4.0,2.1,24.0,24.1,24.6,22.7,-0.0,DRY,ON,20.0,20.0,20.0,Dry Forecast,Forecast dry. Recommend watering soon; pump stays OFF because ML_CONTROL_MODE=recommend.,Forecast Dry,,"Forecast Dry,DRY;TELEGRAM_COOLDOWN:Forecast Dry,DRY",OK
2026-06-19 23:19:13,32.0,55.0,20.0,24.0,-4.0,2.1,24.0,24.1,24.6,22.7,-0.0,DRY,ON,20.0,20.0,20.0,Dry Forecast,Forecast dry. Recommend watering soon; pump stays OFF because ML_CONTROL_MODE=recommend.,Forecast Dry,,"Forecast Dry,DRY;TELEGRAM_SENT:Forecast Dry,DRY",OK
2026-06-19 23:19:19,32.0,55.0,20.0,24.0,-4.0,2.1,24.0,24.1,24.6,22.7,-0.0,DRY,ON,20.0,20.0,20.0,Dry Forecast,Forecast dry. Recommend watering soon; pump stays OFF because ML_CONTROL_MODE=recommend.,Forecast Dry,,"Forecast Dry,DRY;TELEGRAM_COOLDOWN:Forecast Dry,DRY",OK
2026-06-19 23:19:24,32.0,55.0,20.0,24.0,-4.0,2.1,24.0,24.1,24.6,22.7,-0.0,DRY,ON,20.0,20.0,20.0,Dry Forecast,Forecast dry. Recommend watering soon; pump stays OFF because ML_CONTROL_MODE=recommend.,Forecast Dry,,"Forecast Dry,DRY;TELEGRAM_SENT:Forecast Dry,DRY",OK
2026-06-19 23:19:30,32.0,55.0,20.0,24.0,-4.0,2.1,24.0,24.1,24.6,22.7,-0.0,DRY,ON,20.0,20.0,20.0,Dry Forecast,Forecast dry. Recommend watering soon; pump stays OFF because ML_CONTROL_MODE=recommend.,Forecast Dry,,"Forecast Dry,DRY;TELEGRAM_COOLDOWN:Forecast Dry,DRY",OK
2026-06-19 23:19:35,32.0,55.0,20.0,24.0,-4.0,2.1,24.0,24.1,24.6,22.7,-0.0,DRY,ON,20.0,20.0,20.0,Dry Forecast,Forecast dry. Recommend watering soon; pump stays OFF because ML_CONTROL_MODE=recommend.,Forecast Dry,,"Forecast Dry,DRY;TELEGRAM_SENT:Forecast Dry,DRY",OK
2026-06-19 23:19:40,32.0,55.0,20.0,24.0,-4.0,2.1,24.0,24.1,24.6,22.7,-0.0,DRY,ON,20.0,20.0,20.0,Dry Forecast,Forecast dry. Recommend watering soon; pump stays OFF because ML_CONTROL_MODE=recommend.,Forecast Dry,,"Forecast Dry,DRY;TELEGRAM_COOLDOWN:Forecast Dry,DRY",OK
2026-06-19 23:19:46,32.0,55.0,20.0,24.0,-4.0,2.1,24.0,24.1,24.6,22.7,-0.0,DRY,ON,20.0,20.0,20.0,Dry Forecast,Forecast dry. Recommend watering soon; pump stays OFF because ML_CONTROL_MODE=recommend.,Forecast Dry,,"Forecast Dry,DRY;TELEGRAM_SENT:Forecast Dry,DRY",OK
2026-06-19 23:19:51,32.0,55.0,20.0,24.0,-4.0,2.1,24.0,24.1,24.6,22.7,-0.0,DRY,ON,20.0,20.0,20.0,Dry Forecast,Forecast dry. Recommend watering soon; pump stays OFF because ML_CONTROL_MODE=recommend.,Forecast Dry,,"Forecast Dry,DRY;TELEGRAM_COOLDOWN:Forecast Dry,DRY",OK
2026-06-19 23:19:56,32.0,55.0,20.0,24.0,-4.0,2.1,24.0,24.1,24.6,22.7,-0.0,DRY,ON,20.0,20.0,20.0,Dry Forecast,Forecast dry. Recommend watering soon; pump stays OFF because ML_CONTROL_MODE=recommend.,Forecast Dry,,"Forecast Dry,DRY;TELEGRAM_SENT:Forecast Dry,DRY",OK
2026-06-19 23:20:02,32.0,55.0,20.0,24.0,-4.0,2.1,24.0,24.1,24.6,22.7,-0.0,DRY,ON,20.0,20.0,20.0,Dry Forecast,Forecast dry. Recommend watering soon; pump stays OFF because ML_CONTROL_MODE=recommend.,Forecast Dry,,"Forecast Dry,DRY;TELEGRAM_COOLDOWN:Forecast Dry,DRY",OK
2026-06-19 23:20:07,32.0,55.0,20.0,24.0,-4.0,2.1,24.0,24.1,24.6,22.7,-0.0,DRY,ON,20.0,20.0,20.0,Dry Forecast,Forecast dry. Recommend watering soon; pump stays OFF because ML_CONTROL_MODE=recommend.,Forecast Dry,,"Forecast Dry,DRY;TELEGRAM_SENT:Forecast Dry,DRY",OK
2026-06-19 23:20:13,32.0,55.0,20.0,24.0,-4.0,2.1,24.0,24.1,24.6,22.7,-0.0,DRY,ON,20.0,20.0,20.0,Dry Forecast,Forecast dry. Recommend watering soon; pump stays OFF because ML_CONTROL_MODE=recommend.,Forecast Dry,,"Forecast Dry,DRY;TELEGRAM_COOLDOWN:Forecast Dry,DRY",OK
2026-06-19 23:20:18,32.0,55.0,20.0,24.0,-4.0,2.1,24.0,24.1,24.6,22.7,-0.0,DRY,ON,20.0,20.0,20.0,Dry Forecast,Forecast dry. Recommend watering soon; pump stays OFF because ML_CONTROL_MODE=recommend.,Forecast Dry,,"Forecast Dry,DRY;TELEGRAM_SENT:Forecast Dry,DRY",OK
2026-06-19 23:20:24,32.0,55.0,20.0,24.0,-4.0,2.1,24.0,24.1,24.6,22.7,-0.0,DRY,ON,20.0,20.0,20.0,Dry Forecast,Forecast dry. Recommend watering soon; pump stays OFF because ML_CONTROL_MODE=recommend.,Forecast Dry,,"Forecast Dry,DRY;TELEGRAM_COOLDOWN:Forecast Dry,DRY",OK
2026-06-19 23:20:29,32.0,55.0,20.0,24.0,-4.0,2.1,24.0,24.1,24.6,22.7,-0.0,DRY,ON,20.0,20.0,20.0,Dry Forecast,Forecast dry. Recommend watering soon; pump stays OFF because ML_CONTROL_MODE=recommend.,Forecast Dry,,"Forecast Dry,DRY;TELEGRAM_SENT:Forecast Dry,DRY",OK
2026-06-19 23:20:35,32.0,55.0,20.0,24.0,-4.0,2.1,24.0,24.1,24.6,22.7,-0.0,DRY,ON,20.0,20.0,20.0,Dry Forecast,Forecast dry. Recommend watering soon; pump stays OFF because ML_CONTROL_MODE=recommend.,Forecast Dry,,"Forecast Dry,DRY;TELEGRAM_COOLDOWN:Forecast Dry,DRY",OK
2026-06-19 23:20:40,32.0,55.0,20.0,24.0,-4.0,2.1,24.0,24.1,24.6,22.7,-0.0,DRY,ON,20.0,20.0,20.0,Dry Forecast,Forecast dry. Recommend watering soon; pump stays OFF because ML_CONTROL_MODE=recommend.,Forecast Dry,,"Forecast Dry,DRY;TELEGRAM_SENT:Forecast Dry,DRY",OK
2026-06-19 23:20:45,32.0,55.0,20.0,24.0,-4.0,2.1,24.0,24.1,24.6,22.7,-0.0,DRY,ON,20.0,20.0,20.0,Dry Forecast,Forecast dry. Recommend watering soon; pump stays OFF because ML_CONTROL_MODE=recommend.,Forecast Dry,,"Forecast Dry,DRY;TELEGRAM_COOLDOWN:Forecast Dry,DRY",OK
2026-06-19 23:20:52,32.0,55.0,20.0,24.0,-4.0,2.1,24.0,24.1,24.6,22.7,-0.0,DRY,ON,20.0,20.0,20.0,Dry Forecast,Forecast dry. Recommend watering soon; pump stays OFF because ML_CONTROL_MODE=recommend.,Forecast Dry,,"Forecast Dry,DRY;TELEGRAM_SENT:Forecast Dry,DRY",OK
2026-06-19 23:20:58,32.0,55.0,20.0,24.0,-4.0,2.1,24.0,24.1,24.6,22.7,-0.0,DRY,ON,20.0,20.0,20.0,Dry Forecast,Forecast dry. Recommend watering soon; pump stays OFF because ML_CONTROL_MODE=recommend.,Forecast Dry,,"Forecast Dry,DRY;TELEGRAM_COOLDOWN:Forecast Dry,DRY",OK
2026-06-19 23:21:03,32.0,55.0,20.0,24.0,-4.0,2.1,24.0,24.1,24.6,22.7,-0.0,DRY,ON,20.0,20.0,20.0,Dry Forecast,Forecast dry. Recommend watering soon; pump stays OFF because ML_CONTROL_MODE=recommend.,Forecast Dry,,"Forecast Dry,DRY;TELEGRAM_SENT:Forecast Dry,DRY",OK
2026-06-19 23:21:09,32.0,55.0,20.0,24.0,-4.0,2.1,24.0,24.1,24.6,22.7,-0.0,DRY,ON,20.0,20.0,20.0,Dry Forecast,Forecast dry. Recommend watering soon; pump stays OFF because ML_CONTROL_MODE=recommend.,Forecast Dry,,"Forecast Dry,DRY;TELEGRAM_COOLDOWN:Forecast Dry,DRY",OK
2026-06-19 23:21:14,32.0,55.0,20.0,24.0,-4.0,2.1,24.0,24.1,24.6,22.7,-0.0,DRY,ON,20.0,20.0,20.0,Dry Forecast,Forecast dry. Recommend watering soon; pump stays OFF because ML_CONTROL_MODE=recommend.,Forecast Dry,,"Forecast Dry,DRY;TELEGRAM_SENT:Forecast Dry,DRY",OK
2026-06-19 23:21:19,32.0,55.0,20.0,24.0,-4.0,2.1,24.0,24.1,24.6,22.7,-0.0,DRY,ON,20.0,20.0,20.0,Dry Forecast,Forecast dry. Recommend watering soon; pump stays OFF because ML_CONTROL_MODE=recommend.,Forecast Dry,,"Forecast Dry,DRY;TELEGRAM_COOLDOWN:Forecast Dry,DRY",OK
2026-06-19 23:21:26,32.0,55.0,20.0,24.0,-4.0,2.1,24.0,24.1,24.6,22.7,-0.0,DRY,ON,20.0,20.0,20.0,Dry Forecast,Forecast dry. Recommend watering soon; pump stays OFF because ML_CONTROL_MODE=recommend.,Forecast Dry,,"Forecast Dry,DRY;TELEGRAM_SENT:Forecast Dry,DRY",OK
2026-06-19 23:21:31,32.0,55.0,20.0,24.0,-4.0,2.1,24.0,24.1,24.6,22.7,-0.0,DRY,ON,20.0,20.0,20.0,Dry Forecast,Forecast dry. Recommend watering soon; pump stays OFF because ML_CONTROL_MODE=recommend.,Forecast Dry,,"Forecast Dry,DRY;TELEGRAM_COOLDOWN:Forecast Dry,DRY",OK
2026-06-19 23:21:36,32.0,55.0,20.0,24.0,-4.0,2.1,24.0,24.1,24.6,22.7,-0.0,DRY,ON,20.0,20.0,20.0,Dry Forecast,Forecast dry. Recommend watering soon; pump stays OFF because ML_CONTROL_MODE=recommend.,Forecast Dry,,"Forecast Dry,DRY;TELEGRAM_SENT:Forecast Dry,DRY",OK
2026-06-19 23:21:42,32.0,55.0,20.0,24.0,-4.0,2.1,24.0,24.1,24.6,22.7,-0.0,DRY,ON,20.0,20.0,20.0,Dry Forecast,Forecast dry. Recommend watering soon; pump stays OFF because ML_CONTROL_MODE=recommend.,Forecast Dry,,"Forecast Dry,DRY;TELEGRAM_COOLDOWN:Forecast Dry,DRY",OK
2026-06-19 23:21:47,32.0,55.0,20.0,24.0,-4.0,2.1,24.0,24.1,24.6,22.7,-0.0,DRY,ON,20.0,20.0,20.0,Dry Forecast,Forecast dry. Recommend watering soon; pump stays OFF because ML_CONTROL_MODE=recommend.,Forecast Dry,,"Forecast Dry,DRY;TELEGRAM_SENT:Forecast Dry,DRY",OK
2026-06-19 23:21:53,32.0,55.0,20.0,24.0,-4.0,2.1,24.0,24.1,24.6,22.7,-0.0,DRY,ON,20.0,20.0,20.0,Dry Forecast,Forecast dry. Recommend watering soon; pump stays OFF because ML_CONTROL_MODE=recommend.,Forecast Dry,,"Forecast Dry,DRY;TELEGRAM_COOLDOWN:Forecast Dry,DRY",OK
2026-06-19 23:22:00,32.0,55.0,20.0,24.0,-4.0,2.1,24.0,24.1,24.6,22.7,-0.0,DRY,ON,20.0,20.0,20.0,Dry Forecast,Forecast dry. Recommend watering soon; pump stays OFF because ML_CONTROL_MODE=recommend.,Forecast Dry,,"Forecast Dry,DRY;TELEGRAM_SENT:Forecast Dry,DRY",OK
2026-06-19 23:22:05,32.0,55.0,20.0,24.0,-4.0,2.1,24.0,24.1,24.6,22.7,-0.0,DRY,ON,20.0,20.0,20.0,Dry Forecast,Forecast dry. Recommend watering soon; pump stays OFF because ML_CONTROL_MODE=recommend.,Forecast Dry,,"Forecast Dry,DRY;TELEGRAM_COOLDOWN:Forecast Dry,DRY",OK
2026-06-19 23:22:10,32.0,55.0,20.0,24.0,-4.0,2.1,24.0,24.1,24.6,22.7,-0.0,DRY,ON,20.0,20.0,20.0,Dry Forecast,Forecast dry. Recommend watering soon; pump stays OFF because ML_CONTROL_MODE=recommend.,Forecast Dry,,"Forecast Dry,DRY;TELEGRAM_SENT:Forecast Dry,DRY",OK
2026-06-19 23:22:16,32.0,55.0,20.0,24.0,-4.0,2.1,24.0,24.1,24.6,22.7,-0.0,DRY,ON,20.0,20.0,20.0,Dry Forecast,Forecast dry. Recommend watering soon; pump stays OFF because ML_CONTROL_MODE=recommend.,Forecast Dry,,"Forecast Dry,DRY;TELEGRAM_COOLDOWN:Forecast Dry,DRY",OK
2026-06-19 23:22:21,32.0,55.0,20.0,24.0,-4.0,2.1,24.0,24.1,24.6,22.7,-0.0,DRY,ON,20.0,20.0,20.0,Dry Forecast,Forecast dry. Recommend watering soon; pump stays OFF because ML_CONTROL_MODE=recommend.,Forecast Dry,,"Forecast Dry,DRY;TELEGRAM_SENT:Forecast Dry,DRY",OK
2026-06-19 23:22:27,32.0,55.0,20.0,24.0,-4.0,2.1,24.0,24.1,24.6,22.7,-0.0,DRY,ON,20.0,20.0,20.0,Dry Forecast,Forecast dry. Recommend watering soon; pump stays OFF because ML_CONTROL_MODE=recommend.,Forecast Dry,,"Forecast Dry,DRY;TELEGRAM_COOLDOWN:Forecast Dry,DRY",OK
2026-06-19 23:22:34,32.0,55.0,20.0,24.0,-4.0,2.1,24.0,24.1,24.6,22.7,-0.0,DRY,ON,20.0,20.0,20.0,Dry Forecast,Forecast dry. Recommend watering soon; pump stays OFF because ML_CONTROL_MODE=recommend.,Forecast Dry,,"Forecast Dry,DRY;TELEGRAM_SENT:Forecast Dry,DRY",OK
2026-06-19 23:22:40,32.0,55.0,20.0,24.0,-4.0,2.1,24.0,24.1,24.6,22.7,-0.0,DRY,ON,20.0,20.0,20.0,Dry Forecast,Forecast dry. Recommend watering soon; pump stays OFF because ML_CONTROL_MODE=recommend.,Forecast Dry,,"Forecast Dry,DRY;TELEGRAM_COOLDOWN:Forecast Dry,DRY",OK
2026-06-19 23:22:45,32.0,55.0,20.0,24.0,-4.0,2.1,24.0,24.1,24.6,22.7,-0.0,DRY,ON,20.0,20.0,20.0,Dry Forecast,Forecast dry. Recommend watering soon; pump stays OFF because ML_CONTROL_MODE=recommend.,Forecast Dry,,"Forecast Dry,DRY;TELEGRAM_SENT:Forecast Dry,DRY",OK
2026-06-19 23:22:50,32.0,55.0,20.0,24.0,-4.0,2.1,24.0,24.1,24.6,22.7,-0.0,DRY,ON,20.0,20.0,20.0,Dry Forecast,Forecast dry. Recommend watering soon; pump stays OFF because ML_CONTROL_MODE=recommend.,Forecast Dry,,"Forecast Dry,DRY;TELEGRAM_COOLDOWN:Forecast Dry,DRY",OK
2026-06-19 23:22:55,32.0,55.0,20.0,24.0,-4.0,2.1,24.0,24.1,24.6,22.7,-0.0,DRY,ON,20.0,20.0,20.0,Dry Forecast,Forecast dry. Recommend watering soon; pump stays OFF because ML_CONTROL_MODE=recommend.,Forecast Dry,,"Forecast Dry,DRY;TELEGRAM_SENT:Forecast Dry,DRY",OK
2026-06-19 23:23:01,32.0,55.0,20.0,24.0,-4.0,2.1,24.0,24.1,24.6,22.7,-0.0,DRY,ON,20.0,20.0,20.0,Dry Forecast,Forecast dry. Recommend watering soon; pump stays OFF because ML_CONTROL_MODE=recommend.,Forecast Dry,,"Forecast Dry,DRY;TELEGRAM_COOLDOWN:Forecast Dry,DRY",OK
2026-06-19 23:23:08,32.0,55.0,20.0,24.0,-4.0,2.1,24.0,24.1,24.6,22.7,-0.0,DRY,ON,20.0,20.0,20.0,Dry Forecast,Forecast dry. Recommend watering soon; pump stays OFF because ML_CONTROL_MODE=recommend.,Forecast Dry,,"Forecast Dry,DRY;TELEGRAM_SENT:Forecast Dry,DRY",OK
2026-06-19 23:23:13,32.0,55.0,20.0,24.0,-4.0,2.1,24.0,24.1,24.6,22.7,-0.0,DRY,ON,20.0,20.0,20.0,Dry Forecast,Forecast dry. Recommend watering soon; pump stays OFF because ML_CONTROL_MODE=recommend.,Forecast Dry,,"Forecast Dry,DRY;TELEGRAM_COOLDOWN:Forecast Dry,DRY",OK
2026-06-19 23:23:19,32.0,55.0,20.0,24.0,-4.0,2.1,24.0,24.1,24.6,22.7,-0.0,DRY,ON,20.0,20.0,20.0,Dry Forecast,Forecast dry. Recommend watering soon; pump stays OFF because ML_CONTROL_MODE=recommend.,Forecast Dry,,"Forecast Dry,DRY;TELEGRAM_SENT:Forecast Dry,DRY",OK
2026-06-19 23:23:24,32.0,55.0,20.0,24.0,-4.0,2.1,24.0,24.1,24.6,22.7,-0.0,DRY,ON,20.0,20.0,20.0,Dry Forecast,Forecast dry. Recommend watering soon; pump stays OFF because ML_CONTROL_MODE=recommend.,Forecast Dry,,"Forecast Dry,DRY;TELEGRAM_COOLDOWN:Forecast Dry,DRY",OK
2026-06-19 23:23:29,32.0,55.0,20.0,24.0,-4.0,2.1,24.0,24.1,24.6,22.7,-0.0,DRY,ON,20.0,20.0,20.0,Dry Forecast,Forecast dry. Recommend watering soon; pump stays OFF because ML_CONTROL_MODE=recommend.,Forecast Dry,,"Forecast Dry,DRY;TELEGRAM_SENT:Forecast Dry,DRY",OK
2026-06-19 23:23:35,32.0,55.0,20.0,24.0,-4.0,2.1,24.0,24.1,24.6,22.7,-0.0,DRY,ON,20.0,20.0,20.0,Dry Forecast,Forecast dry. Recommend watering soon; pump stays OFF because ML_CONTROL_MODE=recommend.,Forecast Dry,,"Forecast Dry,DRY;TELEGRAM_COOLDOWN:Forecast Dry,DRY",OK
2026-06-19 23:23:42,32.0,55.0,20.0,24.0,-4.0,2.1,24.0,24.1,24.6,22.7,-0.0,DRY,ON,20.0,20.0,20.0,Dry Forecast,Forecast dry. Recommend watering soon; pump stays OFF because ML_CONTROL_MODE=recommend.,Forecast Dry,,"Forecast Dry,DRY;TELEGRAM_SENT:Forecast Dry,DRY",OK
2026-06-19 23:23:48,32.0,55.0,20.0,24.0,-4.0,2.1,24.0,24.1,24.6,22.7,-0.0,DRY,ON,20.0,20.0,20.0,Dry Forecast,Forecast dry. Recommend watering soon; pump stays OFF because ML_CONTROL_MODE=recommend.,Forecast Dry,,"Forecast Dry,DRY;TELEGRAM_COOLDOWN:Forecast Dry,DRY",OK
2026-06-19 23:23:53,32.0,55.0,20.0,24.0,-4.0,2.1,24.0,24.1,24.6,22.7,-0.0,DRY,ON,20.0,20.0,20.0,Dry Forecast,Forecast dry. Recommend watering soon; pump stays OFF because ML_CONTROL_MODE=recommend.,Forecast Dry,,"Forecast Dry,DRY;TELEGRAM_SENT:Forecast Dry,DRY",OK
2026-06-19 23:23:58,32.0,55.0,20.0,24.0,-4.0,2.1,24.0,24.1,24.6,22.7,-0.0,DRY,ON,20.0,20.0,20.0,Dry Forecast,Forecast dry. Recommend watering soon; pump stays OFF because ML_CONTROL_MODE=recommend.,Forecast Dry,,"Forecast Dry,DRY;TELEGRAM_COOLDOWN:Forecast Dry,DRY",OK
2026-06-19 23:24:03,32.0,55.0,20.0,24.0,-4.0,2.1,24.0,24.1,24.6,22.7,-0.0,DRY,ON,20.0,20.0,20.0,Dry Forecast,Forecast dry. Recommend watering soon; pump stays OFF because ML_CONTROL_MODE=recommend.,Forecast Dry,,"Forecast Dry,DRY;TELEGRAM_SENT:Forecast Dry,DRY",OK
2026-06-19 23:24:10,32.0,55.0,20.0,24.0,-4.0,2.1,24.0,24.1,24.6,22.7,-0.0,DRY,ON,20.0,20.0,20.0,Dry Forecast,Forecast dry. Recommend watering soon; pump stays OFF because ML_CONTROL_MODE=recommend.,Forecast Dry,,"Forecast Dry,DRY;TELEGRAM_COOLDOWN:Forecast Dry,DRY",OK
2026-06-19 23:24:16,32.0,55.0,20.0,24.0,-4.0,2.1,24.0,24.1,24.6,22.7,-0.0,DRY,ON,20.0,20.0,20.0,Dry Forecast,Forecast dry. Recommend watering soon; pump stays OFF because ML_CONTROL_MODE=recommend.,Forecast Dry,,"Forecast Dry,DRY;TELEGRAM_SENT:Forecast Dry,DRY",OK
2026-06-19 23:24:23,32.0,55.0,20.0,24.0,-4.0,2.1,24.0,24.1,24.6,22.7,-0.0,DRY,ON,20.0,20.0,20.0,Dry Forecast,Forecast dry. Recommend watering soon; pump stays OFF because ML_CONTROL_MODE=recommend.,Forecast Dry,,"Forecast Dry,DRY;TELEGRAM_COOLDOWN:Forecast Dry,DRY",OK
2026-06-19 23:24:28,32.0,55.0,20.0,24.0,-4.0,2.1,24.0,24.1,24.6,22.7,-0.0,DRY,ON,20.0,20.0,20.0,Dry Forecast,Forecast dry. Recommend watering soon; pump stays OFF because ML_CONTROL_MODE=recommend.,Forecast Dry,,"Forecast Dry,DRY;TELEGRAM_SENT:Forecast Dry,DRY",OK
2026-06-19 23:24:33,32.0,55.0,20.0,24.0,-4.0,2.1,24.0,24.1,24.6,22.7,-0.0,DRY,ON,20.0,20.0,20.0,Dry Forecast,Forecast dry. Recommend watering soon; pump stays OFF because ML_CONTROL_MODE=recommend.,Forecast Dry,,"Forecast Dry,DRY;TELEGRAM_COOLDOWN:Forecast Dry,DRY",OK
2026-06-19 23:24:38,32.0,55.0,20.0,24.0,-4.0,2.1,24.0,24.1,24.6,22.7,-0.0,DRY,ON,20.0,20.0,20.0,Dry Forecast,Forecast dry. Recommend watering soon; pump stays OFF because ML_CONTROL_MODE=recommend.,Forecast Dry,,"Forecast Dry,DRY;TELEGRAM_SENT:Forecast Dry,DRY",OK
2026-06-19 23:24:44,32.0,55.0,20.0,24.0,-4.0,2.1,24.0,24.1,24.6,22.7,-0.0,DRY,ON,20.0,20.0,20.0,Dry Forecast,Forecast dry. Recommend watering soon; pump stays OFF because ML_CONTROL_MODE=recommend.,Forecast Dry,,"Forecast Dry,DRY;TELEGRAM_COOLDOWN:Forecast Dry,DRY",OK
2026-06-19 23:24:51,32.0,55.0,20.0,24.0,-4.0,2.1,24.0,24.1,24.6,22.7,-0.0,DRY,ON,20.0,20.0,20.0,Dry Forecast,Forecast dry. Recommend watering soon; pump stays OFF because ML_CONTROL_MODE=recommend.,Forecast Dry,,"Forecast Dry,DRY;TELEGRAM_SENT:Forecast Dry,DRY",OK
2026-06-19 23:24:57,32.0,55.0,20.0,24.0,-4.0,2.1,24.0,24.1,24.6,22.7,-0.0,DRY,ON,20.0,20.0,20.0,Dry Forecast,Forecast dry. Recommend watering soon; pump stays OFF because ML_CONTROL_MODE=recommend.,Forecast Dry,,"Forecast Dry,DRY;TELEGRAM_COOLDOWN:Forecast Dry,DRY",OK
2026-06-19 23:25:02,32.0,55.0,20.0,24.0,-4.0,2.1,24.0,24.1,24.6,22.7,-0.0,DRY,ON,20.0,20.0,20.0,Dry Forecast,Forecast dry. Recommend watering soon; pump stays OFF because ML_CONTROL_MODE=recommend.,Forecast Dry,,"Forecast Dry,DRY;TELEGRAM_SENT:Forecast Dry,DRY",OK
2026-06-19 23:25:08,32.0,55.0,20.0,24.0,-4.0,2.1,24.0,24.1,24.6,22.7,-0.0,DRY,ON,20.0,20.0,20.0,Dry Forecast,Forecast dry. Recommend watering soon; pump stays OFF because ML_CONTROL_MODE=recommend.,Forecast Dry,,"Forecast Dry,DRY;TELEGRAM_COOLDOWN:Forecast Dry,DRY",OK
2026-06-19 23:25:13,32.0,55.0,20.0,24.0,-4.0,2.1,24.0,24.1,24.6,22.7,-0.0,DRY,ON,20.0,20.0,20.0,Dry Forecast,Forecast dry. Recommend watering soon; pump stays OFF because ML_CONTROL_MODE=recommend.,Forecast Dry,,"Forecast Dry,DRY;TELEGRAM_SENT:Forecast Dry,DRY",OK
2026-06-19 23:25:18,32.0,55.0,20.0,24.0,-4.0,2.1,24.0,24.1,24.6,22.7,-0.0,DRY,ON,20.0,20.0,20.0,Dry Forecast,Forecast dry. Recommend watering soon; pump stays OFF because ML_CONTROL_MODE=recommend.,Forecast Dry,,"Forecast Dry,DRY;TELEGRAM_COOLDOWN:Forecast Dry,DRY",OK
2026-06-19 23:25:25,32.0,55.0,20.0,24.0,-4.0,2.1,24.0,24.1,24.6,22.7,-0.0,DRY,ON,20.0,20.0,20.0,Dry Forecast,Forecast dry. Recommend watering soon; pump stays OFF because ML_CONTROL_MODE=recommend.,Forecast Dry,,"Forecast Dry,DRY;TELEGRAM_SENT:Forecast Dry,DRY",OK
2026-06-19 23:25:31,32.0,55.0,20.0,24.0,-4.0,2.1,24.0,24.1,24.6,22.7,-0.0,DRY,ON,20.0,20.0,20.0,Dry Forecast,Forecast dry. Recommend watering soon; pump stays OFF because ML_CONTROL_MODE=recommend.,Forecast Dry,,"Forecast Dry,DRY;TELEGRAM_COOLDOWN:Forecast Dry,DRY",OK
2026-06-19 23:25:36,32.0,55.0,20.0,24.0,-4.0,2.1,24.0,24.1,24.6,22.7,-0.0,DRY,ON,20.0,20.0,20.0,Dry Forecast,Forecast dry. Recommend watering soon; pump stays OFF because ML_CONTROL_MODE=recommend.,Forecast Dry,,"Forecast Dry,DRY;TELEGRAM_SENT:Forecast Dry,DRY",OK
2026-06-19 23:25:43,32.0,55.0,20.0,24.0,-4.0,2.1,24.0,24.1,24.6,22.7,-0.0,DRY,ON,20.0,20.0,20.0,Dry Forecast,Forecast dry. Recommend watering soon; pump stays OFF because ML_CONTROL_MODE=recommend.,Forecast Dry,,"Forecast Dry,DRY;TELEGRAM_COOLDOWN:Forecast Dry,DRY",OK
2026-06-19 23:25:48,32.0,55.0,20.0,24.0,-4.0,2.1,24.0,24.1,24.6,22.7,-0.0,DRY,ON,20.0,20.0,20.0,Dry Forecast,Forecast dry. Recommend watering soon; pump stays OFF because ML_CONTROL_MODE=recommend.,Forecast Dry,,"Forecast Dry,DRY;TELEGRAM_SENT:Forecast Dry,DRY",OK
2026-06-19 23:25:55,32.0,55.0,20.0,24.0,-4.0,2.1,24.0,24.1,24.6,22.7,-0.0,DRY,ON,20.0,20.0,20.0,Dry Forecast,Forecast dry. Recommend watering soon; pump stays OFF because ML_CONTROL_MODE=recommend.,Forecast Dry,,"Forecast Dry,DRY;TELEGRAM_COOLDOWN:Forecast Dry,DRY",OK
2026-06-19 23:26:00,32.0,55.0,20.0,24.0,-4.0,2.1,24.0,24.1,24.6,22.7,-0.0,DRY,ON,20.0,20.0,20.0,Dry Forecast,Forecast dry. Recommend watering soon; pump stays OFF because ML_CONTROL_MODE=recommend.,Forecast Dry,,"Forecast Dry,DRY;TELEGRAM_SENT:Forecast Dry,DRY",OK
2026-06-19 23:26:06,32.0,55.0,20.0,24.0,-4.0,2.1,24.0,24.1,24.6,22.7,-0.0,DRY,ON,20.0,20.0,20.0,Dry Forecast,Forecast dry. Recommend watering soon; pump stays OFF because ML_CONTROL_MODE=recommend.,Forecast Dry,,"Forecast Dry,DRY;TELEGRAM_COOLDOWN:Forecast Dry,DRY",OK
2026-06-19 23:26:11,32.0,55.0,20.0,24.0,-4.0,2.1,24.0,24.1,24.6,22.7,-0.0,DRY,ON,20.0,20.0,20.0,Dry Forecast,Forecast dry. Recommend watering soon; pump stays OFF because ML_CONTROL_MODE=recommend.,Forecast Dry,,"Forecast Dry,DRY;TELEGRAM_SENT:Forecast Dry,DRY",OK
2026-06-19 23:26:17,32.0,55.0,20.0,24.0,-4.0,2.1,24.0,24.1,24.6,22.7,-0.0,DRY,ON,20.0,20.0,20.0,Dry Forecast,Forecast dry. Recommend watering soon; pump stays OFF because ML_CONTROL_MODE=recommend.,Forecast Dry,,"Forecast Dry,DRY;TELEGRAM_COOLDOWN:Forecast Dry,DRY",OK
2026-06-19 23:26:22,32.0,55.0,20.0,24.0,-4.0,2.1,24.0,24.1,24.6,22.7,-0.0,DRY,ON,20.0,20.0,20.0,Dry Forecast,Forecast dry. Recommend watering soon; pump stays OFF because ML_CONTROL_MODE=recommend.,Forecast Dry,,"Forecast Dry,DRY;TELEGRAM_SENT:Forecast Dry,DRY",OK
2026-06-19 23:26:29,32.0,55.0,20.0,24.0,-4.0,2.1,24.0,24.1,24.6,22.7,-0.0,DRY,ON,20.0,20.0,20.0,Dry Forecast,Forecast dry. Recommend watering soon; pump stays OFF because ML_CONTROL_MODE=recommend.,Forecast Dry,,"Forecast Dry,DRY;TELEGRAM_COOLDOWN:Forecast Dry,DRY",OK
2026-06-19 23:26:34,32.0,55.0,20.0,24.0,-4.0,2.1,24.0,24.1,24.6,22.7,-0.0,DRY,ON,20.0,20.0,20.0,Dry Forecast,Forecast dry. Recommend watering soon; pump stays OFF because ML_CONTROL_MODE=recommend.,Forecast Dry,,"Forecast Dry,DRY;TELEGRAM_SENT:Forecast Dry,DRY",OK
2026-06-19 23:26:40,32.0,55.0,20.0,24.0,-4.0,2.1,24.0,24.1,24.6,22.7,-0.0,DRY,ON,20.0,20.0,20.0,Dry Forecast,Forecast dry. Recommend watering soon; pump stays OFF because ML_CONTROL_MODE=recommend.,Forecast Dry,,"Forecast Dry,DRY;TELEGRAM_COOLDOWN:Forecast Dry,DRY",OK
2026-06-19 23:26:45,32.0,55.0,20.0,24.0,-4.0,2.1,24.0,24.1,24.6,22.7,-0.0,DRY,ON,20.0,20.0,20.0,Dry Forecast,Forecast dry. Recommend watering soon; pump stays OFF because ML_CONTROL_MODE=recommend.,Forecast Dry,,"Forecast Dry,DRY;TELEGRAM_SENT:Forecast Dry,DRY",OK
2026-06-19 23:26:51,32.0,55.0,20.0,24.0,-4.0,2.1,24.0,24.1,24.6,22.7,-0.0,DRY,ON,20.0,20.0,20.0,Dry Forecast,Forecast dry. Recommend watering soon; pump stays OFF because ML_CONTROL_MODE=recommend.,Forecast Dry,,"Forecast Dry,DRY;TELEGRAM_COOLDOWN:Forecast Dry,DRY",OK
2026-06-19 23:26:56,32.0,55.0,20.0,24.0,-4.0,2.1,24.0,24.1,24.6,22.7,-0.0,DRY,ON,20.0,20.0,20.0,Dry Forecast,Forecast dry. Recommend watering soon; pump stays OFF because ML_CONTROL_MODE=recommend.,Forecast Dry,,"Forecast Dry,DRY;TELEGRAM_SENT:Forecast Dry,DRY",OK
2026-06-19 23:27:03,32.0,55.0,20.0,24.0,-4.0,2.1,24.0,24.1,24.6,22.7,-0.0,DRY,ON,20.0,20.0,20.0,Dry Forecast,Forecast dry. Recommend watering soon; pump stays OFF because ML_CONTROL_MODE=recommend.,Forecast Dry,,"Forecast Dry,DRY;TELEGRAM_COOLDOWN:Forecast Dry,DRY",OK
2026-06-19 23:27:08,32.0,55.0,20.0,24.0,-4.0,2.1,24.0,24.1,24.6,22.7,-0.0,DRY,ON,20.0,20.0,20.0,Dry Forecast,Forecast dry. Recommend watering soon; pump stays OFF because ML_CONTROL_MODE=recommend.,Forecast Dry,,"Forecast Dry,DRY;TELEGRAM_SENT:Forecast Dry,DRY",OK
2026-06-19 23:27:14,32.0,55.0,20.0,24.0,-4.0,2.1,24.0,24.1,24.6,22.7,-0.0,DRY,ON,20.0,20.0,20.0,Dry Forecast,Forecast dry. Recommend watering soon; pump stays OFF because ML_CONTROL_MODE=recommend.,Forecast Dry,,"Forecast Dry,DRY;TELEGRAM_COOLDOWN:Forecast Dry,DRY",OK
2026-06-19 23:27:19,32.0,55.0,20.0,24.0,-4.0,2.1,24.0,24.1,24.6,22.7,-0.0,DRY,ON,20.0,20.0,20.0,Dry Forecast,Forecast dry. Recommend watering soon; pump stays OFF because ML_CONTROL_MODE=recommend.,Forecast Dry,,"Forecast Dry,DRY;TELEGRAM_SENT:Forecast Dry,DRY",OK
2026-06-19 23:27:25,32.0,55.0,20.0,24.0,-4.0,2.1,24.0,24.1,24.6,22.7,-0.0,DRY,ON,20.0,20.0,20.0,Dry Forecast,Forecast dry. Recommend watering soon; pump stays OFF because ML_CONTROL_MODE=recommend.,Forecast Dry,,"Forecast Dry,DRY;TELEGRAM_COOLDOWN:Forecast Dry,DRY",OK
2026-06-19 23:27:30,32.0,55.0,20.0,24.0,-4.0,2.1,24.0,24.1,24.6,22.7,-0.0,DRY,ON,20.0,20.0,20.0,Dry Forecast,Forecast dry. Recommend watering soon; pump stays OFF because ML_CONTROL_MODE=recommend.,Forecast Dry,,"Forecast Dry,DRY;TELEGRAM_SENT:Forecast Dry,DRY",OK
2026-06-19 23:27:38,32.0,55.0,20.0,24.0,-4.0,2.1,24.0,24.1,24.6,22.7,-0.0,DRY,ON,20.0,20.0,20.0,Dry Forecast,Forecast dry. Recommend watering soon; pump stays OFF because ML_CONTROL_MODE=recommend.,Forecast Dry,,"Forecast Dry,DRY;TELEGRAM_COOLDOWN:Forecast Dry,DRY",OK
2026-06-19 23:27:43,32.0,55.0,20.0,24.0,-4.0,2.1,24.0,24.1,24.6,22.7,-0.0,DRY,ON,20.0,20.0,20.0,Dry Forecast,Forecast dry. Recommend watering soon; pump stays OFF because ML_CONTROL_MODE=recommend.,Forecast Dry,,"Forecast Dry,DRY;TELEGRAM_SENT:Forecast Dry,DRY",OK
2026-06-19 23:27:49,32.0,55.0,20.0,24.0,-4.0,2.1,24.0,24.1,24.6,22.7,-0.0,DRY,ON,20.0,20.0,20.0,Dry Forecast,Forecast dry. Recommend watering soon; pump stays OFF because ML_CONTROL_MODE=recommend.,Forecast Dry,,"Forecast Dry,DRY;TELEGRAM_COOLDOWN:Forecast Dry,DRY",OK
2026-06-19 23:27:54,32.0,55.0,20.0,24.0,-4.0,2.1,24.0,24.1,24.6,22.7,-0.0,DRY,ON,20.0,20.0,20.0,Dry Forecast,Forecast dry. Recommend watering soon; pump stays OFF because ML_CONTROL_MODE=recommend.,Forecast Dry,,"Forecast Dry,DRY;TELEGRAM_SENT:Forecast Dry,DRY",OK
2026-06-19 23:28:00,32.0,55.0,20.0,24.0,-4.0,2.1,24.0,24.1,24.6,22.7,-0.0,DRY,ON,20.0,20.0,20.0,Dry Forecast,Forecast dry. Recommend watering soon; pump stays OFF because ML_CONTROL_MODE=recommend.,Forecast Dry,,"Forecast Dry,DRY;TELEGRAM_COOLDOWN:Forecast Dry,DRY",OK
2026-06-19 23:28:05,32.0,55.0,20.0,24.0,-4.0,2.1,24.0,24.1,24.6,22.7,-0.0,DRY,ON,20.0,20.0,20.0,Dry Forecast,Forecast dry. Recommend watering soon; pump stays OFF because ML_CONTROL_MODE=recommend.,Forecast Dry,,"Forecast Dry,DRY;TELEGRAM_SENT:Forecast Dry,DRY",OK
2026-06-19 23:28:13,32.0,55.0,20.0,24.0,-4.0,2.1,24.0,24.1,24.6,22.7,-0.0,DRY,ON,20.0,20.0,20.0,Dry Forecast,Forecast dry. Recommend watering soon; pump stays OFF because ML_CONTROL_MODE=recommend.,Forecast Dry,,"Forecast Dry,DRY;TELEGRAM_COOLDOWN:Forecast Dry,DRY",OK
2026-06-19 23:28:18,32.0,55.0,20.0,24.0,-4.0,2.1,24.0,24.1,24.6,22.7,-0.0,DRY,ON,20.0,20.0,20.0,Dry Forecast,Forecast dry. Recommend watering soon; pump stays OFF because ML_CONTROL_MODE=recommend.,Forecast Dry,,"Forecast Dry,DRY;TELEGRAM_SENT:Forecast Dry,DRY",OK
2026-06-19 23:28:23,32.0,55.0,20.0,24.0,-4.0,2.1,24.0,24.1,24.6,22.7,-0.0,DRY,ON,20.0,20.0,20.0,Dry Forecast,Forecast dry. Recommend watering soon; pump stays OFF because ML_CONTROL_MODE=recommend.,Forecast Dry,,"Forecast Dry,DRY;TELEGRAM_COOLDOWN:Forecast Dry,DRY",OK
2026-06-19 23:28:28,32.0,55.0,20.0,24.0,-4.0,2.1,24.0,24.1,24.6,22.7,-0.0,DRY,ON,20.0,20.0,20.0,Dry Forecast,Forecast dry. Recommend watering soon; pump stays OFF because ML_CONTROL_MODE=recommend.,Forecast Dry,,"Forecast Dry,DRY;TELEGRAM_SENT:Forecast Dry,DRY",OK
2026-06-19 23:28:34,32.0,55.0,20.0,24.0,-4.0,2.1,24.0,24.1,24.6,22.7,-0.0,DRY,ON,20.0,20.0,20.0,Dry Forecast,Forecast dry. Recommend watering soon; pump stays OFF because ML_CONTROL_MODE=recommend.,Forecast Dry,,"Forecast Dry,DRY;TELEGRAM_COOLDOWN:Forecast Dry,DRY",OK
2026-06-19 23:28:39,32.0,55.0,20.0,24.0,-4.0,2.1,24.0,24.1,24.6,22.7,-0.0,DRY,ON,20.0,20.0,20.0,Dry Forecast,Forecast dry. Recommend watering soon; pump stays OFF because ML_CONTROL_MODE=recommend.,Forecast Dry,,"Forecast Dry,DRY;TELEGRAM_SENT:Forecast Dry,DRY",OK
2026-06-19 23:28:48,32.0,55.0,20.0,24.0,-4.0,2.1,24.0,24.1,24.6,22.7,-0.0,DRY,ON,20.0,20.0,20.0,Dry Forecast,Forecast dry. Recommend watering soon; pump stays OFF because ML_CONTROL_MODE=recommend.,Forecast Dry,,"Forecast Dry,DRY;TELEGRAM_COOLDOWN:Forecast Dry,DRY",OK
2026-06-19 23:28:53,32.0,55.0,20.0,24.0,-4.0,2.1,24.0,24.1,24.6,22.7,-0.0,DRY,ON,20.0,20.0,20.0,Dry Forecast,Forecast dry. Recommend watering soon; pump stays OFF because ML_CONTROL_MODE=recommend.,Forecast Dry,,"Forecast Dry,DRY;TELEGRAM_SENT:Forecast Dry,DRY",OK
2026-06-19 23:28:58,32.0,55.0,20.0,24.0,-4.0,2.1,24.0,24.1,24.6,22.7,-0.0,DRY,ON,20.0,20.0,20.0,Dry Forecast,Forecast dry. Recommend watering soon; pump stays OFF because ML_CONTROL_MODE=recommend.,Forecast Dry,,"Forecast Dry,DRY;TELEGRAM_COOLDOWN:Forecast Dry,DRY",OK
2026-06-19 23:29:03,32.0,55.0,20.0,24.0,-4.0,2.1,24.0,24.1,24.6,22.7,-0.0,DRY,ON,20.0,20.0,20.0,Dry Forecast,Forecast dry. Recommend watering soon; pump stays OFF because ML_CONTROL_MODE=recommend.,Forecast Dry,,"Forecast Dry,DRY;TELEGRAM_SENT:Forecast Dry,DRY",OK
2026-06-19 23:29:09,32.0,55.0,20.0,24.0,-4.0,2.1,24.0,24.1,24.6,22.7,-0.0,DRY,ON,20.0,20.0,20.0,Dry Forecast,Forecast dry. Recommend watering soon; pump stays OFF because ML_CONTROL_MODE=recommend.,Forecast Dry,,"Forecast Dry,DRY;TELEGRAM_COOLDOWN:Forecast Dry,DRY",OK
2026-06-19 23:29:14,32.0,55.0,20.0,24.0,-4.0,2.1,24.0,24.1,24.6,22.7,-0.0,DRY,ON,20.0,20.0,20.0,Dry Forecast,Forecast dry. Recommend watering soon; pump stays OFF because ML_CONTROL_MODE=recommend.,Forecast Dry,,"Forecast Dry,DRY;TELEGRAM_SENT:Forecast Dry,DRY",OK
2026-06-19 23:29:22,32.0,55.0,20.0,24.0,-4.0,2.1,24.0,24.1,24.6,22.7,-0.0,DRY,ON,20.0,20.0,20.0,Dry Forecast,Forecast dry. Recommend watering soon; pump stays OFF because ML_CONTROL_MODE=recommend.,Forecast Dry,,"Forecast Dry,DRY;TELEGRAM_COOLDOWN:Forecast Dry,DRY",OK
2026-06-19 23:29:27,32.0,55.0,20.0,24.0,-4.0,2.1,24.0,24.1,24.6,22.7,-0.0,DRY,ON,20.0,20.0,20.0,Dry Forecast,Forecast dry. Recommend watering soon; pump stays OFF because ML_CONTROL_MODE=recommend.,Forecast Dry,,"Forecast Dry,DRY;TELEGRAM_SENT:Forecast Dry,DRY",OK
2026-06-19 23:29:33,32.0,55.0,20.0,24.0,-4.0,2.1,24.0,24.1,24.6,22.7,-0.0,DRY,ON,20.0,20.0,20.0,Dry Forecast,Forecast dry. Recommend watering soon; pump stays OFF because ML_CONTROL_MODE=recommend.,Forecast Dry,,"Forecast Dry,DRY;TELEGRAM_COOLDOWN:Forecast Dry,DRY",OK
2026-06-19 23:29:38,32.0,55.0,20.0,24.0,-4.0,2.1,24.0,24.1,24.6,22.7,-0.0,DRY,ON,20.0,20.0,20.0,Dry Forecast,Forecast dry. Recommend watering soon; pump stays OFF because ML_CONTROL_MODE=recommend.,Forecast Dry,,"Forecast Dry,DRY;TELEGRAM_SENT:Forecast Dry,DRY",OK
2026-06-19 23:29:43,32.0,55.0,20.0,24.0,-4.0,2.1,24.0,24.1,24.6,22.7,-0.0,DRY,ON,20.0,20.0,20.0,Dry Forecast,Forecast dry. Recommend watering soon; pump stays OFF because ML_CONTROL_MODE=recommend.,Forecast Dry,,"Forecast Dry,DRY;TELEGRAM_COOLDOWN:Forecast Dry,DRY",OK
2026-06-19 23:29:48,32.0,55.0,20.0,24.0,-4.0,2.1,24.0,24.1,24.6,22.7,-0.0,DRY,ON,20.0,20.0,20.0,Dry Forecast,Forecast dry. Recommend watering soon; pump stays OFF because ML_CONTROL_MODE=recommend.,Forecast Dry,,"Forecast Dry,DRY;TELEGRAM_SENT:Forecast Dry,DRY",OK
2026-06-19 23:29:56,32.0,55.0,20.0,24.0,-4.0,2.1,24.0,24.1,24.6,22.7,-0.0,DRY,ON,20.0,20.0,20.0,Dry Forecast,Forecast dry. Recommend watering soon; pump stays OFF because ML_CONTROL_MODE=recommend.,Forecast Dry,,"Forecast Dry,DRY;TELEGRAM_COOLDOWN:Forecast Dry,DRY",OK
2026-06-19 23:30:01,32.0,55.0,20.0,24.0,-4.0,2.1,24.0,24.1,24.6,22.7,-0.0,DRY,ON,20.0,20.0,20.0,Dry Forecast,Forecast dry. Recommend watering soon; pump stays OFF because ML_CONTROL_MODE=recommend.,Forecast Dry,,"Forecast Dry,DRY;TELEGRAM_SENT:Forecast Dry,DRY",OK
2026-06-19 23:30:07,32.0,55.0,20.0,24.0,-4.0,2.1,24.0,24.1,24.6,22.7,-0.0,DRY,ON,20.0,20.0,20.0,Dry Forecast,Forecast dry. Recommend watering soon; pump stays OFF because ML_CONTROL_MODE=recommend.,Forecast Dry,,"Forecast Dry,DRY;TELEGRAM_COOLDOWN:Forecast Dry,DRY",OK
2026-06-19 23:30:12,32.0,55.0,20.0,24.0,-4.0,2.1,24.0,24.1,24.6,22.7,-0.0,DRY,ON,20.0,20.0,20.0,Dry Forecast,Forecast dry. Recommend watering soon; pump stays OFF because ML_CONTROL_MODE=recommend.,Forecast Dry,,"Forecast Dry,DRY;TELEGRAM_SENT:Forecast Dry,DRY",OK
2026-06-19 23:30:18,32.0,55.0,20.0,24.0,-4.0,2.1,24.0,24.1,24.6,22.7,-0.0,DRY,ON,20.0,20.0,20.0,Dry Forecast,Forecast dry. Recommend watering soon; pump stays OFF because ML_CONTROL_MODE=recommend.,Forecast Dry,,"Forecast Dry,DRY;TELEGRAM_COOLDOWN:Forecast Dry,DRY",OK
2026-06-19 23:30:23,32.0,55.0,20.0,24.0,-4.0,2.1,24.0,24.1,24.6,22.7,-0.0,DRY,ON,20.0,20.0,20.0,Dry Forecast,Forecast dry. Recommend watering soon; pump stays OFF because ML_CONTROL_MODE=recommend.,Forecast Dry,,"Forecast Dry,DRY;TELEGRAM_SENT:Forecast Dry,DRY",OK
2026-06-19 23:30:30,32.0,55.0,20.0,24.0,-4.0,2.1,24.0,24.1,24.6,22.7,-0.0,DRY,ON,20.0,20.0,20.0,Dry Forecast,Forecast dry. Recommend watering soon; pump stays OFF because ML_CONTROL_MODE=recommend.,Forecast Dry,,"Forecast Dry,DRY;TELEGRAM_COOLDOWN:Forecast Dry,DRY",OK
2026-06-19 23:30:35,32.0,55.0,20.0,24.0,-4.0,2.1,24.0,24.1,24.6,22.7,-0.0,DRY,ON,20.0,20.0,20.0,Dry Forecast,Forecast dry. Recommend watering soon; pump stays OFF because ML_CONTROL_MODE=recommend.,Forecast Dry,,"Forecast Dry,DRY;TELEGRAM_SENT:Forecast Dry,DRY",OK
2026-06-19 23:30:41,32.0,55.0,20.0,24.0,-4.0,2.1,24.0,24.1,24.6,22.7,-0.0,DRY,ON,20.0,20.0,20.0,Dry Forecast,Forecast dry. Recommend watering soon; pump stays OFF because ML_CONTROL_MODE=recommend.,Forecast Dry,,"Forecast Dry,DRY;TELEGRAM_COOLDOWN:Forecast Dry,DRY",OK
2026-06-19 23:30:46,32.0,55.0,20.0,24.0,-4.0,2.1,24.0,24.1,24.6,22.7,-0.0,DRY,ON,20.0,20.0,20.0,Dry Forecast,Forecast dry. Recommend watering soon; pump stays OFF because ML_CONTROL_MODE=recommend.,Forecast Dry,,"Forecast Dry,DRY;TELEGRAM_SENT:Forecast Dry,DRY",OK
2026-06-19 23:30:52,32.0,55.0,20.0,24.0,-4.0,2.1,24.0,24.1,24.6,22.7,-0.0,DRY,ON,20.0,20.0,20.0,Dry Forecast,Forecast dry. Recommend watering soon; pump stays OFF because ML_CONTROL_MODE=recommend.,Forecast Dry,,"Forecast Dry,DRY;TELEGRAM_COOLDOWN:Forecast Dry,DRY",OK
2026-06-19 23:30:57,32.0,55.0,20.0,24.0,-4.0,2.1,24.0,24.1,24.6,22.7,-0.0,DRY,ON,20.0,20.0,20.0,Dry Forecast,Forecast dry. Recommend watering soon; pump stays OFF because ML_CONTROL_MODE=recommend.,Forecast Dry,,"Forecast Dry,DRY;TELEGRAM_SENT:Forecast Dry,DRY",OK
2026-06-19 23:31:04,32.0,55.0,20.0,24.0,-4.0,2.1,24.0,24.1,24.6,22.7,-0.0,DRY,ON,20.0,20.0,20.0,Dry Forecast,Forecast dry. Recommend watering soon; pump stays OFF because ML_CONTROL_MODE=recommend.,Forecast Dry,,"Forecast Dry,DRY;TELEGRAM_COOLDOWN:Forecast Dry,DRY",OK
2026-06-19 23:31:09,32.0,55.0,20.0,24.0,-4.0,2.1,24.0,24.1,24.6,22.7,-0.0,DRY,ON,20.0,20.0,20.0,Dry Forecast,Forecast dry. Recommend watering soon; pump stays OFF because ML_CONTROL_MODE=recommend.,Forecast Dry,,"Forecast Dry,DRY;TELEGRAM_SENT:Forecast Dry,DRY",OK
2026-06-19 23:31:15,32.0,55.0,20.0,24.0,-4.0,2.1,24.0,24.1,24.6,22.7,-0.0,DRY,ON,20.0,20.0,20.0,Dry Forecast,Forecast dry. Recommend watering soon; pump stays OFF because ML_CONTROL_MODE=recommend.,Forecast Dry,,"Forecast Dry,DRY;TELEGRAM_COOLDOWN:Forecast Dry,DRY",OK
2026-06-19 23:31:20,32.0,55.0,20.0,24.0,-4.0,2.1,24.0,24.1,24.6,22.7,-0.0,DRY,ON,20.0,20.0,20.0,Dry Forecast,Forecast dry. Recommend watering soon; pump stays OFF because ML_CONTROL_MODE=recommend.,Forecast Dry,,"Forecast Dry,DRY;TELEGRAM_SENT:Forecast Dry,DRY",OK
2026-06-19 23:31:26,32.0,55.0,20.0,24.0,-4.0,2.1,24.0,24.1,24.6,22.7,-0.0,DRY,ON,20.0,20.0,20.0,Dry Forecast,Forecast dry. Recommend watering soon; pump stays OFF because ML_CONTROL_MODE=recommend.,Forecast Dry,,"Forecast Dry,DRY;TELEGRAM_COOLDOWN:Forecast Dry,DRY",OK
2026-06-19 23:31:31,32.0,55.0,20.0,24.0,-4.0,2.1,24.0,24.1,24.6,22.7,-0.0,DRY,ON,20.0,20.0,20.0,Dry Forecast,Forecast dry. Recommend watering soon; pump stays OFF because ML_CONTROL_MODE=recommend.,Forecast Dry,,"Forecast Dry,DRY;TELEGRAM_SENT:Forecast Dry,DRY",OK
2026-06-19 23:31:39,32.0,55.0,20.0,24.0,-4.0,2.1,24.0,24.1,24.6,22.7,-0.0,DRY,ON,20.0,20.0,20.0,Dry Forecast,Forecast dry. Recommend watering soon; pump stays OFF because ML_CONTROL_MODE=recommend.,Forecast Dry,,"Forecast Dry,DRY;TELEGRAM_COOLDOWN:Forecast Dry,DRY",OK
2026-06-19 23:31:44,32.0,55.0,20.0,24.0,-4.0,2.1,24.0,24.1,24.6,22.7,-0.0,DRY,ON,20.0,20.0,20.0,Dry Forecast,Forecast dry. Recommend watering soon; pump stays OFF because ML_CONTROL_MODE=recommend.,Forecast Dry,,"Forecast Dry,DRY;TELEGRAM_SENT:Forecast Dry,DRY",OK
2026-06-19 23:31:50,32.0,55.0,20.0,24.0,-4.0,2.1,24.0,24.1,24.6,22.7,-0.0,DRY,ON,20.0,20.0,20.0,Dry Forecast,Forecast dry. Recommend watering soon; pump stays OFF because ML_CONTROL_MODE=recommend.,Forecast Dry,,"Forecast Dry,DRY;TELEGRAM_COOLDOWN:Forecast Dry,DRY",OK
2026-06-19 23:31:55,32.0,55.0,20.0,24.0,-4.0,2.1,24.0,24.1,24.6,22.7,-0.0,DRY,ON,20.0,20.0,20.0,Dry Forecast,Forecast dry. Recommend watering soon; pump stays OFF because ML_CONTROL_MODE=recommend.,Forecast Dry,,"Forecast Dry,DRY;TELEGRAM_SENT:Forecast Dry,DRY",OK
2026-06-19 23:32:01,32.0,55.0,20.0,24.0,-4.0,2.1,24.0,24.1,24.6,22.7,-0.0,DRY,ON,20.0,20.0,20.0,Dry Forecast,Forecast dry. Recommend watering soon; pump stays OFF because ML_CONTROL_MODE=recommend.,Forecast Dry,,"Forecast Dry,DRY;TELEGRAM_COOLDOWN:Forecast Dry,DRY",OK
2026-06-19 23:32:06,32.0,55.0,20.0,24.0,-4.0,2.1,24.0,24.1,24.6,22.7,-0.0,DRY,ON,20.0,20.0,20.0,Dry Forecast,Forecast dry. Recommend watering soon; pump stays OFF because ML_CONTROL_MODE=recommend.,Forecast Dry,,"Forecast Dry,DRY;TELEGRAM_SENT:Forecast Dry,DRY",OK
2026-06-19 23:32:14,32.0,55.0,20.0,24.0,-4.0,2.1,24.0,24.1,24.6,22.7,-0.0,DRY,ON,20.0,20.0,20.0,Dry Forecast,Forecast dry. Recommend watering soon; pump stays OFF because ML_CONTROL_MODE=recommend.,Forecast Dry,,"Forecast Dry,DRY;TELEGRAM_COOLDOWN:Forecast Dry,DRY",OK
2026-06-19 23:32:19,32.0,55.0,20.0,24.0,-4.0,2.1,24.0,24.1,24.6,22.7,-0.0,DRY,ON,20.0,20.0,20.0,Dry Forecast,Forecast dry. Recommend watering soon; pump stays OFF because ML_CONTROL_MODE=recommend.,Forecast Dry,,"Forecast Dry,DRY;TELEGRAM_SENT:Forecast Dry,DRY",OK
2026-06-19 23:32:24,32.0,55.0,20.0,24.0,-4.0,2.1,24.0,24.1,24.6,22.7,-0.0,DRY,ON,20.0,20.0,20.0,Dry Forecast,Forecast dry. Recommend watering soon; pump stays OFF because ML_CONTROL_MODE=recommend.,Forecast Dry,,"Forecast Dry,DRY;TELEGRAM_COOLDOWN:Forecast Dry,DRY",OK
2026-06-19 23:32:29,32.0,55.0,20.0,24.0,-4.0,2.1,24.0,24.1,24.6,22.7,-0.0,DRY,ON,20.0,20.0,20.0,Dry Forecast,Forecast dry. Recommend watering soon; pump stays OFF because ML_CONTROL_MODE=recommend.,Forecast Dry,,"Forecast Dry,DRY;TELEGRAM_SENT:Forecast Dry,DRY",OK
2026-06-19 23:32:35,32.0,55.0,20.0,24.0,-4.0,2.1,24.0,24.1,24.6,22.7,-0.0,DRY,ON,20.0,20.0,20.0,Dry Forecast,Forecast dry. Recommend watering soon; pump stays OFF because ML_CONTROL_MODE=recommend.,Forecast Dry,,"Forecast Dry,DRY;TELEGRAM_COOLDOWN:Forecast Dry,DRY",OK
2026-06-19 23:32:40,32.0,55.0,20.0,24.0,-4.0,2.1,24.0,24.1,24.6,22.7,-0.0,DRY,ON,20.0,20.0,20.0,Dry Forecast,Forecast dry. Recommend watering soon; pump stays OFF because ML_CONTROL_MODE=recommend.,Forecast Dry,,"Forecast Dry,DRY;TELEGRAM_SENT:Forecast Dry,DRY",OK
2026-06-19 23:32:46,32.0,55.0,20.0,24.0,-4.0,2.1,24.0,24.1,24.6,22.7,-0.0,DRY,ON,20.0,20.0,20.0,Dry Forecast,Forecast dry. Recommend watering soon; pump stays OFF because ML_CONTROL_MODE=recommend.,Forecast Dry,,"Forecast Dry,DRY;TELEGRAM_COOLDOWN:Forecast Dry,DRY",OK
2026-06-19 23:32:51,32.0,55.0,20.0,24.0,-4.0,2.1,24.0,24.1,24.6,22.7,-0.0,DRY,ON,20.0,20.0,20.0,Dry Forecast,Forecast dry. Recommend watering soon; pump stays OFF because ML_CONTROL_MODE=recommend.,Forecast Dry,,"Forecast Dry,DRY;TELEGRAM_SENT:Forecast Dry,DRY",OK
2026-06-19 23:32:59,32.0,55.0,20.0,24.0,-4.0,2.1,24.0,24.1,24.6,22.7,-0.0,DRY,ON,20.0,20.0,20.0,Dry Forecast,Forecast dry. Recommend watering soon; pump stays OFF because ML_CONTROL_MODE=recommend.,Forecast Dry,,"Forecast Dry,DRY;TELEGRAM_COOLDOWN:Forecast Dry,DRY",OK
2026-06-19 23:33:04,32.0,55.0,20.0,24.0,-4.0,2.1,24.0,24.1,24.6,22.7,-0.0,DRY,ON,20.0,20.0,20.0,Dry Forecast,Forecast dry. Recommend watering soon; pump stays OFF because ML_CONTROL_MODE=recommend.,Forecast Dry,,"Forecast Dry,DRY;TELEGRAM_SENT:Forecast Dry,DRY",OK
2026-06-19 23:33:09,32.0,55.0,20.0,24.0,-4.0,2.1,24.0,24.1,24.6,22.7,-0.0,DRY,ON,20.0,20.0,20.0,Dry Forecast,Forecast dry. Recommend watering soon; pump stays OFF because ML_CONTROL_MODE=recommend.,Forecast Dry,,"Forecast Dry,DRY;TELEGRAM_COOLDOWN:Forecast Dry,DRY",OK
2026-06-19 23:33:14,32.0,55.0,20.0,24.0,-4.0,2.1,24.0,24.1,24.6,22.7,-0.0,DRY,ON,20.0,20.0,20.0,Dry Forecast,Forecast dry. Recommend watering soon; pump stays OFF because ML_CONTROL_MODE=recommend.,Forecast Dry,,"Forecast Dry,DRY;TELEGRAM_SENT:Forecast Dry,DRY",OK
2026-06-19 23:33:20,32.0,55.0,20.0,24.0,-4.0,2.1,24.0,24.1,24.6,22.7,-0.0,DRY,ON,20.0,20.0,20.0,Dry Forecast,Forecast dry. Recommend watering soon; pump stays OFF because ML_CONTROL_MODE=recommend.,Forecast Dry,,"Forecast Dry,DRY;TELEGRAM_COOLDOWN:Forecast Dry,DRY",OK
2026-06-19 23:33:25,32.0,55.0,20.0,24.0,-4.0,2.1,24.0,24.1,24.6,22.7,-0.0,DRY,ON,20.0,20.0,20.0,Dry Forecast,Forecast dry. Recommend watering soon; pump stays OFF because ML_CONTROL_MODE=recommend.,Forecast Dry,,"Forecast Dry,DRY;TELEGRAM_SENT:Forecast Dry,DRY",OK
2026-06-19 23:33:33,32.0,55.0,20.0,24.0,-4.0,2.1,24.0,24.1,24.6,22.7,-0.0,DRY,ON,20.0,20.0,20.0,Dry Forecast,Forecast dry. Recommend watering soon; pump stays OFF because ML_CONTROL_MODE=recommend.,Forecast Dry,,"Forecast Dry,DRY;TELEGRAM_COOLDOWN:Forecast Dry,DRY",OK
2026-06-19 23:33:38,32.0,55.0,20.0,24.0,-4.0,2.1,24.0,24.1,24.6,22.7,-0.0,DRY,ON,20.0,20.0,20.0,Dry Forecast,Forecast dry. Recommend watering soon; pump stays OFF because ML_CONTROL_MODE=recommend.,Forecast Dry,,"Forecast Dry,DRY;TELEGRAM_SENT:Forecast Dry,DRY",OK
2026-06-19 23:33:44,32.0,55.0,20.0,24.0,-4.0,2.1,24.0,24.1,24.6,22.7,-0.0,DRY,ON,20.0,20.0,20.0,Dry Forecast,Forecast dry. Recommend watering soon; pump stays OFF because ML_CONTROL_MODE=recommend.,Forecast Dry,,"Forecast Dry,DRY;TELEGRAM_COOLDOWN:Forecast Dry,DRY",OK
2026-06-19 23:33:49,32.0,55.0,20.0,24.0,-4.0,2.1,24.0,24.1,24.6,22.7,-0.0,DRY,ON,20.0,20.0,20.0,Dry Forecast,Forecast dry. Recommend watering soon; pump stays OFF because ML_CONTROL_MODE=recommend.,Forecast Dry,,"Forecast Dry,DRY;TELEGRAM_SENT:Forecast Dry,DRY",OK
2026-06-19 23:33:54,32.0,55.0,20.0,24.0,-4.0,2.1,24.0,24.1,24.6,22.7,-0.0,DRY,ON,20.0,20.0,20.0,Dry Forecast,Forecast dry. Recommend watering soon; pump stays OFF because ML_CONTROL_MODE=recommend.,Forecast Dry,,"Forecast Dry,DRY;TELEGRAM_COOLDOWN:Forecast Dry,DRY",OK
2026-06-19 23:33:59,32.0,55.0,20.0,24.0,-4.0,2.1,24.0,24.1,24.6,22.7,-0.0,DRY,ON,20.0,20.0,20.0,Dry Forecast,Forecast dry. Recommend watering soon; pump stays OFF because ML_CONTROL_MODE=recommend.,Forecast Dry,,"Forecast Dry,DRY;TELEGRAM_SENT:Forecast Dry,DRY",OK
2026-06-19 23:34:07,32.0,55.0,20.0,24.0,-4.0,2.1,24.0,24.1,24.6,22.7,-0.0,DRY,ON,20.0,20.0,20.0,Dry Forecast,Forecast dry. Recommend watering soon; pump stays OFF because ML_CONTROL_MODE=recommend.,Forecast Dry,,"Forecast Dry,DRY;TELEGRAM_COOLDOWN:Forecast Dry,DRY",OK
2026-06-19 23:34:12,32.0,55.0,20.0,24.0,-4.0,2.1,24.0,24.1,24.6,22.7,-0.0,DRY,ON,20.0,20.0,20.0,Dry Forecast,Forecast dry. Recommend watering soon; pump stays OFF because ML_CONTROL_MODE=recommend.,Forecast Dry,,"Forecast Dry,DRY;TELEGRAM_SENT:Forecast Dry,DRY",OK
2026-06-19 23:34:18,32.0,55.0,20.0,24.0,-4.0,2.1,24.0,24.1,24.6,22.7,-0.0,DRY,ON,20.0,20.0,20.0,Dry Forecast,Forecast dry. Recommend watering soon; pump stays OFF because ML_CONTROL_MODE=recommend.,Forecast Dry,,"Forecast Dry,DRY;TELEGRAM_COOLDOWN:Forecast Dry,DRY",OK
2026-06-19 23:34:23,32.0,55.0,20.0,24.0,-4.0,2.1,24.0,24.1,24.6,22.7,-0.0,DRY,ON,20.0,20.0,20.0,Dry Forecast,Forecast dry. Recommend watering soon; pump stays OFF because ML_CONTROL_MODE=recommend.,Forecast Dry,,"Forecast Dry,DRY;TELEGRAM_SENT:Forecast Dry,DRY",OK
2026-06-19 23:34:28,32.0,55.0,20.0,24.0,-4.0,2.1,24.0,24.1,24.6,22.7,-0.0,DRY,ON,20.0,20.0,20.0,Dry Forecast,Forecast dry. Recommend watering soon; pump stays OFF because ML_CONTROL_MODE=recommend.,Forecast Dry,,"Forecast Dry,DRY;TELEGRAM_COOLDOWN:Forecast Dry,DRY",OK
2026-06-19 23:34:34,32.0,55.0,20.0,24.0,-4.0,2.1,24.0,24.1,24.6,22.7,-0.0,DRY,ON,20.0,20.0,20.0,Dry Forecast,Forecast dry. Recommend watering soon; pump stays OFF because ML_CONTROL_MODE=recommend.,Forecast Dry,,"Forecast Dry,DRY;TELEGRAM_SENT:Forecast Dry,DRY",OK
2026-06-19 23:34:41,32.0,55.0,20.0,24.0,-4.0,2.1,24.0,24.1,24.6,22.7,-0.0,DRY,ON,20.0,20.0,20.0,Dry Forecast,Forecast dry. Recommend watering soon; pump stays OFF because ML_CONTROL_MODE=recommend.,Forecast Dry,,"Forecast Dry,DRY;TELEGRAM_COOLDOWN:Forecast Dry,DRY",OK
2026-06-19 23:34:46,32.0,55.0,20.0,24.0,-4.0,2.1,24.0,24.1,24.6,22.7,-0.0,DRY,ON,20.0,20.0,20.0,Dry Forecast,Forecast dry. Recommend watering soon; pump stays OFF because ML_CONTROL_MODE=recommend.,Forecast Dry,,"Forecast Dry,DRY;TELEGRAM_SENT:Forecast Dry,DRY",OK
2026-06-19 23:34:52,32.0,55.0,20.0,24.0,-4.0,2.1,24.0,24.1,24.6,22.7,-0.0,DRY,ON,20.0,20.0,20.0,Dry Forecast,Forecast dry. Recommend watering soon; pump stays OFF because ML_CONTROL_MODE=recommend.,Forecast Dry,,"Forecast Dry,DRY;TELEGRAM_COOLDOWN:Forecast Dry,DRY",OK
2026-06-19 23:34:57,32.0,55.0,20.0,24.0,-4.0,2.1,24.0,24.1,24.6,22.7,-0.0,DRY,ON,20.0,20.0,20.0,Dry Forecast,Forecast dry. Recommend watering soon; pump stays OFF because ML_CONTROL_MODE=recommend.,Forecast Dry,,"Forecast Dry,DRY;TELEGRAM_SENT:Forecast Dry,DRY",OK
2026-06-19 23:35:03,32.0,55.0,20.0,24.0,-4.0,2.1,24.0,24.1,24.6,22.7,-0.0,DRY,ON,20.0,20.0,20.0,Dry Forecast,Forecast dry. Recommend watering soon; pump stays OFF because ML_CONTROL_MODE=recommend.,Forecast Dry,,"Forecast Dry,DRY;TELEGRAM_COOLDOWN:Forecast Dry,DRY",OK
2026-06-19 23:35:08,32.0,55.0,20.0,24.0,-4.0,2.1,24.0,24.1,24.6,22.7,-0.0,DRY,ON,20.0,20.0,20.0,Dry Forecast,Forecast dry. Recommend watering soon; pump stays OFF because ML_CONTROL_MODE=recommend.,Forecast Dry,,"Forecast Dry,DRY;TELEGRAM_SENT:Forecast Dry,DRY",OK
2026-06-19 23:35:15,32.0,55.0,20.0,24.0,-4.0,2.1,24.0,24.1,24.6,22.7,-0.0,DRY,ON,20.0,20.0,20.0,Dry Forecast,Forecast dry. Recommend watering soon; pump stays OFF because ML_CONTROL_MODE=recommend.,Forecast Dry,,"Forecast Dry,DRY;TELEGRAM_COOLDOWN:Forecast Dry,DRY",OK
2026-06-19 23:35:20,32.0,55.0,20.0,24.0,-4.0,2.1,24.0,24.1,24.6,22.7,-0.0,DRY,ON,20.0,20.0,20.0,Dry Forecast,Forecast dry. Recommend watering soon; pump stays OFF because ML_CONTROL_MODE=recommend.,Forecast Dry,,"Forecast Dry,DRY;TELEGRAM_SENT:Forecast Dry,DRY",OK
2026-06-19 23:35:26,32.0,55.0,20.0,24.0,-4.0,2.1,24.0,24.1,24.6,22.7,-0.0,DRY,ON,20.0,20.0,20.0,Dry Forecast,Forecast dry. Recommend watering soon; pump stays OFF because ML_CONTROL_MODE=recommend.,Forecast Dry,,"Forecast Dry,DRY;TELEGRAM_COOLDOWN:Forecast Dry,DRY",OK
2026-06-19 23:35:31,32.0,55.0,20.0,24.0,-4.0,2.1,24.0,24.1,24.6,22.7,-0.0,DRY,ON,20.0,20.0,20.0,Dry Forecast,Forecast dry. Recommend watering soon; pump stays OFF because ML_CONTROL_MODE=recommend.,Forecast Dry,,"Forecast Dry,DRY;TELEGRAM_SENT:Forecast Dry,DRY",OK
2026-06-19 23:35:37,32.0,55.0,20.0,24.0,-4.0,2.1,24.0,24.1,24.6,22.7,-0.0,DRY,ON,20.0,20.0,20.0,Dry Forecast,Forecast dry. Recommend watering soon; pump stays OFF because ML_CONTROL_MODE=recommend.,Forecast Dry,,"Forecast Dry,DRY;TELEGRAM_COOLDOWN:Forecast Dry,DRY",OK
2026-06-19 23:35:42,32.0,55.0,20.0,24.0,-4.0,2.1,24.0,24.1,24.6,22.7,-0.0,DRY,ON,20.0,20.0,20.0,Dry Forecast,Forecast dry. Recommend watering soon; pump stays OFF because ML_CONTROL_MODE=recommend.,Forecast Dry,,"Forecast Dry,DRY;TELEGRAM_SENT:Forecast Dry,DRY",OK
2026-06-19 23:35:49,32.0,55.0,20.0,24.0,-4.0,2.1,24.0,24.1,24.6,22.7,-0.0,DRY,ON,20.0,20.0,20.0,Dry Forecast,Forecast dry. Recommend watering soon; pump stays OFF because ML_CONTROL_MODE=recommend.,Forecast Dry,,"Forecast Dry,DRY;TELEGRAM_COOLDOWN:Forecast Dry,DRY",OK
2026-06-19 23:35:54,32.0,55.0,20.0,24.0,-4.0,2.1,24.0,24.1,24.6,22.7,-0.0,DRY,ON,20.0,20.0,20.0,Dry Forecast,Forecast dry. Recommend watering soon; pump stays OFF because ML_CONTROL_MODE=recommend.,Forecast Dry,,"Forecast Dry,DRY;TELEGRAM_SENT:Forecast Dry,DRY",OK
2026-06-19 23:36:00,32.0,55.0,20.0,24.0,-4.0,2.1,24.0,24.1,24.6,22.7,-0.0,DRY,ON,20.0,20.0,20.0,Dry Forecast,Forecast dry. Recommend watering soon; pump stays OFF because ML_CONTROL_MODE=recommend.,Forecast Dry,,"Forecast Dry,DRY;TELEGRAM_COOLDOWN:Forecast Dry,DRY",OK
2026-06-19 23:36:05,32.0,55.0,20.0,24.0,-4.0,2.1,24.0,24.1,24.6,22.7,-0.0,DRY,ON,20.0,20.0,20.0,Dry Forecast,Forecast dry. Recommend watering soon; pump stays OFF because ML_CONTROL_MODE=recommend.,Forecast Dry,,"Forecast Dry,DRY;TELEGRAM_SENT:Forecast Dry,DRY",OK
2026-06-19 23:36:11,32.0,55.0,20.0,24.0,-4.0,2.1,24.0,24.1,24.6,22.7,-0.0,DRY,ON,20.0,20.0,20.0,Dry Forecast,Forecast dry. Recommend watering soon; pump stays OFF because ML_CONTROL_MODE=recommend.,Forecast Dry,,"Forecast Dry,DRY;TELEGRAM_COOLDOWN:Forecast Dry,DRY",OK
2026-06-19 23:36:16,32.0,55.0,20.0,24.0,-4.0,2.1,24.0,24.1,24.6,22.7,-0.0,DRY,ON,20.0,20.0,20.0,Dry Forecast,Forecast dry. Recommend watering soon; pump stays OFF because ML_CONTROL_MODE=recommend.,Forecast Dry,,"Forecast Dry,DRY;TELEGRAM_SENT:Forecast Dry,DRY",OK
2026-06-19 23:36:23,32.0,55.0,20.0,24.0,-4.0,2.1,24.0,24.1,24.6,22.7,-0.0,DRY,ON,20.0,20.0,20.0,Dry Forecast,Forecast dry. Recommend watering soon; pump stays OFF because ML_CONTROL_MODE=recommend.,Forecast Dry,,"Forecast Dry,DRY;TELEGRAM_COOLDOWN:Forecast Dry,DRY",OK
2026-06-19 23:36:28,32.0,55.0,20.0,24.0,-4.0,2.1,24.0,24.1,24.6,22.7,-0.0,DRY,ON,20.0,20.0,20.0,Dry Forecast,Forecast dry. Recommend watering soon; pump stays OFF because ML_CONTROL_MODE=recommend.,Forecast Dry,,"Forecast Dry,DRY;TELEGRAM_SENT:Forecast Dry,DRY",OK
2026-06-19 23:36:34,32.0,55.0,20.0,24.0,-4.0,2.1,24.0,24.1,24.6,22.7,-0.0,DRY,ON,20.0,20.0,20.0,Dry Forecast,Forecast dry. Recommend watering soon; pump stays OFF because ML_CONTROL_MODE=recommend.,Forecast Dry,,"Forecast Dry,DRY;TELEGRAM_COOLDOWN:Forecast Dry,DRY",OK
2026-06-19 23:36:39,32.0,55.0,20.0,24.0,-4.0,2.1,24.0,24.1,24.6,22.7,-0.0,DRY,ON,20.0,20.0,20.0,Dry Forecast,Forecast dry. Recommend watering soon; pump stays OFF because ML_CONTROL_MODE=recommend.,Forecast Dry,,"Forecast Dry,DRY;TELEGRAM_SENT:Forecast Dry,DRY",OK
2026-06-19 23:36:45,32.0,55.0,20.0,24.0,-4.0,2.1,24.0,24.1,24.6,22.7,-0.0,DRY,ON,20.0,20.0,20.0,Dry Forecast,Forecast dry. Recommend watering soon; pump stays OFF because ML_CONTROL_MODE=recommend.,Forecast Dry,,"Forecast Dry,DRY;TELEGRAM_COOLDOWN:Forecast Dry,DRY",OK
2026-06-19 23:36:50,32.0,55.0,20.0,24.0,-4.0,2.1,24.0,24.1,24.6,22.7,-0.0,DRY,ON,20.0,20.0,20.0,Dry Forecast,Forecast dry. Recommend watering soon; pump stays OFF because ML_CONTROL_MODE=recommend.,Forecast Dry,,"Forecast Dry,DRY;TELEGRAM_SENT:Forecast Dry,DRY",OK
2026-06-19 23:36:57,32.0,55.0,20.0,24.0,-4.0,2.1,24.0,24.1,24.6,22.7,-0.0,DRY,ON,20.0,20.0,20.0,Dry Forecast,Forecast dry. Recommend watering soon; pump stays OFF because ML_CONTROL_MODE=recommend.,Forecast Dry,,"Forecast Dry,DRY;TELEGRAM_COOLDOWN:Forecast Dry,DRY",OK
2026-06-19 23:37:02,32.0,55.0,20.0,24.0,-4.0,2.1,24.0,24.1,24.6,22.7,-0.0,DRY,ON,20.0,20.0,20.0,Dry Forecast,Forecast dry. Recommend watering soon; pump stays OFF because ML_CONTROL_MODE=recommend.,Forecast Dry,,"Forecast Dry,DRY;TELEGRAM_SENT:Forecast Dry,DRY",OK
2026-06-19 23:37:08,32.0,55.0,20.0,24.0,-4.0,2.1,24.0,24.1,24.6,22.7,-0.0,DRY,ON,20.0,20.0,20.0,Dry Forecast,Forecast dry. Recommend watering soon; pump stays OFF because ML_CONTROL_MODE=recommend.,Forecast Dry,,"Forecast Dry,DRY;TELEGRAM_COOLDOWN:Forecast Dry,DRY",OK
2026-06-19 23:37:13,32.0,55.0,20.0,24.0,-4.0,2.1,24.0,24.1,24.6,22.7,-0.0,DRY,ON,20.0,20.0,20.0,Dry Forecast,Forecast dry. Recommend watering soon; pump stays OFF because ML_CONTROL_MODE=recommend.,Forecast Dry,,"Forecast Dry,DRY;TELEGRAM_SENT:Forecast Dry,DRY",OK
2026-06-19 23:37:19,32.0,55.0,20.0,24.0,-4.0,2.1,24.0,24.1,24.6,22.7,-0.0,DRY,ON,20.0,20.0,20.0,Dry Forecast,Forecast dry. Recommend watering soon; pump stays OFF because ML_CONTROL_MODE=recommend.,Forecast Dry,,"Forecast Dry,DRY;TELEGRAM_COOLDOWN:Forecast Dry,DRY",OK
2026-06-19 23:37:24,32.0,55.0,20.0,24.0,-4.0,2.1,24.0,24.1,24.6,22.7,-0.0,DRY,ON,20.0,20.0,20.0,Dry Forecast,Forecast dry. Recommend watering soon; pump stays OFF because ML_CONTROL_MODE=recommend.,Forecast Dry,,"Forecast Dry,DRY;TELEGRAM_SENT:Forecast Dry,DRY",OK
2026-06-19 23:37:31,32.0,55.0,20.0,24.0,-4.0,2.1,24.0,24.1,24.6,22.7,-0.0,DRY,ON,20.0,20.0,20.0,Dry Forecast,Forecast dry. Recommend watering soon; pump stays OFF because ML_CONTROL_MODE=recommend.,Forecast Dry,,"Forecast Dry,DRY;TELEGRAM_COOLDOWN:Forecast Dry,DRY",OK
2026-06-19 23:37:36,32.0,55.0,20.0,24.0,-4.0,2.1,24.0,24.1,24.6,22.7,-0.0,DRY,ON,20.0,20.0,20.0,Dry Forecast,Forecast dry. Recommend watering soon; pump stays OFF because ML_CONTROL_MODE=recommend.,Forecast Dry,,"Forecast Dry,DRY;TELEGRAM_SENT:Forecast Dry,DRY",OK
2026-06-19 23:37:42,32.0,55.0,20.0,24.0,-4.0,2.1,24.0,24.1,24.6,22.7,-0.0,DRY,ON,20.0,20.0,20.0,Dry Forecast,Forecast dry. Recommend watering soon; pump stays OFF because ML_CONTROL_MODE=recommend.,Forecast Dry,,"Forecast Dry,DRY;TELEGRAM_COOLDOWN:Forecast Dry,DRY",OK
2026-06-19 23:37:47,32.0,55.0,20.0,24.0,-4.0,2.1,24.0,24.1,24.6,22.7,-0.0,DRY,ON,20.0,20.0,20.0,Dry Forecast,Forecast dry. Recommend watering soon; pump stays OFF because ML_CONTROL_MODE=recommend.,Forecast Dry,,"Forecast Dry,DRY;TELEGRAM_SENT:Forecast Dry,DRY",OK
2026-06-19 23:37:53,32.0,55.0,20.0,24.0,-4.0,2.1,24.0,24.1,24.6,22.7,-0.0,DRY,ON,20.0,20.0,20.0,Dry Forecast,Forecast dry. Recommend watering soon; pump stays OFF because ML_CONTROL_MODE=recommend.,Forecast Dry,,"Forecast Dry,DRY;TELEGRAM_COOLDOWN:Forecast Dry,DRY",OK
2026-06-19 23:37:58,32.0,55.0,20.0,24.0,-4.0,2.1,24.0,24.1,24.6,22.7,-0.0,DRY,ON,20.0,20.0,20.0,Dry Forecast,Forecast dry. Recommend watering soon; pump stays OFF because ML_CONTROL_MODE=recommend.,Forecast Dry,,"Forecast Dry,DRY;TELEGRAM_SENT:Forecast Dry,DRY",OK
2026-06-19 23:38:05,32.0,55.0,20.0,24.0,-4.0,2.1,24.0,24.1,24.6,22.7,-0.0,DRY,ON,20.0,20.0,20.0,Dry Forecast,Forecast dry. Recommend watering soon; pump stays OFF because ML_CONTROL_MODE=recommend.,Forecast Dry,,"Forecast Dry,DRY;TELEGRAM_COOLDOWN:Forecast Dry,DRY",OK
2026-06-19 23:38:10,32.0,55.0,20.0,24.0,-4.0,2.1,24.0,24.1,24.6,22.7,-0.0,DRY,ON,20.0,20.0,20.0,Dry Forecast,Forecast dry. Recommend watering soon; pump stays OFF because ML_CONTROL_MODE=recommend.,Forecast Dry,,"Forecast Dry,DRY;TELEGRAM_SENT:Forecast Dry,DRY",OK
2026-06-19 23:38:16,32.0,55.0,20.0,24.0,-4.0,2.1,24.0,24.1,24.6,22.7,-0.0,DRY,ON,20.0,20.0,20.0,Dry Forecast,Forecast dry. Recommend watering soon; pump stays OFF because ML_CONTROL_MODE=recommend.,Forecast Dry,,"Forecast Dry,DRY;TELEGRAM_COOLDOWN:Forecast Dry,DRY",OK
2026-06-19 23:38:21,32.0,55.0,20.0,24.0,-4.0,2.1,24.0,24.1,24.6,22.7,-0.0,DRY,ON,20.0,20.0,20.0,Dry Forecast,Forecast dry. Recommend watering soon; pump stays OFF because ML_CONTROL_MODE=recommend.,Forecast Dry,,"Forecast Dry,DRY;TELEGRAM_SENT:Forecast Dry,DRY",OK
2026-06-19 23:38:27,32.0,55.0,20.0,24.0,-4.0,2.1,24.0,24.1,24.6,22.7,-0.0,DRY,ON,20.0,20.0,20.0,Dry Forecast,Forecast dry. Recommend watering soon; pump stays OFF because ML_CONTROL_MODE=recommend.,Forecast Dry,,"Forecast Dry,DRY;TELEGRAM_COOLDOWN:Forecast Dry,DRY",OK
2026-06-19 23:38:32,32.0,55.0,20.0,24.0,-4.0,2.1,24.0,24.1,24.6,22.7,-0.0,DRY,ON,20.0,20.0,20.0,Dry Forecast,Forecast dry. Recommend watering soon; pump stays OFF because ML_CONTROL_MODE=recommend.,Forecast Dry,,"Forecast Dry,DRY;TELEGRAM_SENT:Forecast Dry,DRY",OK
2026-06-19 23:38:39,32.0,55.0,20.0,24.0,-4.0,2.1,24.0,24.1,24.6,22.7,-0.0,DRY,ON,20.0,20.0,20.0,Dry Forecast,Forecast dry. Recommend watering soon; pump stays OFF because ML_CONTROL_MODE=recommend.,Forecast Dry,,"Forecast Dry,DRY;TELEGRAM_COOLDOWN:Forecast Dry,DRY",OK
2026-06-19 23:38:44,32.0,55.0,20.0,24.0,-4.0,2.1,24.0,24.1,24.6,22.7,-0.0,DRY,ON,20.0,20.0,20.0,Dry Forecast,Forecast dry. Recommend watering soon; pump stays OFF because ML_CONTROL_MODE=recommend.,Forecast Dry,,"Forecast Dry,DRY;TELEGRAM_SENT:Forecast Dry,DRY",OK
2026-06-19 23:38:50,32.0,55.0,20.0,24.0,-4.0,2.1,24.0,24.1,24.6,22.7,-0.0,DRY,ON,20.0,20.0,20.0,Dry Forecast,Forecast dry. Recommend watering soon; pump stays OFF because ML_CONTROL_MODE=recommend.,Forecast Dry,,"Forecast Dry,DRY;TELEGRAM_COOLDOWN:Forecast Dry,DRY",OK
2026-06-19 23:38:55,32.0,55.0,20.0,24.0,-4.0,2.1,24.0,24.1,24.6,22.7,-0.0,DRY,ON,20.0,20.0,20.0,Dry Forecast,Forecast dry. Recommend watering soon; pump stays OFF because ML_CONTROL_MODE=recommend.,Forecast Dry,,"Forecast Dry,DRY;TELEGRAM_SENT:Forecast Dry,DRY",OK
2026-06-19 23:39:01,32.0,55.0,20.0,24.0,-4.0,2.1,24.0,24.1,24.6,22.7,-0.0,DRY,ON,20.0,20.0,20.0,Dry Forecast,Forecast dry. Recommend watering soon; pump stays OFF because ML_CONTROL_MODE=recommend.,Forecast Dry,,"Forecast Dry,DRY;TELEGRAM_COOLDOWN:Forecast Dry,DRY",OK
2026-06-19 23:39:06,32.0,55.0,20.0,24.0,-4.0,2.1,24.0,24.1,24.6,22.7,-0.0,DRY,ON,20.0,20.0,20.0,Dry Forecast,Forecast dry. Recommend watering soon; pump stays OFF because ML_CONTROL_MODE=recommend.,Forecast Dry,,"Forecast Dry,DRY;TELEGRAM_SENT:Forecast Dry,DRY",OK
2026-06-19 23:39:13,32.0,55.0,20.0,24.0,-4.0,2.1,24.0,24.1,24.6,22.7,-0.0,DRY,ON,20.0,20.0,20.0,Dry Forecast,Forecast dry. Recommend watering soon; pump stays OFF because ML_CONTROL_MODE=recommend.,Forecast Dry,,"Forecast Dry,DRY;TELEGRAM_COOLDOWN:Forecast Dry,DRY",OK
2026-06-19 23:39:18,32.0,55.0,20.0,24.0,-4.0,2.1,24.0,24.1,24.6,22.7,-0.0,DRY,ON,20.0,20.0,20.0,Dry Forecast,Forecast dry. Recommend watering soon; pump stays OFF because ML_CONTROL_MODE=recommend.,Forecast Dry,,"Forecast Dry,DRY;TELEGRAM_SENT:Forecast Dry,DRY",OK
2026-06-19 23:39:24,32.0,55.0,20.0,24.0,-4.0,2.1,24.0,24.1,24.6,22.7,-0.0,DRY,ON,20.0,20.0,20.0,Dry Forecast,Forecast dry. Recommend watering soon; pump stays OFF because ML_CONTROL_MODE=recommend.,Forecast Dry,,"Forecast Dry,DRY;TELEGRAM_COOLDOWN:Forecast Dry,DRY",OK
2026-06-19 23:39:29,32.0,55.0,20.0,24.0,-4.0,2.1,24.0,24.1,24.6,22.7,-0.0,DRY,ON,20.0,20.0,20.0,Dry Forecast,Forecast dry. Recommend watering soon; pump stays OFF because ML_CONTROL_MODE=recommend.,Forecast Dry,,"Forecast Dry,DRY;TELEGRAM_SENT:Forecast Dry,DRY",OK
2026-06-19 23:39:35,32.0,55.0,20.0,24.0,-4.0,2.1,24.0,24.1,24.6,22.7,-0.0,DRY,ON,20.0,20.0,20.0,Dry Forecast,Forecast dry. Recommend watering soon; pump stays OFF because ML_CONTROL_MODE=recommend.,Forecast Dry,,"Forecast Dry,DRY;TELEGRAM_COOLDOWN:Forecast Dry,DRY",OK
2026-06-19 23:39:40,32.0,55.0,20.0,24.0,-4.0,2.1,24.0,24.1,24.6,22.7,-0.0,DRY,ON,20.0,20.0,20.0,Dry Forecast,Forecast dry. Recommend watering soon; pump stays OFF because ML_CONTROL_MODE=recommend.,Forecast Dry,,"Forecast Dry,DRY;TELEGRAM_SENT:Forecast Dry,DRY",OK
2026-06-19 23:39:47,32.0,55.0,20.0,24.0,-4.0,2.1,24.0,24.1,24.6,22.7,-0.0,DRY,ON,20.0,20.0,20.0,Dry Forecast,Forecast dry. Recommend watering soon; pump stays OFF because ML_CONTROL_MODE=recommend.,Forecast Dry,,"Forecast Dry,DRY;TELEGRAM_COOLDOWN:Forecast Dry,DRY",OK
2026-06-19 23:39:52,32.0,55.0,20.0,24.0,-4.0,2.1,24.0,24.1,24.6,22.7,-0.0,DRY,ON,20.0,20.0,20.0,Dry Forecast,Forecast dry. Recommend watering soon; pump stays OFF because ML_CONTROL_MODE=recommend.,Forecast Dry,,"Forecast Dry,DRY;TELEGRAM_SENT:Forecast Dry,DRY",OK
2026-06-19 23:39:58,32.0,55.0,20.0,24.0,-4.0,2.1,24.0,24.1,24.6,22.7,-0.0,DRY,ON,20.0,20.0,20.0,Dry Forecast,Forecast dry. Recommend watering soon; pump stays OFF because ML_CONTROL_MODE=recommend.,Forecast Dry,,"Forecast Dry,DRY;TELEGRAM_COOLDOWN:Forecast Dry,DRY",OK
2026-06-19 23:40:03,32.0,55.0,20.0,24.0,-4.0,2.1,24.0,24.1,24.6,22.7,-0.0,DRY,ON,20.0,20.0,20.0,Dry Forecast,Forecast dry. Recommend watering soon; pump stays OFF because ML_CONTROL_MODE=recommend.,Forecast Dry,,"Forecast Dry,DRY;TELEGRAM_SENT:Forecast Dry,DRY",OK
2026-06-19 23:40:09,32.0,55.0,20.0,24.0,-4.0,2.1,24.0,24.1,24.6,22.7,-0.0,DRY,ON,20.0,20.0,20.0,Dry Forecast,Forecast dry. Recommend watering soon; pump stays OFF because ML_CONTROL_MODE=recommend.,Forecast Dry,,"Forecast Dry,DRY;TELEGRAM_COOLDOWN:Forecast Dry,DRY",OK
2026-06-19 23:40:14,32.0,55.0,20.0,24.0,-4.0,2.1,24.0,24.1,24.6,22.7,-0.0,DRY,ON,20.0,20.0,20.0,Dry Forecast,Forecast dry. Recommend watering soon; pump stays OFF because ML_CONTROL_MODE=recommend.,Forecast Dry,,"Forecast Dry,DRY;TELEGRAM_SENT:Forecast Dry,DRY",OK
2026-06-19 23:40:21,32.0,55.0,20.0,24.0,-4.0,2.1,24.0,24.1,24.6,22.7,-0.0,DRY,ON,20.0,20.0,20.0,Dry Forecast,Forecast dry. Recommend watering soon; pump stays OFF because ML_CONTROL_MODE=recommend.,Forecast Dry,,"Forecast Dry,DRY;TELEGRAM_COOLDOWN:Forecast Dry,DRY",OK
2026-06-19 23:40:26,32.0,55.0,20.0,24.0,-4.0,2.1,24.0,24.1,24.6,22.7,-0.0,DRY,ON,20.0,20.0,20.0,Dry Forecast,Forecast dry. Recommend watering soon; pump stays OFF because ML_CONTROL_MODE=recommend.,Forecast Dry,,"Forecast Dry,DRY;TELEGRAM_SENT:Forecast Dry,DRY",OK
2026-06-19 23:40:32,32.0,55.0,20.0,24.0,-4.0,2.1,24.0,24.1,24.6,22.7,-0.0,DRY,ON,20.0,20.0,20.0,Dry Forecast,Forecast dry. Recommend watering soon; pump stays OFF because ML_CONTROL_MODE=recommend.,Forecast Dry,,"Forecast Dry,DRY;TELEGRAM_COOLDOWN:Forecast Dry,DRY",OK
2026-06-19 23:40:37,32.0,55.0,20.0,24.0,-4.0,2.1,24.0,24.1,24.6,22.7,-0.0,DRY,ON,20.0,20.0,20.0,Dry Forecast,Forecast dry. Recommend watering soon; pump stays OFF because ML_CONTROL_MODE=recommend.,Forecast Dry,,"Forecast Dry,DRY;TELEGRAM_SENT:Forecast Dry,DRY",OK
2026-06-19 23:40:43,32.0,55.0,20.0,24.0,-4.0,2.1,24.0,24.1,24.6,22.7,-0.0,DRY,ON,20.0,20.0,20.0,Dry Forecast,Forecast dry. Recommend watering soon; pump stays OFF because ML_CONTROL_MODE=recommend.,Forecast Dry,,"Forecast Dry,DRY;TELEGRAM_COOLDOWN:Forecast Dry,DRY",OK
2026-06-19 23:40:48,32.0,55.0,20.0,24.0,-4.0,2.1,24.0,24.1,24.6,22.7,-0.0,DRY,ON,20.0,20.0,20.0,Dry Forecast,Forecast dry. Recommend watering soon; pump stays OFF because ML_CONTROL_MODE=recommend.,Forecast Dry,,"Forecast Dry,DRY;TELEGRAM_SENT:Forecast Dry,DRY",OK
2026-06-19 23:40:54,32.0,55.0,20.0,24.0,-4.0,2.1,24.0,24.1,24.6,22.7,-0.0,DRY,ON,20.0,20.0,20.0,Dry Forecast,Forecast dry. Recommend watering soon; pump stays OFF because ML_CONTROL_MODE=recommend.,Forecast Dry,,"Forecast Dry,DRY;TELEGRAM_COOLDOWN:Forecast Dry,DRY",OK
2026-06-19 23:40:59,32.0,55.0,20.0,24.0,-4.0,2.1,24.0,24.1,24.6,22.7,-0.0,DRY,ON,20.0,20.0,20.0,Dry Forecast,Forecast dry. Recommend watering soon; pump stays OFF because ML_CONTROL_MODE=recommend.,Forecast Dry,,"Forecast Dry,DRY;TELEGRAM_SENT:Forecast Dry,DRY",OK
2026-06-19 23:41:04,32.0,55.0,20.0,24.0,-4.0,2.1,24.0,24.1,24.6,22.7,-0.0,DRY,ON,20.0,20.0,20.0,Dry Forecast,Forecast dry. Recommend watering soon; pump stays OFF because ML_CONTROL_MODE=recommend.,Forecast Dry,,"Forecast Dry,DRY;TELEGRAM_COOLDOWN:Forecast Dry,DRY",OK
2026-06-19 23:41:12,32.0,55.0,20.0,24.0,-4.0,2.1,24.0,24.1,24.6,22.7,-0.0,DRY,ON,20.0,20.0,20.0,Dry Forecast,Forecast dry. Recommend watering soon; pump stays OFF because ML_CONTROL_MODE=recommend.,Forecast Dry,,"Forecast Dry,DRY;TELEGRAM_SENT:Forecast Dry,DRY",OK
2026-06-19 23:41:18,32.0,55.0,20.0,24.0,-4.0,2.1,24.0,24.1,24.6,22.7,-0.0,DRY,ON,20.0,20.0,20.0,Dry Forecast,Forecast dry. Recommend watering soon; pump stays OFF because ML_CONTROL_MODE=recommend.,Forecast Dry,,"Forecast Dry,DRY;TELEGRAM_COOLDOWN:Forecast Dry,DRY",OK
2026-06-19 23:41:23,32.0,55.0,20.0,24.0,-4.0,2.1,24.0,24.1,24.6,22.7,-0.0,DRY,ON,20.0,20.0,20.0,Dry Forecast,Forecast dry. Recommend watering soon; pump stays OFF because ML_CONTROL_MODE=recommend.,Forecast Dry,,"Forecast Dry,DRY;TELEGRAM_SENT:Forecast Dry,DRY",OK
2026-06-19 23:41:28,32.0,55.0,20.0,24.0,-4.0,2.1,24.0,24.1,24.6,22.7,-0.0,DRY,ON,20.0,20.0,20.0,Dry Forecast,Forecast dry. Recommend watering soon; pump stays OFF because ML_CONTROL_MODE=recommend.,Forecast Dry,,"Forecast Dry,DRY;TELEGRAM_COOLDOWN:Forecast Dry,DRY",OK
2026-06-19 23:41:33,32.0,55.0,20.0,24.0,-4.0,2.1,24.0,24.1,24.6,22.7,-0.0,DRY,ON,20.0,20.0,20.0,Dry Forecast,Forecast dry. Recommend watering soon; pump stays OFF because ML_CONTROL_MODE=recommend.,Forecast Dry,,"Forecast Dry,DRY;TELEGRAM_SENT:Forecast Dry,DRY",OK
2026-06-19 23:41:39,32.0,55.0,20.0,24.0,-4.0,2.1,24.0,24.1,24.6,22.7,-0.0,DRY,ON,20.0,20.0,20.0,Dry Forecast,Forecast dry. Recommend watering soon; pump stays OFF because ML_CONTROL_MODE=recommend.,Forecast Dry,,"Forecast Dry,DRY;TELEGRAM_COOLDOWN:Forecast Dry,DRY",OK
2026-06-19 23:41:46,32.0,55.0,20.0,24.0,-4.0,2.1,24.0,24.1,24.6,22.7,-0.0,DRY,ON,20.0,20.0,20.0,Dry Forecast,Forecast dry. Recommend watering soon; pump stays OFF because ML_CONTROL_MODE=recommend.,Forecast Dry,,"Forecast Dry,DRY;TELEGRAM_SENT:Forecast Dry,DRY",OK
2026-06-19 23:41:52,32.0,55.0,20.0,24.0,-4.0,2.1,24.0,24.1,24.6,22.7,-0.0,DRY,ON,20.0,20.0,20.0,Dry Forecast,Forecast dry. Recommend watering soon; pump stays OFF because ML_CONTROL_MODE=recommend.,Forecast Dry,,"Forecast Dry,DRY;TELEGRAM_COOLDOWN:Forecast Dry,DRY",OK
2026-06-19 23:41:57,32.0,55.0,20.0,24.0,-4.0,2.1,24.0,24.1,24.6,22.7,-0.0,DRY,ON,20.0,20.0,20.0,Dry Forecast,Forecast dry. Recommend watering soon; pump stays OFF because ML_CONTROL_MODE=recommend.,Forecast Dry,,"Forecast Dry,DRY;TELEGRAM_SENT:Forecast Dry,DRY",OK
2026-06-19 23:42:02,32.0,55.0,20.0,24.0,-4.0,2.1,24.0,24.1,24.6,22.7,-0.0,DRY,ON,20.0,20.0,20.0,Dry Forecast,Forecast dry. Recommend watering soon; pump stays OFF because ML_CONTROL_MODE=recommend.,Forecast Dry,,"Forecast Dry,DRY;TELEGRAM_COOLDOWN:Forecast Dry,DRY",OK
2026-06-19 23:42:07,32.0,55.0,20.0,24.0,-4.0,2.1,24.0,24.1,24.6,22.7,-0.0,DRY,ON,20.0,20.0,20.0,Dry Forecast,Forecast dry. Recommend watering soon; pump stays OFF because ML_CONTROL_MODE=recommend.,Forecast Dry,,"Forecast Dry,DRY;TELEGRAM_SENT:Forecast Dry,DRY",OK
2026-06-19 23:42:13,32.0,55.0,20.0,24.0,-4.0,2.1,24.0,24.1,24.6,22.7,-0.0,DRY,ON,20.0,20.0,20.0,Dry Forecast,Forecast dry. Recommend watering soon; pump stays OFF because ML_CONTROL_MODE=recommend.,Forecast Dry,,"Forecast Dry,DRY;TELEGRAM_COOLDOWN:Forecast Dry,DRY",OK
2026-06-19 23:42:19,32.0,55.0,20.0,24.0,-4.0,2.1,24.0,24.1,24.6,22.7,-0.0,DRY,ON,20.0,20.0,20.0,Dry Forecast,Forecast dry. Recommend watering soon; pump stays OFF because ML_CONTROL_MODE=recommend.,Forecast Dry,,"Forecast Dry,DRY;TELEGRAM_SENT:Forecast Dry,DRY",OK
2026-06-19 23:42:25,32.0,55.0,20.0,24.0,-4.0,2.1,24.0,24.1,24.6,22.7,-0.0,DRY,ON,20.0,20.0,20.0,Dry Forecast,Forecast dry. Recommend watering soon; pump stays OFF because ML_CONTROL_MODE=recommend.,Forecast Dry,,"Forecast Dry,DRY;TELEGRAM_COOLDOWN:Forecast Dry,DRY",OK
2026-06-19 23:42:30,32.0,55.0,20.0,24.0,-4.0,2.1,24.0,24.1,24.6,22.7,-0.0,DRY,ON,20.0,20.0,20.0,Dry Forecast,Forecast dry. Recommend watering soon; pump stays OFF because ML_CONTROL_MODE=recommend.,Forecast Dry,,"Forecast Dry,DRY;TELEGRAM_SENT:Forecast Dry,DRY",OK
2026-06-19 23:42:36,32.0,55.0,20.0,24.0,-4.0,2.1,24.0,24.1,24.6,22.7,-0.0,DRY,ON,20.0,20.0,20.0,Dry Forecast,Forecast dry. Recommend watering soon; pump stays OFF because ML_CONTROL_MODE=recommend.,Forecast Dry,,"Forecast Dry,DRY;TELEGRAM_COOLDOWN:Forecast Dry,DRY",OK
2026-06-19 23:42:41,32.0,55.0,20.0,24.0,-4.0,2.1,24.0,24.1,24.6,22.7,-0.0,DRY,ON,20.0,20.0,20.0,Dry Forecast,Forecast dry. Recommend watering soon; pump stays OFF because ML_CONTROL_MODE=recommend.,Forecast Dry,,"Forecast Dry,DRY;TELEGRAM_SENT:Forecast Dry,DRY",OK
2026-06-19 23:42:47,32.0,55.0,20.0,24.0,-4.0,2.1,24.0,24.1,24.6,22.7,-0.0,DRY,ON,20.0,20.0,20.0,Dry Forecast,Forecast dry. Recommend watering soon; pump stays OFF because ML_CONTROL_MODE=recommend.,Forecast Dry,,"Forecast Dry,DRY;TELEGRAM_COOLDOWN:Forecast Dry,DRY",OK
2026-06-19 23:42:54,32.0,55.0,20.0,24.0,-4.0,2.1,24.0,24.1,24.6,22.7,-0.0,DRY,ON,20.0,20.0,20.0,Dry Forecast,Forecast dry. Recommend watering soon; pump stays OFF because ML_CONTROL_MODE=recommend.,Forecast Dry,,"Forecast Dry,DRY;TELEGRAM_SENT:Forecast Dry,DRY",OK
2026-06-19 23:42:59,32.0,55.0,20.0,24.0,-4.0,2.1,24.0,24.1,24.6,22.7,-0.0,DRY,ON,20.0,20.0,20.0,Dry Forecast,Forecast dry. Recommend watering soon; pump stays OFF because ML_CONTROL_MODE=recommend.,Forecast Dry,,"Forecast Dry,DRY;TELEGRAM_COOLDOWN:Forecast Dry,DRY",OK
2026-06-19 23:43:04,32.0,55.0,20.0,24.0,-4.0,2.1,24.0,24.1,24.6,22.7,-0.0,DRY,ON,20.0,20.0,20.0,Dry Forecast,Forecast dry. Recommend watering soon; pump stays OFF because ML_CONTROL_MODE=recommend.,Forecast Dry,,"Forecast Dry,DRY;TELEGRAM_SENT:Forecast Dry,DRY",OK
2026-06-19 23:43:10,32.0,55.0,20.0,24.0,-4.0,2.1,24.0,24.1,24.6,22.7,-0.0,DRY,ON,20.0,20.0,20.0,Dry Forecast,Forecast dry. Recommend watering soon; pump stays OFF because ML_CONTROL_MODE=recommend.,Forecast Dry,,"Forecast Dry,DRY;TELEGRAM_COOLDOWN:Forecast Dry,DRY",OK
2026-06-19 23:43:15,32.0,55.0,20.0,24.0,-4.0,2.1,24.0,24.1,24.6,22.7,-0.0,DRY,ON,20.0,20.0,20.0,Dry Forecast,Forecast dry. Recommend watering soon; pump stays OFF because ML_CONTROL_MODE=recommend.,Forecast Dry,,"Forecast Dry,DRY;TELEGRAM_SENT:Forecast Dry,DRY",OK
2026-06-19 23:43:21,32.0,55.0,20.0,24.0,-4.0,2.1,24.0,24.1,24.6,22.7,-0.0,DRY,ON,20.0,20.0,20.0,Dry Forecast,Forecast dry. Recommend watering soon; pump stays OFF because ML_CONTROL_MODE=recommend.,Forecast Dry,,"Forecast Dry,DRY;TELEGRAM_COOLDOWN:Forecast Dry,DRY",OK
2026-06-19 23:43:28,32.0,55.0,20.0,24.0,-4.0,2.1,24.0,24.1,24.6,22.7,-0.0,DRY,ON,20.0,20.0,20.0,Dry Forecast,Forecast dry. Recommend watering soon; pump stays OFF because ML_CONTROL_MODE=recommend.,Forecast Dry,,"Forecast Dry,DRY;TELEGRAM_SENT:Forecast Dry,DRY",OK
2026-06-19 23:43:34,32.0,55.0,20.0,24.0,-4.0,2.1,24.0,24.1,24.6,22.7,-0.0,DRY,ON,20.0,20.0,20.0,Dry Forecast,Forecast dry. Recommend watering soon; pump stays OFF because ML_CONTROL_MODE=recommend.,Forecast Dry,,"Forecast Dry,DRY;TELEGRAM_COOLDOWN:Forecast Dry,DRY",OK
2026-06-19 23:43:39,32.0,55.0,20.0,24.0,-4.0,2.1,24.0,24.1,24.6,22.7,-0.0,DRY,ON,20.0,20.0,20.0,Dry Forecast,Forecast dry. Recommend watering soon; pump stays OFF because ML_CONTROL_MODE=recommend.,Forecast Dry,,"Forecast Dry,DRY;TELEGRAM_SENT:Forecast Dry,DRY",OK
2026-06-19 23:43:44,32.0,55.0,20.0,24.0,-4.0,2.1,24.0,24.1,24.6,22.7,-0.0,DRY,ON,20.0,20.0,20.0,Dry Forecast,Forecast dry. Recommend watering soon; pump stays OFF because ML_CONTROL_MODE=recommend.,Forecast Dry,,"Forecast Dry,DRY;TELEGRAM_COOLDOWN:Forecast Dry,DRY",OK
2026-06-19 23:43:49,32.0,55.0,20.0,24.0,-4.0,2.1,24.0,24.1,24.6,22.7,-0.0,DRY,ON,20.0,20.0,20.0,Dry Forecast,Forecast dry. Recommend watering soon; pump stays OFF because ML_CONTROL_MODE=recommend.,Forecast Dry,,"Forecast Dry,DRY;TELEGRAM_SENT:Forecast Dry,DRY",OK
2026-06-19 23:43:55,32.0,55.0,20.0,24.0,-4.0,2.1,24.0,24.1,24.6,22.7,-0.0,DRY,ON,20.0,20.0,20.0,Dry Forecast,Forecast dry. Recommend watering soon; pump stays OFF because ML_CONTROL_MODE=recommend.,Forecast Dry,,"Forecast Dry,DRY;TELEGRAM_COOLDOWN:Forecast Dry,DRY",OK
2026-06-19 23:44:02,32.0,55.0,20.0,24.0,-4.0,2.1,24.0,24.1,24.6,22.7,-0.0,DRY,ON,20.0,20.0,20.0,Dry Forecast,Forecast dry. Recommend watering soon; pump stays OFF because ML_CONTROL_MODE=recommend.,Forecast Dry,,"Forecast Dry,DRY;TELEGRAM_SENT:Forecast Dry,DRY",OK
2026-06-19 23:44:08,32.0,55.0,20.0,24.0,-4.0,2.1,24.0,24.1,24.6,22.7,-0.0,DRY,ON,20.0,20.0,20.0,Dry Forecast,Forecast dry. Recommend watering soon; pump stays OFF because ML_CONTROL_MODE=recommend.,Forecast Dry,,"Forecast Dry,DRY;TELEGRAM_COOLDOWN:Forecast Dry,DRY",OK
2026-06-19 23:44:13,32.0,55.0,20.0,24.0,-4.0,2.1,24.0,24.1,24.6,22.7,-0.0,DRY,ON,20.0,20.0,20.0,Dry Forecast,Forecast dry. Recommend watering soon; pump stays OFF because ML_CONTROL_MODE=recommend.,Forecast Dry,,"Forecast Dry,DRY;TELEGRAM_SENT:Forecast Dry,DRY",OK
2026-06-19 23:44:19,32.0,55.0,20.0,24.0,-4.0,2.1,24.0,24.1,24.6,22.7,-0.0,DRY,ON,20.0,20.0,20.0,Dry Forecast,Forecast dry. Recommend watering soon; pump stays OFF because ML_CONTROL_MODE=recommend.,Forecast Dry,,"Forecast Dry,DRY;TELEGRAM_COOLDOWN:Forecast Dry,DRY",OK
2026-06-19 23:44:24,32.0,55.0,20.0,24.0,-4.0,2.1,24.0,24.1,24.6,22.7,-0.0,DRY,ON,20.0,20.0,20.0,Dry Forecast,Forecast dry. Recommend watering soon; pump stays OFF because ML_CONTROL_MODE=recommend.,Forecast Dry,,"Forecast Dry,DRY;TELEGRAM_SENT:Forecast Dry,DRY",OK
2026-06-19 23:44:29,32.0,55.0,20.0,24.0,-4.0,2.1,24.0,24.1,24.6,22.7,-0.0,DRY,ON,20.0,20.0,20.0,Dry Forecast,Forecast dry. Recommend watering soon; pump stays OFF because ML_CONTROL_MODE=recommend.,Forecast Dry,,"Forecast Dry,DRY;TELEGRAM_COOLDOWN:Forecast Dry,DRY",OK
2026-06-19 23:44:36,32.0,55.0,20.0,24.0,-4.0,2.1,24.0,24.1,24.6,22.7,-0.0,DRY,ON,20.0,20.0,20.0,Dry Forecast,Forecast dry. Recommend watering soon; pump stays OFF because ML_CONTROL_MODE=recommend.,Forecast Dry,,"Forecast Dry,DRY;TELEGRAM_SENT:Forecast Dry,DRY",OK
2026-06-19 23:44:42,32.0,55.0,20.0,24.0,-4.0,2.1,24.0,24.1,24.6,22.7,-0.0,DRY,ON,20.0,20.0,20.0,Dry Forecast,Forecast dry. Recommend watering soon; pump stays OFF because ML_CONTROL_MODE=recommend.,Forecast Dry,,"Forecast Dry,DRY;TELEGRAM_COOLDOWN:Forecast Dry,DRY",OK
2026-06-19 23:44:47,32.0,55.0,20.0,24.0,-4.0,2.1,24.0,24.1,24.6,22.7,-0.0,DRY,ON,20.0,20.0,20.0,Dry Forecast,Forecast dry. Recommend watering soon; pump stays OFF because ML_CONTROL_MODE=recommend.,Forecast Dry,,"Forecast Dry,DRY;TELEGRAM_SENT:Forecast Dry,DRY",OK
2026-06-19 23:44:53,32.0,55.0,20.0,24.0,-4.0,2.1,24.0,24.1,24.6,22.7,-0.0,DRY,ON,20.0,20.0,20.0,Dry Forecast,Forecast dry. Recommend watering soon; pump stays OFF because ML_CONTROL_MODE=recommend.,Forecast Dry,,"Forecast Dry,DRY;TELEGRAM_COOLDOWN:Forecast Dry,DRY",OK
2026-06-19 23:44:58,32.0,55.0,20.0,24.0,-4.0,2.1,24.0,24.1,24.6,22.7,-0.0,DRY,ON,20.0,20.0,20.0,Dry Forecast,Forecast dry. Recommend watering soon; pump stays OFF because ML_CONTROL_MODE=recommend.,Forecast Dry,,"Forecast Dry,DRY;TELEGRAM_SENT:Forecast Dry,DRY",OK
2026-06-19 23:45:04,32.0,55.0,20.0,24.0,-4.0,2.1,24.0,24.1,24.6,22.7,-0.0,DRY,ON,20.0,20.0,20.0,Dry Forecast,Forecast dry. Recommend watering soon; pump stays OFF because ML_CONTROL_MODE=recommend.,Forecast Dry,,"Forecast Dry,DRY;TELEGRAM_COOLDOWN:Forecast Dry,DRY",OK
2026-06-19 23:45:11,32.0,55.0,20.0,24.0,-4.0,2.1,24.0,24.1,24.6,22.7,-0.0,DRY,ON,20.0,20.0,20.0,Dry Forecast,Forecast dry. Recommend watering soon; pump stays OFF because ML_CONTROL_MODE=recommend.,Forecast Dry,,"Forecast Dry,DRY;TELEGRAM_SENT:Forecast Dry,DRY",OK
2026-06-19 23:45:17,32.0,55.0,20.0,24.0,-4.0,2.1,24.0,24.1,24.6,22.7,-0.0,DRY,ON,20.0,20.0,20.0,Dry Forecast,Forecast dry. Recommend watering soon; pump stays OFF because ML_CONTROL_MODE=recommend.,Forecast Dry,,"Forecast Dry,DRY;TELEGRAM_COOLDOWN:Forecast Dry,DRY",OK
2026-06-19 23:45:22,32.0,55.0,20.0,24.0,-4.0,2.1,24.0,24.1,24.6,22.7,-0.0,DRY,ON,20.0,20.0,20.0,Dry Forecast,Forecast dry. Recommend watering soon; pump stays OFF because ML_CONTROL_MODE=recommend.,Forecast Dry,,"Forecast Dry,DRY;TELEGRAM_SENT:Forecast Dry,DRY",OK
2026-06-19 23:45:28,32.0,55.0,20.0,24.0,-4.0,2.1,24.0,24.1,24.6,22.7,-0.0,DRY,ON,20.0,20.0,20.0,Dry Forecast,Forecast dry. Recommend watering soon; pump stays OFF because ML_CONTROL_MODE=recommend.,Forecast Dry,,"Forecast Dry,DRY;TELEGRAM_COOLDOWN:Forecast Dry,DRY",OK
2026-06-19 23:45:33,32.0,55.0,20.0,24.0,-4.0,2.1,24.0,24.1,24.6,22.7,-0.0,DRY,ON,20.0,20.0,20.0,Dry Forecast,Forecast dry. Recommend watering soon; pump stays OFF because ML_CONTROL_MODE=recommend.,Forecast Dry,,"Forecast Dry,DRY;TELEGRAM_SENT:Forecast Dry,DRY",OK
2026-06-19 23:45:40,32.0,55.0,20.0,24.0,-4.0,2.1,24.0,24.1,24.6,22.7,-0.0,DRY,ON,20.0,20.0,20.0,Dry Forecast,Forecast dry. Recommend watering soon; pump stays OFF because ML_CONTROL_MODE=recommend.,Forecast Dry,,"Forecast Dry,DRY;TELEGRAM_COOLDOWN:Forecast Dry,DRY",OK
2026-06-19 23:45:45,32.0,55.0,20.0,24.0,-4.0,2.1,24.0,24.1,24.6,22.7,-0.0,DRY,ON,20.0,20.0,20.0,Dry Forecast,Forecast dry. Recommend watering soon; pump stays OFF because ML_CONTROL_MODE=recommend.,Forecast Dry,,"Forecast Dry,DRY;TELEGRAM_SENT:Forecast Dry,DRY",OK
2026-06-19 23:45:51,32.0,55.0,20.0,24.0,-4.0,2.1,24.0,24.1,24.6,22.7,-0.0,DRY,ON,20.0,20.0,20.0,Dry Forecast,Forecast dry. Recommend watering soon; pump stays OFF because ML_CONTROL_MODE=recommend.,Forecast Dry,,"Forecast Dry,DRY;TELEGRAM_COOLDOWN:Forecast Dry,DRY",OK
2026-06-19 23:45:56,32.0,55.0,20.0,24.0,-4.0,2.1,24.0,24.1,24.6,22.7,-0.0,DRY,ON,20.0,20.0,20.0,Dry Forecast,Forecast dry. Recommend watering soon; pump stays OFF because ML_CONTROL_MODE=recommend.,Forecast Dry,,"Forecast Dry,DRY;TELEGRAM_SENT:Forecast Dry,DRY",OK
2026-06-19 23:46:02,32.0,55.0,20.0,24.0,-4.0,2.1,24.0,24.1,24.6,22.7,-0.0,DRY,ON,20.0,20.0,20.0,Dry Forecast,Forecast dry. Recommend watering soon; pump stays OFF because ML_CONTROL_MODE=recommend.,Forecast Dry,,"Forecast Dry,DRY;TELEGRAM_COOLDOWN:Forecast Dry,DRY",OK
2026-06-19 23:46:07,32.0,55.0,20.0,24.0,-4.0,2.1,24.0,24.1,24.6,22.7,-0.0,DRY,ON,20.0,20.0,20.0,Dry Forecast,Forecast dry. Recommend watering soon; pump stays OFF because ML_CONTROL_MODE=recommend.,Forecast Dry,,"Forecast Dry,DRY;TELEGRAM_SENT:Forecast Dry,DRY",OK
2026-06-19 23:46:15,32.0,55.0,20.0,24.0,-4.0,2.1,24.0,24.1,24.6,22.7,-0.0,DRY,ON,20.0,20.0,20.0,Dry Forecast,Forecast dry. Recommend watering soon; pump stays OFF because ML_CONTROL_MODE=recommend.,Forecast Dry,,"Forecast Dry,DRY;TELEGRAM_COOLDOWN:Forecast Dry,DRY",OK
2026-06-19 23:46:20,32.0,55.0,20.0,24.0,-4.0,2.1,24.0,24.1,24.6,22.7,-0.0,DRY,ON,20.0,20.0,20.0,Dry Forecast,Forecast dry. Recommend watering soon; pump stays OFF because ML_CONTROL_MODE=recommend.,Forecast Dry,,"Forecast Dry,DRY;TELEGRAM_SENT:Forecast Dry,DRY",OK
2026-06-19 23:46:26,32.0,55.0,20.0,24.0,-4.0,2.1,24.0,24.1,24.6,22.7,-0.0,DRY,ON,20.0,20.0,20.0,Dry Forecast,Forecast dry. Recommend watering soon; pump stays OFF because ML_CONTROL_MODE=recommend.,Forecast Dry,,"Forecast Dry,DRY;TELEGRAM_COOLDOWN:Forecast Dry,DRY",OK
2026-06-19 23:46:31,32.0,55.0,20.0,24.0,-4.0,2.1,24.0,24.1,24.6,22.7,-0.0,DRY,ON,20.0,20.0,20.0,Dry Forecast,Forecast dry. Recommend watering soon; pump stays OFF because ML_CONTROL_MODE=recommend.,Forecast Dry,,"Forecast Dry,DRY;TELEGRAM_SENT:Forecast Dry,DRY",OK
2026-06-19 23:46:36,32.0,55.0,20.0,24.0,-4.0,2.1,24.0,24.1,24.6,22.7,-0.0,DRY,ON,20.0,20.0,20.0,Dry Forecast,Forecast dry. Recommend watering soon; pump stays OFF because ML_CONTROL_MODE=recommend.,Forecast Dry,,"Forecast Dry,DRY;TELEGRAM_COOLDOWN:Forecast Dry,DRY",OK
2026-06-19 23:46:41,32.0,55.0,20.0,24.0,-4.0,2.1,24.0,24.1,24.6,22.7,-0.0,DRY,ON,20.0,20.0,20.0,Dry Forecast,Forecast dry. Recommend watering soon; pump stays OFF because ML_CONTROL_MODE=recommend.,Forecast Dry,,"Forecast Dry,DRY;TELEGRAM_SENT:Forecast Dry,DRY",OK
2026-06-19 23:46:49,32.0,55.0,20.0,24.0,-4.0,2.1,24.0,24.1,24.6,22.7,-0.0,DRY,ON,20.0,20.0,20.0,Dry Forecast,Forecast dry. Recommend watering soon; pump stays OFF because ML_CONTROL_MODE=recommend.,Forecast Dry,,"Forecast Dry,DRY;TELEGRAM_COOLDOWN:Forecast Dry,DRY",OK
2026-06-19 23:46:54,32.0,55.0,20.0,24.0,-4.0,2.1,24.0,24.1,24.6,22.7,-0.0,DRY,ON,20.0,20.0,20.0,Dry Forecast,Forecast dry. Recommend watering soon; pump stays OFF because ML_CONTROL_MODE=recommend.,Forecast Dry,,"Forecast Dry,DRY;TELEGRAM_SENT:Forecast Dry,DRY",OK
2026-06-19 23:47:00,32.0,55.0,20.0,24.0,-4.0,2.1,24.0,24.1,24.6,22.7,-0.0,DRY,ON,20.0,20.0,20.0,Dry Forecast,Forecast dry. Recommend watering soon; pump stays OFF because ML_CONTROL_MODE=recommend.,Forecast Dry,,"Forecast Dry,DRY;TELEGRAM_COOLDOWN:Forecast Dry,DRY",OK
2026-06-19 23:47:05,32.0,55.0,20.0,24.0,-4.0,2.1,24.0,24.1,24.6,22.7,-0.0,DRY,ON,20.0,20.0,20.0,Dry Forecast,Forecast dry. Recommend watering soon; pump stays OFF because ML_CONTROL_MODE=recommend.,Forecast Dry,,"Forecast Dry,DRY;TELEGRAM_SENT:Forecast Dry,DRY",OK
2026-06-19 23:47:11,32.0,55.0,20.0,24.0,-4.0,2.1,24.0,24.1,24.6,22.7,-0.0,DRY,ON,20.0,20.0,20.0,Dry Forecast,Forecast dry. Recommend watering soon; pump stays OFF because ML_CONTROL_MODE=recommend.,Forecast Dry,,"Forecast Dry,DRY;TELEGRAM_COOLDOWN:Forecast Dry,DRY",OK
2026-06-19 23:47:16,32.0,55.0,20.0,24.0,-4.0,2.1,24.0,24.1,24.6,22.7,-0.0,DRY,ON,20.0,20.0,20.0,Dry Forecast,Forecast dry. Recommend watering soon; pump stays OFF because ML_CONTROL_MODE=recommend.,Forecast Dry,,"Forecast Dry,DRY;TELEGRAM_SENT:Forecast Dry,DRY",OK
2026-06-19 23:47:23,32.0,55.0,20.0,24.0,-4.0,2.1,24.0,24.1,24.6,22.7,-0.0,DRY,ON,20.0,20.0,20.0,Dry Forecast,Forecast dry. Recommend watering soon; pump stays OFF because ML_CONTROL_MODE=recommend.,Forecast Dry,,"Forecast Dry,DRY;TELEGRAM_COOLDOWN:Forecast Dry,DRY",OK
2026-06-19 23:47:28,32.0,55.0,20.0,24.0,-4.0,2.1,24.0,24.1,24.6,22.7,-0.0,DRY,ON,20.0,20.0,20.0,Dry Forecast,Forecast dry. Recommend watering soon; pump stays OFF because ML_CONTROL_MODE=recommend.,Forecast Dry,,"Forecast Dry,DRY;TELEGRAM_SENT:Forecast Dry,DRY",OK
2026-06-19 23:47:34,32.0,55.0,20.0,24.0,-4.0,2.1,24.0,24.1,24.6,22.7,-0.0,DRY,ON,20.0,20.0,20.0,Dry Forecast,Forecast dry. Recommend watering soon; pump stays OFF because ML_CONTROL_MODE=recommend.,Forecast Dry,,"Forecast Dry,DRY;TELEGRAM_COOLDOWN:Forecast Dry,DRY",OK
2026-06-19 23:47:39,32.0,55.0,20.0,24.0,-4.0,2.1,24.0,24.1,24.6,22.7,-0.0,DRY,ON,20.0,20.0,20.0,Dry Forecast,Forecast dry. Recommend watering soon; pump stays OFF because ML_CONTROL_MODE=recommend.,Forecast Dry,,"Forecast Dry,DRY;TELEGRAM_SENT:Forecast Dry,DRY",OK
2026-06-19 23:47:45,32.0,55.0,20.0,24.0,-4.0,2.1,24.0,24.1,24.6,22.7,-0.0,DRY,ON,20.0,20.0,20.0,Dry Forecast,Forecast dry. Recommend watering soon; pump stays OFF because ML_CONTROL_MODE=recommend.,Forecast Dry,,"Forecast Dry,DRY;TELEGRAM_COOLDOWN:Forecast Dry,DRY",OK
2026-06-19 23:47:50,32.0,55.0,20.0,24.0,-4.0,2.1,24.0,24.1,24.6,22.7,-0.0,DRY,ON,20.0,20.0,20.0,Dry Forecast,Forecast dry. Recommend watering soon; pump stays OFF because ML_CONTROL_MODE=recommend.,Forecast Dry,,"Forecast Dry,DRY;TELEGRAM_SENT:Forecast Dry,DRY",OK
2026-06-19 23:47:58,32.0,55.0,20.0,24.0,-4.0,2.1,24.0,24.1,24.6,22.7,-0.0,DRY,ON,20.0,20.0,20.0,Dry Forecast,Forecast dry. Recommend watering soon; pump stays OFF because ML_CONTROL_MODE=recommend.,Forecast Dry,,"Forecast Dry,DRY;TELEGRAM_COOLDOWN:Forecast Dry,DRY",OK
2026-06-19 23:48:03,32.0,55.0,20.0,24.0,-4.0,2.1,24.0,24.1,24.6,22.7,-0.0,DRY,ON,20.0,20.0,20.0,Dry Forecast,Forecast dry. Recommend watering soon; pump stays OFF because ML_CONTROL_MODE=recommend.,Forecast Dry,,"Forecast Dry,DRY;TELEGRAM_SENT:Forecast Dry,DRY",OK
2026-06-19 23:48:09,32.0,55.0,20.0,24.0,-4.0,2.1,24.0,24.1,24.6,22.7,-0.0,DRY,ON,20.0,20.0,20.0,Dry Forecast,Forecast dry. Recommend watering soon; pump stays OFF because ML_CONTROL_MODE=recommend.,Forecast Dry,,"Forecast Dry,DRY;TELEGRAM_COOLDOWN:Forecast Dry,DRY",OK
2026-06-19 23:48:14,32.0,55.0,20.0,24.0,-4.0,2.1,24.0,24.1,24.6,22.7,-0.0,DRY,ON,20.0,20.0,20.0,Dry Forecast,Forecast dry. Recommend watering soon; pump stays OFF because ML_CONTROL_MODE=recommend.,Forecast Dry,,"Forecast Dry,DRY;TELEGRAM_SENT:Forecast Dry,DRY",OK
2026-06-19 23:48:19,32.0,55.0,20.0,24.0,-4.0,2.1,24.0,24.1,24.6,22.7,-0.0,DRY,ON,20.0,20.0,20.0,Dry Forecast,Forecast dry. Recommend watering soon; pump stays OFF because ML_CONTROL_MODE=recommend.,Forecast Dry,,"Forecast Dry,DRY;TELEGRAM_COOLDOWN:Forecast Dry,DRY",OK
2026-06-19 23:48:24,32.0,55.0,20.0,24.0,-4.0,2.1,24.0,24.1,24.6,22.7,-0.0,DRY,ON,20.0,20.0,20.0,Dry Forecast,Forecast dry. Recommend watering soon; pump stays OFF because ML_CONTROL_MODE=recommend.,Forecast Dry,,"Forecast Dry,DRY;TELEGRAM_SENT:Forecast Dry,DRY",OK
2026-06-19 23:48:33,32.0,55.0,20.0,24.0,-4.0,2.1,24.0,24.1,24.6,22.7,-0.0,DRY,ON,20.0,20.0,20.0,Dry Forecast,Forecast dry. Recommend watering soon; pump stays OFF because ML_CONTROL_MODE=recommend.,Forecast Dry,,"Forecast Dry,DRY;TELEGRAM_COOLDOWN:Forecast Dry,DRY",OK
2026-06-19 23:48:38,32.0,55.0,20.0,24.0,-4.0,2.1,24.0,24.1,24.6,22.7,-0.0,DRY,ON,20.0,20.0,20.0,Dry Forecast,Forecast dry. Recommend watering soon; pump stays OFF because ML_CONTROL_MODE=recommend.,Forecast Dry,,"Forecast Dry,DRY;TELEGRAM_SENT:Forecast Dry,DRY",OK
2026-06-19 23:48:44,32.0,55.0,20.0,24.0,-4.0,2.1,24.0,24.1,24.6,22.7,-0.0,DRY,ON,20.0,20.0,20.0,Dry Forecast,Forecast dry. Recommend watering soon; pump stays OFF because ML_CONTROL_MODE=recommend.,Forecast Dry,,"Forecast Dry,DRY;TELEGRAM_COOLDOWN:Forecast Dry,DRY",OK
2026-06-19 23:48:49,32.0,55.0,20.0,24.0,-4.0,2.1,24.0,24.1,24.6,22.7,-0.0,DRY,ON,20.0,20.0,20.0,Dry Forecast,Forecast dry. Recommend watering soon; pump stays OFF because ML_CONTROL_MODE=recommend.,Forecast Dry,,"Forecast Dry,DRY;TELEGRAM_SENT:Forecast Dry,DRY",OK
2026-06-19 23:48:54,32.0,55.0,20.0,24.0,-4.0,2.1,24.0,24.1,24.6,22.7,-0.0,DRY,ON,20.0,20.0,20.0,Dry Forecast,Forecast dry. Recommend watering soon; pump stays OFF because ML_CONTROL_MODE=recommend.,Forecast Dry,,"Forecast Dry,DRY;TELEGRAM_COOLDOWN:Forecast Dry,DRY",OK
2026-06-19 23:48:59,32.0,55.0,20.0,24.0,-4.0,2.1,24.0,24.1,24.6,22.7,-0.0,DRY,ON,20.0,20.0,20.0,Dry Forecast,Forecast dry. Recommend watering soon; pump stays OFF because ML_CONTROL_MODE=recommend.,Forecast Dry,,"Forecast Dry,DRY;TELEGRAM_SENT:Forecast Dry,DRY",OK
2026-06-19 23:49:07,32.0,55.0,20.0,24.0,-4.0,2.1,24.0,24.1,24.6,22.7,-0.0,DRY,ON,20.0,20.0,20.0,Dry Forecast,Forecast dry. Recommend watering soon; pump stays OFF because ML_CONTROL_MODE=recommend.,Forecast Dry,,"Forecast Dry,DRY;TELEGRAM_COOLDOWN:Forecast Dry,DRY",OK
2026-06-19 23:49:12,32.0,55.0,20.0,24.0,-4.0,2.1,24.0,24.1,24.6,22.7,-0.0,DRY,ON,20.0,20.0,20.0,Dry Forecast,Forecast dry. Recommend watering soon; pump stays OFF because ML_CONTROL_MODE=recommend.,Forecast Dry,,"Forecast Dry,DRY;TELEGRAM_SENT:Forecast Dry,DRY",OK
2026-06-19 23:49:18,32.0,55.0,20.0,24.0,-4.0,2.1,24.0,24.1,24.6,22.7,-0.0,DRY,ON,20.0,20.0,20.0,Dry Forecast,Forecast dry. Recommend watering soon; pump stays OFF because ML_CONTROL_MODE=recommend.,Forecast Dry,,"Forecast Dry,DRY;TELEGRAM_COOLDOWN:Forecast Dry,DRY",OK
2026-06-19 23:49:23,32.0,55.0,20.0,24.0,-4.0,2.1,24.0,24.1,24.6,22.7,-0.0,DRY,ON,20.0,20.0,20.0,Dry Forecast,Forecast dry. Recommend watering soon; pump stays OFF because ML_CONTROL_MODE=recommend.,Forecast Dry,,"Forecast Dry,DRY;TELEGRAM_SENT:Forecast Dry,DRY",OK
2026-06-19 23:49:29,32.0,55.0,20.0,24.0,-4.0,2.1,24.0,24.1,24.6,22.7,-0.0,DRY,ON,20.0,20.0,20.0,Dry Forecast,Forecast dry. Recommend watering soon; pump stays OFF because ML_CONTROL_MODE=recommend.,Forecast Dry,,"Forecast Dry,DRY;TELEGRAM_COOLDOWN:Forecast Dry,DRY",OK
2026-06-19 23:49:34,32.0,55.0,20.0,24.0,-4.0,2.1,24.0,24.1,24.6,22.7,-0.0,DRY,ON,20.0,20.0,20.0,Dry Forecast,Forecast dry. Recommend watering soon; pump stays OFF because ML_CONTROL_MODE=recommend.,Forecast Dry,,"Forecast Dry,DRY;TELEGRAM_SENT:Forecast Dry,DRY",OK
2026-06-19 23:49:42,32.0,55.0,20.0,24.0,-4.0,2.1,24.0,24.1,24.6,22.7,-0.0,DRY,ON,20.0,20.0,20.0,Dry Forecast,Forecast dry. Recommend watering soon; pump stays OFF because ML_CONTROL_MODE=recommend.,Forecast Dry,,"Forecast Dry,DRY;TELEGRAM_COOLDOWN:Forecast Dry,DRY",OK
2026-06-19 23:49:47,32.0,55.0,20.0,24.0,-4.0,2.1,24.0,24.1,24.6,22.7,-0.0,DRY,ON,20.0,20.0,20.0,Dry Forecast,Forecast dry. Recommend watering soon; pump stays OFF because ML_CONTROL_MODE=recommend.,Forecast Dry,,"Forecast Dry,DRY;TELEGRAM_SENT:Forecast Dry,DRY",OK
2026-06-19 23:49:52,32.0,55.0,20.0,24.0,-4.0,2.1,24.0,24.1,24.6,22.7,-0.0,DRY,ON,20.0,20.0,20.0,Dry Forecast,Forecast dry. Recommend watering soon; pump stays OFF because ML_CONTROL_MODE=recommend.,Forecast Dry,,"Forecast Dry,DRY;TELEGRAM_COOLDOWN:Forecast Dry,DRY",OK
2026-06-19 23:49:57,32.0,55.0,20.0,24.0,-4.0,2.1,24.0,24.1,24.6,22.7,-0.0,DRY,ON,20.0,20.0,20.0,Dry Forecast,Forecast dry. Recommend watering soon; pump stays OFF because ML_CONTROL_MODE=recommend.,Forecast Dry,,"Forecast Dry,DRY;TELEGRAM_SENT:Forecast Dry,DRY",OK
2026-06-19 23:50:03,32.0,55.0,20.0,24.0,-4.0,2.1,24.0,24.1,24.6,22.7,-0.0,DRY,ON,20.0,20.0,20.0,Dry Forecast,Forecast dry. Recommend watering soon; pump stays OFF because ML_CONTROL_MODE=recommend.,Forecast Dry,,"Forecast Dry,DRY;TELEGRAM_COOLDOWN:Forecast Dry,DRY",OK
2026-06-19 23:50:08,32.0,55.0,20.0,24.0,-4.0,2.1,24.0,24.1,24.6,22.7,-0.0,DRY,ON,20.0,20.0,20.0,Dry Forecast,Forecast dry. Recommend watering soon; pump stays OFF because ML_CONTROL_MODE=recommend.,Forecast Dry,,"Forecast Dry,DRY;TELEGRAM_SENT:Forecast Dry,DRY",OK
2026-06-19 23:50:16,32.0,55.0,20.0,24.0,-4.0,2.1,24.0,24.1,24.6,22.7,-0.0,DRY,ON,20.0,20.0,20.0,Dry Forecast,Forecast dry. Recommend watering soon; pump stays OFF because ML_CONTROL_MODE=recommend.,Forecast Dry,,"Forecast Dry,DRY;TELEGRAM_COOLDOWN:Forecast Dry,DRY",OK
2026-06-19 23:50:21,32.0,55.0,20.0,24.0,-4.0,2.1,24.0,24.1,24.6,22.7,-0.0,DRY,ON,20.0,20.0,20.0,Dry Forecast,Forecast dry. Recommend watering soon; pump stays OFF because ML_CONTROL_MODE=recommend.,Forecast Dry,,"Forecast Dry,DRY;TELEGRAM_SENT:Forecast Dry,DRY",OK
2026-06-19 23:50:27,32.0,55.0,20.0,24.0,-4.0,2.1,24.0,24.1,24.6,22.7,-0.0,DRY,ON,20.0,20.0,20.0,Dry Forecast,Forecast dry. Recommend watering soon; pump stays OFF because ML_CONTROL_MODE=recommend.,Forecast Dry,,"Forecast Dry,DRY;TELEGRAM_COOLDOWN:Forecast Dry,DRY",OK
2026-06-19 23:50:32,32.0,55.0,20.0,24.0,-4.0,2.1,24.0,24.1,24.6,22.7,-0.0,DRY,ON,20.0,20.0,20.0,Dry Forecast,Forecast dry. Recommend watering soon; pump stays OFF because ML_CONTROL_MODE=recommend.,Forecast Dry,,"Forecast Dry,DRY;TELEGRAM_SENT:Forecast Dry,DRY",OK
2026-06-19 23:50:37,32.0,55.0,20.0,24.0,-4.0,2.1,24.0,24.1,24.6,22.7,-0.0,DRY,ON,20.0,20.0,20.0,Dry Forecast,Forecast dry. Recommend watering soon; pump stays OFF because ML_CONTROL_MODE=recommend.,Forecast Dry,,"Forecast Dry,DRY;TELEGRAM_COOLDOWN:Forecast Dry,DRY",OK
2026-06-19 23:50:43,32.0,55.0,20.0,24.0,-4.0,2.1,24.0,24.1,24.6,22.7,-0.0,DRY,ON,20.0,20.0,20.0,Dry Forecast,Forecast dry. Recommend watering soon; pump stays OFF because ML_CONTROL_MODE=recommend.,Forecast Dry,,"Forecast Dry,DRY;TELEGRAM_SENT:Forecast Dry,DRY",OK
2026-06-19 23:50:50,32.0,55.0,20.0,24.0,-4.0,2.1,24.0,24.1,24.6,22.7,-0.0,DRY,ON,20.0,20.0,20.0,Dry Forecast,Forecast dry. Recommend watering soon; pump stays OFF because ML_CONTROL_MODE=recommend.,Forecast Dry,,"Forecast Dry,DRY;TELEGRAM_COOLDOWN:Forecast Dry,DRY",OK
2026-06-19 23:50:55,32.0,55.0,20.0,24.0,-4.0,2.1,24.0,24.1,24.6,22.7,-0.0,DRY,ON,20.0,20.0,20.0,Dry Forecast,Forecast dry. Recommend watering soon; pump stays OFF because ML_CONTROL_MODE=recommend.,Forecast Dry,,"Forecast Dry,DRY;TELEGRAM_SENT:Forecast Dry,DRY",OK
2026-06-19 23:51:01,32.0,55.0,20.0,24.0,-4.0,2.1,24.0,24.1,24.6,22.7,-0.0,DRY,ON,20.0,20.0,20.0,Dry Forecast,Forecast dry. Recommend watering soon; pump stays OFF because ML_CONTROL_MODE=recommend.,Forecast Dry,,"Forecast Dry,DRY;TELEGRAM_COOLDOWN:Forecast Dry,DRY",OK
2026-06-19 23:51:06,32.0,55.0,20.0,24.0,-4.0,2.1,24.0,24.1,24.6,22.7,-0.0,DRY,ON,20.0,20.0,20.0,Dry Forecast,Forecast dry. Recommend watering soon; pump stays OFF because ML_CONTROL_MODE=recommend.,Forecast Dry,,"Forecast Dry,DRY;TELEGRAM_SENT:Forecast Dry,DRY",OK
2026-06-19 23:51:12,32.0,55.0,20.0,24.0,-4.0,2.1,24.0,24.1,24.6,22.7,-0.0,DRY,ON,20.0,20.0,20.0,Dry Forecast,Forecast dry. Recommend watering soon; pump stays OFF because ML_CONTROL_MODE=recommend.,Forecast Dry,,"Forecast Dry,DRY;TELEGRAM_COOLDOWN:Forecast Dry,DRY",OK
2026-06-19 23:51:17,32.0,55.0,20.0,24.0,-4.0,2.1,24.0,24.1,24.6,22.7,-0.0,DRY,ON,20.0,20.0,20.0,Dry Forecast,Forecast dry. Recommend watering soon; pump stays OFF because ML_CONTROL_MODE=recommend.,Forecast Dry,,"Forecast Dry,DRY;TELEGRAM_SENT:Forecast Dry,DRY",OK
2026-06-19 23:51:25,32.0,55.0,20.0,24.0,-4.0,2.1,24.0,24.1,24.6,22.7,-0.0,DRY,ON,20.0,20.0,20.0,Dry Forecast,Forecast dry. Recommend watering soon; pump stays OFF because ML_CONTROL_MODE=recommend.,Forecast Dry,,"Forecast Dry,DRY;TELEGRAM_COOLDOWN:Forecast Dry,DRY",OK
2026-06-19 23:51:30,32.0,55.0,20.0,24.0,-4.0,2.1,24.0,24.1,24.6,22.7,-0.0,DRY,ON,20.0,20.0,20.0,Dry Forecast,Forecast dry. Recommend watering soon; pump stays OFF because ML_CONTROL_MODE=recommend.,Forecast Dry,,"Forecast Dry,DRY;TELEGRAM_SENT:Forecast Dry,DRY",OK
2026-06-19 23:51:36,32.0,55.0,20.0,24.0,-4.0,2.1,24.0,24.1,24.6,22.7,-0.0,DRY,ON,20.0,20.0,20.0,Dry Forecast,Forecast dry. Recommend watering soon; pump stays OFF because ML_CONTROL_MODE=recommend.,Forecast Dry,,"Forecast Dry,DRY;TELEGRAM_COOLDOWN:Forecast Dry,DRY",OK
2026-06-19 23:51:41,32.0,55.0,20.0,24.0,-4.0,2.1,24.0,24.1,24.6,22.7,-0.0,DRY,ON,20.0,20.0,20.0,Dry Forecast,Forecast dry. Recommend watering soon; pump stays OFF because ML_CONTROL_MODE=recommend.,Forecast Dry,,"Forecast Dry,DRY;TELEGRAM_SENT:Forecast Dry,DRY",OK
2026-06-19 23:51:47,32.0,55.0,20.0,24.0,-4.0,2.1,24.0,24.1,24.6,22.7,-0.0,DRY,ON,20.0,20.0,20.0,Dry Forecast,Forecast dry. Recommend watering soon; pump stays OFF because ML_CONTROL_MODE=recommend.,Forecast Dry,,"Forecast Dry,DRY;TELEGRAM_COOLDOWN:Forecast Dry,DRY",OK
2026-06-19 23:51:52,32.0,55.0,20.0,24.0,-4.0,2.1,24.0,24.1,24.6,22.7,-0.0,DRY,ON,20.0,20.0,20.0,Dry Forecast,Forecast dry. Recommend watering soon; pump stays OFF because ML_CONTROL_MODE=recommend.,Forecast Dry,,"Forecast Dry,DRY;TELEGRAM_SENT:Forecast Dry,DRY",OK
2026-06-19 23:52:00,32.0,55.0,20.0,24.0,-4.0,2.1,24.0,24.1,24.6,22.7,-0.0,DRY,ON,20.0,20.0,20.0,Dry Forecast,Forecast dry. Recommend watering soon; pump stays OFF because ML_CONTROL_MODE=recommend.,Forecast Dry,,"Forecast Dry,DRY;TELEGRAM_COOLDOWN:Forecast Dry,DRY",OK
2026-06-19 23:52:05,32.0,55.0,20.0,24.0,-4.0,2.1,24.0,24.1,24.6,22.7,-0.0,DRY,ON,20.0,20.0,20.0,Dry Forecast,Forecast dry. Recommend watering soon; pump stays OFF because ML_CONTROL_MODE=recommend.,Forecast Dry,,"Forecast Dry,DRY;TELEGRAM_SENT:Forecast Dry,DRY",OK
2026-06-19 23:52:11,32.0,55.0,20.0,24.0,-4.0,2.1,24.0,24.1,24.6,22.7,-0.0,DRY,ON,20.0,20.0,20.0,Dry Forecast,Forecast dry. Recommend watering soon; pump stays OFF because ML_CONTROL_MODE=recommend.,Forecast Dry,,"Forecast Dry,DRY;TELEGRAM_COOLDOWN:Forecast Dry,DRY",OK
2026-06-19 23:52:16,32.0,55.0,20.0,24.0,-4.0,2.1,24.0,24.1,24.6,22.7,-0.0,DRY,ON,20.0,20.0,20.0,Dry Forecast,Forecast dry. Recommend watering soon; pump stays OFF because ML_CONTROL_MODE=recommend.,Forecast Dry,,"Forecast Dry,DRY;TELEGRAM_SENT:Forecast Dry,DRY",OK
2026-06-19 23:52:21,32.0,55.0,20.0,24.0,-4.0,2.1,24.0,24.1,24.6,22.7,-0.0,DRY,ON,20.0,20.0,20.0,Dry Forecast,Forecast dry. Recommend watering soon; pump stays OFF because ML_CONTROL_MODE=recommend.,Forecast Dry,,"Forecast Dry,DRY;TELEGRAM_COOLDOWN:Forecast Dry,DRY",OK
2026-06-19 23:52:26,32.0,55.0,20.0,24.0,-4.0,2.1,24.0,24.1,24.6,22.7,-0.0,DRY,ON,20.0,20.0,20.0,Dry Forecast,Forecast dry. Recommend watering soon; pump stays OFF because ML_CONTROL_MODE=recommend.,Forecast Dry,,"Forecast Dry,DRY;TELEGRAM_SENT:Forecast Dry,DRY",OK
2026-06-19 23:52:35,32.0,55.0,20.0,24.0,-4.0,2.1,24.0,24.1,24.6,22.7,-0.0,DRY,ON,20.0,20.0,20.0,Dry Forecast,Forecast dry. Recommend watering soon; pump stays OFF because ML_CONTROL_MODE=recommend.,Forecast Dry,,"Forecast Dry,DRY;TELEGRAM_COOLDOWN:Forecast Dry,DRY",OK
2026-06-19 23:52:40,32.0,55.0,20.0,24.0,-4.0,2.1,24.0,24.1,24.6,22.7,-0.0,DRY,ON,20.0,20.0,20.0,Dry Forecast,Forecast dry. Recommend watering soon; pump stays OFF because ML_CONTROL_MODE=recommend.,Forecast Dry,,"Forecast Dry,DRY;TELEGRAM_SENT:Forecast Dry,DRY",OK
2026-06-19 23:52:46,32.0,55.0,20.0,24.0,-4.0,2.1,24.0,24.1,24.6,22.7,-0.0,DRY,ON,20.0,20.0,20.0,Dry Forecast,Forecast dry. Recommend watering soon; pump stays OFF because ML_CONTROL_MODE=recommend.,Forecast Dry,,"Forecast Dry,DRY;TELEGRAM_COOLDOWN:Forecast Dry,DRY",OK
2026-06-19 23:52:51,32.0,55.0,20.0,24.0,-4.0,2.1,24.0,24.1,24.6,22.7,-0.0,DRY,ON,20.0,20.0,20.0,Dry Forecast,Forecast dry. Recommend watering soon; pump stays OFF because ML_CONTROL_MODE=recommend.,Forecast Dry,,"Forecast Dry,DRY;TELEGRAM_SENT:Forecast Dry,DRY",OK
2026-06-19 23:52:56,32.0,55.0,20.0,24.0,-4.0,2.1,24.0,24.1,24.6,22.7,-0.0,DRY,ON,20.0,20.0,20.0,Dry Forecast,Forecast dry. Recommend watering soon; pump stays OFF because ML_CONTROL_MODE=recommend.,Forecast Dry,,"Forecast Dry,DRY;TELEGRAM_COOLDOWN:Forecast Dry,DRY",OK
2026-06-19 23:53:01,32.0,55.0,20.0,24.0,-4.0,2.1,24.0,24.1,24.6,22.7,-0.0,DRY,ON,20.0,20.0,20.0,Dry Forecast,Forecast dry. Recommend watering soon; pump stays OFF because ML_CONTROL_MODE=recommend.,Forecast Dry,,"Forecast Dry,DRY;TELEGRAM_SENT:Forecast Dry,DRY",OK
2026-06-19 23:53:09,32.0,55.0,20.0,24.0,-4.0,2.1,24.0,24.1,24.6,22.7,-0.0,DRY,ON,20.0,20.0,20.0,Dry Forecast,Forecast dry. Recommend watering soon; pump stays OFF because ML_CONTROL_MODE=recommend.,Forecast Dry,,"Forecast Dry,DRY;TELEGRAM_COOLDOWN:Forecast Dry,DRY",OK
2026-06-19 23:53:14,32.0,55.0,20.0,24.0,-4.0,2.1,24.0,24.1,24.6,22.7,-0.0,DRY,ON,20.0,20.0,20.0,Dry Forecast,Forecast dry. Recommend watering soon; pump stays OFF because ML_CONTROL_MODE=recommend.,Forecast Dry,,"Forecast Dry,DRY;TELEGRAM_SENT:Forecast Dry,DRY",OK
2026-06-19 23:53:20,32.0,55.0,20.0,24.0,-4.0,2.1,24.0,24.1,24.6,22.7,-0.0,DRY,ON,20.0,20.0,20.0,Dry Forecast,Forecast dry. Recommend watering soon; pump stays OFF because ML_CONTROL_MODE=recommend.,Forecast Dry,,"Forecast Dry,DRY;TELEGRAM_COOLDOWN:Forecast Dry,DRY",OK
2026-06-19 23:53:25,32.0,55.0,20.0,24.0,-4.0,2.1,24.0,24.1,24.6,22.7,-0.0,DRY,ON,20.0,20.0,20.0,Dry Forecast,Forecast dry. Recommend watering soon; pump stays OFF because ML_CONTROL_MODE=recommend.,Forecast Dry,,"Forecast Dry,DRY;TELEGRAM_SENT:Forecast Dry,DRY",OK
2026-06-19 23:53:31,32.0,55.0,20.0,24.0,-4.0,2.1,24.0,24.1,24.6,22.7,-0.0,DRY,ON,20.0,20.0,20.0,Dry Forecast,Forecast dry. Recommend watering soon; pump stays OFF because ML_CONTROL_MODE=recommend.,Forecast Dry,,"Forecast Dry,DRY;TELEGRAM_COOLDOWN:Forecast Dry,DRY",OK
2026-06-19 23:53:36,32.0,55.0,20.0,24.0,-4.0,2.1,24.0,24.1,24.6,22.7,-0.0,DRY,ON,20.0,20.0,20.0,Dry Forecast,Forecast dry. Recommend watering soon; pump stays OFF because ML_CONTROL_MODE=recommend.,Forecast Dry,,"Forecast Dry,DRY;TELEGRAM_SENT:Forecast Dry,DRY",OK
2026-06-19 23:53:44,32.0,55.0,20.0,24.0,-4.0,2.1,24.0,24.1,24.6,22.7,-0.0,DRY,ON,20.0,20.0,20.0,Dry Forecast,Forecast dry. Recommend watering soon; pump stays OFF because ML_CONTROL_MODE=recommend.,Forecast Dry,,"Forecast Dry,DRY;TELEGRAM_COOLDOWN:Forecast Dry,DRY",OK
2026-06-19 23:53:49,32.0,55.0,20.0,24.0,-4.0,2.1,24.0,24.1,24.6,22.7,-0.0,DRY,ON,20.0,20.0,20.0,Dry Forecast,Forecast dry. Recommend watering soon; pump stays OFF because ML_CONTROL_MODE=recommend.,Forecast Dry,,"Forecast Dry,DRY;TELEGRAM_SENT:Forecast Dry,DRY",OK
2026-06-19 23:53:55,32.0,55.0,20.0,24.0,-4.0,2.1,24.0,24.1,24.6,22.7,-0.0,DRY,ON,20.0,20.0,20.0,Dry Forecast,Forecast dry. Recommend watering soon; pump stays OFF because ML_CONTROL_MODE=recommend.,Forecast Dry,,"Forecast Dry,DRY;TELEGRAM_COOLDOWN:Forecast Dry,DRY",OK
2026-06-19 23:54:00,32.0,55.0,20.0,24.0,-4.0,2.1,24.0,24.1,24.6,22.7,-0.0,DRY,ON,20.0,20.0,20.0,Dry Forecast,Forecast dry. Recommend watering soon; pump stays OFF because ML_CONTROL_MODE=recommend.,Forecast Dry,,"Forecast Dry,DRY;TELEGRAM_SENT:Forecast Dry,DRY",OK
2026-06-19 23:54:06,32.0,55.0,20.0,24.0,-4.0,2.1,24.0,24.1,24.6,22.7,-0.0,DRY,ON,20.0,20.0,20.0,Dry Forecast,Forecast dry. Recommend watering soon; pump stays OFF because ML_CONTROL_MODE=recommend.,Forecast Dry,,"Forecast Dry,DRY;TELEGRAM_COOLDOWN:Forecast Dry,DRY",OK
2026-06-19 23:54:11,32.0,55.0,20.0,24.0,-4.0,2.1,24.0,24.1,24.6,22.7,-0.0,DRY,ON,20.0,20.0,20.0,Dry Forecast,Forecast dry. Recommend watering soon; pump stays OFF because ML_CONTROL_MODE=recommend.,Forecast Dry,,"Forecast Dry,DRY;TELEGRAM_SENT:Forecast Dry,DRY",OK
2026-06-19 23:54:19,32.0,55.0,20.0,24.0,-4.0,2.1,24.0,24.1,24.6,22.7,-0.0,DRY,ON,20.0,20.0,20.0,Dry Forecast,Forecast dry. Recommend watering soon; pump stays OFF because ML_CONTROL_MODE=recommend.,Forecast Dry,,"Forecast Dry,DRY;TELEGRAM_COOLDOWN:Forecast Dry,DRY",OK
2026-06-19 23:54:24,32.0,55.0,20.0,24.0,-4.0,2.1,24.0,24.1,24.6,22.7,-0.0,DRY,ON,20.0,20.0,20.0,Dry Forecast,Forecast dry. Recommend watering soon; pump stays OFF because ML_CONTROL_MODE=recommend.,Forecast Dry,,"Forecast Dry,DRY;TELEGRAM_SENT:Forecast Dry,DRY",OK
2026-06-19 23:54:30,32.0,55.0,20.0,24.0,-4.0,2.1,24.0,24.1,24.6,22.7,-0.0,DRY,ON,20.0,20.0,20.0,Dry Forecast,Forecast dry. Recommend watering soon; pump stays OFF because ML_CONTROL_MODE=recommend.,Forecast Dry,,"Forecast Dry,DRY;TELEGRAM_COOLDOWN:Forecast Dry,DRY",OK
2026-06-19 23:54:35,32.0,55.0,20.0,24.0,-4.0,2.1,24.0,24.1,24.6,22.7,-0.0,DRY,ON,20.0,20.0,20.0,Dry Forecast,Forecast dry. Recommend watering soon; pump stays OFF because ML_CONTROL_MODE=recommend.,Forecast Dry,,"Forecast Dry,DRY;TELEGRAM_SENT:Forecast Dry,DRY",OK
2026-06-19 23:54:41,32.0,55.0,20.0,24.0,-4.0,2.1,24.0,24.1,24.6,22.7,-0.0,DRY,ON,20.0,20.0,20.0,Dry Forecast,Forecast dry. Recommend watering soon; pump stays OFF because ML_CONTROL_MODE=recommend.,Forecast Dry,,"Forecast Dry,DRY;TELEGRAM_COOLDOWN:Forecast Dry,DRY",OK
2026-06-19 23:54:46,32.0,55.0,20.0,24.0,-4.0,2.1,24.0,24.1,24.6,22.7,-0.0,DRY,ON,20.0,20.0,20.0,Dry Forecast,Forecast dry. Recommend watering soon; pump stays OFF because ML_CONTROL_MODE=recommend.,Forecast Dry,,"Forecast Dry,DRY;TELEGRAM_SENT:Forecast Dry,DRY",OK
2026-06-19 23:54:54,32.0,55.0,20.0,24.0,-4.0,2.1,24.0,24.1,24.6,22.7,-0.0,DRY,ON,20.0,20.0,20.0,Dry Forecast,Forecast dry. Recommend watering soon; pump stays OFF because ML_CONTROL_MODE=recommend.,Forecast Dry,,"Forecast Dry,DRY;TELEGRAM_COOLDOWN:Forecast Dry,DRY",OK
2026-06-19 23:54:59,32.0,55.0,20.0,24.0,-4.0,2.1,24.0,24.1,24.6,22.7,-0.0,DRY,ON,20.0,20.0,20.0,Dry Forecast,Forecast dry. Recommend watering soon; pump stays OFF because ML_CONTROL_MODE=recommend.,Forecast Dry,,"Forecast Dry,DRY;TELEGRAM_SENT:Forecast Dry,DRY",OK
2026-06-19 23:55:05,32.0,55.0,20.0,24.0,-4.0,2.1,24.0,24.1,24.6,22.7,-0.0,DRY,ON,20.0,20.0,20.0,Dry Forecast,Forecast dry. Recommend watering soon; pump stays OFF because ML_CONTROL_MODE=recommend.,Forecast Dry,,"Forecast Dry,DRY;TELEGRAM_COOLDOWN:Forecast Dry,DRY",OK
2026-06-19 23:55:10,32.0,55.0,20.0,24.0,-4.0,2.1,24.0,24.1,24.6,22.7,-0.0,DRY,ON,20.0,20.0,20.0,Dry Forecast,Forecast dry. Recommend watering soon; pump stays OFF because ML_CONTROL_MODE=recommend.,Forecast Dry,,"Forecast Dry,DRY;TELEGRAM_SENT:Forecast Dry,DRY",OK
2026-06-19 23:55:16,32.0,55.0,20.0,24.0,-4.0,2.1,24.0,24.1,24.6,22.7,-0.0,DRY,ON,20.0,20.0,20.0,Dry Forecast,Forecast dry. Recommend watering soon; pump stays OFF because ML_CONTROL_MODE=recommend.,Forecast Dry,,"Forecast Dry,DRY;TELEGRAM_COOLDOWN:Forecast Dry,DRY",OK
2026-06-19 23:55:21,32.0,55.0,20.0,24.0,-4.0,2.1,24.0,24.1,24.6,22.7,-0.0,DRY,ON,20.0,20.0,20.0,Dry Forecast,Forecast dry. Recommend watering soon; pump stays OFF because ML_CONTROL_MODE=recommend.,Forecast Dry,,"Forecast Dry,DRY;TELEGRAM_SENT:Forecast Dry,DRY",OK
2026-06-19 23:55:27,32.0,55.0,20.0,24.0,-4.0,2.1,24.0,24.1,24.6,22.7,-0.0,DRY,ON,20.0,20.0,20.0,Dry Forecast,Forecast dry. Recommend watering soon; pump stays OFF because ML_CONTROL_MODE=recommend.,Forecast Dry,,"Forecast Dry,DRY;TELEGRAM_COOLDOWN:Forecast Dry,DRY",OK
2026-06-19 23:55:32,32.0,55.0,20.0,24.0,-4.0,2.1,24.0,24.1,24.6,22.7,-0.0,DRY,ON,20.0,20.0,20.0,Dry Forecast,Forecast dry. Recommend watering soon; pump stays OFF because ML_CONTROL_MODE=recommend.,Forecast Dry,,"Forecast Dry,DRY;TELEGRAM_SENT:Forecast Dry,DRY",OK
2026-06-19 23:55:38,32.0,55.0,20.0,24.0,-4.0,2.1,24.0,24.1,24.6,22.7,-0.0,DRY,ON,20.0,20.0,20.0,Dry Forecast,Forecast dry. Recommend watering soon; pump stays OFF because ML_CONTROL_MODE=recommend.,Forecast Dry,,"Forecast Dry,DRY;TELEGRAM_COOLDOWN:Forecast Dry,DRY",OK
2026-06-19 23:55:45,32.0,55.0,20.0,24.0,-4.0,2.1,24.0,24.1,24.6,22.7,-0.0,DRY,ON,20.0,20.0,20.0,Dry Forecast,Forecast dry. Recommend watering soon; pump stays OFF because ML_CONTROL_MODE=recommend.,Forecast Dry,,"Forecast Dry,DRY;TELEGRAM_SENT:Forecast Dry,DRY",OK
2026-06-19 23:55:51,32.0,55.0,20.0,24.0,-4.0,2.1,24.0,24.1,24.6,22.7,-0.0,DRY,ON,20.0,20.0,20.0,Dry Forecast,Forecast dry. Recommend watering soon; pump stays OFF because ML_CONTROL_MODE=recommend.,Forecast Dry,,"Forecast Dry,DRY;TELEGRAM_COOLDOWN:Forecast Dry,DRY",OK
2026-06-19 23:55:56,32.0,55.0,20.0,24.0,-4.0,2.1,24.0,24.1,24.6,22.7,-0.0,DRY,ON,20.0,20.0,20.0,Dry Forecast,Forecast dry. Recommend watering soon; pump stays OFF because ML_CONTROL_MODE=recommend.,Forecast Dry,,"Forecast Dry,DRY;TELEGRAM_SENT:Forecast Dry,DRY",OK
2026-06-19 23:56:02,32.0,55.0,20.0,24.0,-4.0,2.1,24.0,24.1,24.6,22.7,-0.0,DRY,ON,20.0,20.0,20.0,Dry Forecast,Forecast dry. Recommend watering soon; pump stays OFF because ML_CONTROL_MODE=recommend.,Forecast Dry,,"Forecast Dry,DRY;TELEGRAM_COOLDOWN:Forecast Dry,DRY",OK
2026-06-19 23:56:07,32.0,55.0,20.0,24.0,-4.0,2.1,24.0,24.1,24.6,22.7,-0.0,DRY,ON,20.0,20.0,20.0,Dry Forecast,Forecast dry. Recommend watering soon; pump stays OFF because ML_CONTROL_MODE=recommend.,Forecast Dry,,"Forecast Dry,DRY;TELEGRAM_SENT:Forecast Dry,DRY",OK
2026-06-19 23:56:13,32.0,55.0,20.0,24.0,-4.0,2.1,24.0,24.1,24.6,22.7,-0.0,DRY,ON,20.0,20.0,20.0,Dry Forecast,Forecast dry. Recommend watering soon; pump stays OFF because ML_CONTROL_MODE=recommend.,Forecast Dry,,"Forecast Dry,DRY;TELEGRAM_COOLDOWN:Forecast Dry,DRY",OK
2026-06-19 23:56:19,32.0,55.0,20.0,24.0,-4.0,2.1,24.0,24.1,24.6,22.7,-0.0,DRY,ON,20.0,20.0,20.0,Dry Forecast,Forecast dry. Recommend watering soon; pump stays OFF because ML_CONTROL_MODE=recommend.,Forecast Dry,,"Forecast Dry,DRY;TELEGRAM_SENT:Forecast Dry,DRY",OK
2026-06-19 23:56:25,32.0,55.0,20.0,24.0,-4.0,2.1,24.0,24.1,24.6,22.7,-0.0,DRY,ON,20.0,20.0,20.0,Dry Forecast,Forecast dry. Recommend watering soon; pump stays OFF because ML_CONTROL_MODE=recommend.,Forecast Dry,,"Forecast Dry,DRY;TELEGRAM_COOLDOWN:Forecast Dry,DRY",OK
2026-06-19 23:56:30,32.0,55.0,20.0,24.0,-4.0,2.1,24.0,24.1,24.6,22.7,-0.0,DRY,ON,20.0,20.0,20.0,Dry Forecast,Forecast dry. Recommend watering soon; pump stays OFF because ML_CONTROL_MODE=recommend.,Forecast Dry,,"Forecast Dry,DRY;TELEGRAM_SENT:Forecast Dry,DRY",OK
2026-06-19 23:56:36,32.0,55.0,20.0,24.0,-4.0,2.1,24.0,24.1,24.6,22.7,-0.0,DRY,ON,20.0,20.0,20.0,Dry Forecast,Forecast dry. Recommend watering soon; pump stays OFF because ML_CONTROL_MODE=recommend.,Forecast Dry,,"Forecast Dry,DRY;TELEGRAM_COOLDOWN:Forecast Dry,DRY",OK
2026-06-19 23:56:41,32.0,55.0,20.0,24.0,-4.0,2.1,24.0,24.1,24.6,22.7,-0.0,DRY,ON,20.0,20.0,20.0,Dry Forecast,Forecast dry. Recommend watering soon; pump stays OFF because ML_CONTROL_MODE=recommend.,Forecast Dry,,"Forecast Dry,DRY;TELEGRAM_SENT:Forecast Dry,DRY",OK
2026-06-19 23:56:49,32.0,55.0,20.0,24.0,-4.0,2.1,24.0,24.1,24.6,22.7,-0.0,DRY,ON,20.0,20.0,20.0,Dry Forecast,Forecast dry. Recommend watering soon; pump stays OFF because ML_CONTROL_MODE=recommend.,Forecast Dry,,"Forecast Dry,DRY;TELEGRAM_COOLDOWN:Forecast Dry,DRY",OK
2026-06-19 23:56:54,32.0,55.0,20.0,24.0,-4.0,2.1,24.0,24.1,24.6,22.7,-0.0,DRY,ON,20.0,20.0,20.0,Dry Forecast,Forecast dry. Recommend watering soon; pump stays OFF because ML_CONTROL_MODE=recommend.,Forecast Dry,,"Forecast Dry,DRY;TELEGRAM_SENT:Forecast Dry,DRY",OK
2026-06-19 23:56:59,32.0,55.0,20.0,24.0,-4.0,2.1,24.0,24.1,24.6,22.7,-0.0,DRY,ON,20.0,20.0,20.0,Dry Forecast,Forecast dry. Recommend watering soon; pump stays OFF because ML_CONTROL_MODE=recommend.,Forecast Dry,,"Forecast Dry,DRY;TELEGRAM_COOLDOWN:Forecast Dry,DRY",OK
2026-06-19 23:57:04,32.0,55.0,20.0,24.0,-4.0,2.1,24.0,24.1,24.6,22.7,-0.0,DRY,ON,20.0,20.0,20.0,Dry Forecast,Forecast dry. Recommend watering soon; pump stays OFF because ML_CONTROL_MODE=recommend.,Forecast Dry,,"Forecast Dry,DRY;TELEGRAM_SENT:Forecast Dry,DRY",OK
2026-06-19 23:57:10,32.0,55.0,20.0,24.0,-4.0,2.1,24.0,24.1,24.6,22.7,-0.0,DRY,ON,20.0,20.0,20.0,Dry Forecast,Forecast dry. Recommend watering soon; pump stays OFF because ML_CONTROL_MODE=recommend.,Forecast Dry,,"Forecast Dry,DRY;TELEGRAM_COOLDOWN:Forecast Dry,DRY",OK
2026-06-19 23:57:15,32.0,55.0,20.0,24.0,-4.0,2.1,24.0,24.1,24.6,22.7,-0.0,DRY,ON,20.0,20.0,20.0,Dry Forecast,Forecast dry. Recommend watering soon; pump stays OFF because ML_CONTROL_MODE=recommend.,Forecast Dry,,"Forecast Dry,DRY;TELEGRAM_SENT:Forecast Dry,DRY",OK
2026-06-19 23:57:23,32.0,55.0,20.0,24.0,-4.0,2.1,24.0,24.1,24.6,22.7,-0.0,DRY,ON,20.0,20.0,20.0,Dry Forecast,Forecast dry. Recommend watering soon; pump stays OFF because ML_CONTROL_MODE=recommend.,Forecast Dry,,"Forecast Dry,DRY;TELEGRAM_COOLDOWN:Forecast Dry,DRY",OK
2026-06-19 23:57:28,32.0,55.0,20.0,24.0,-4.0,2.1,24.0,24.1,24.6,22.7,-0.0,DRY,ON,20.0,20.0,20.0,Dry Forecast,Forecast dry. Recommend watering soon; pump stays OFF because ML_CONTROL_MODE=recommend.,Forecast Dry,,"Forecast Dry,DRY;TELEGRAM_SENT:Forecast Dry,DRY",OK
2026-06-19 23:57:34,32.0,55.0,20.0,24.0,-4.0,2.1,24.0,24.1,24.6,22.7,-0.0,DRY,ON,20.0,20.0,20.0,Dry Forecast,Forecast dry. Recommend watering soon; pump stays OFF because ML_CONTROL_MODE=recommend.,Forecast Dry,,"Forecast Dry,DRY;TELEGRAM_COOLDOWN:Forecast Dry,DRY",OK
2026-06-19 23:57:39,32.0,55.0,20.0,24.0,-4.0,2.1,24.0,24.1,24.6,22.7,-0.0,DRY,ON,20.0,20.0,20.0,Dry Forecast,Forecast dry. Recommend watering soon; pump stays OFF because ML_CONTROL_MODE=recommend.,Forecast Dry,,"Forecast Dry,DRY;TELEGRAM_SENT:Forecast Dry,DRY",OK
2026-06-19 23:57:45,32.0,55.0,20.0,24.0,-4.0,2.1,24.0,24.1,24.6,22.7,-0.0,DRY,ON,20.0,20.0,20.0,Dry Forecast,Forecast dry. Recommend watering soon; pump stays OFF because ML_CONTROL_MODE=recommend.,Forecast Dry,,"Forecast Dry,DRY;TELEGRAM_COOLDOWN:Forecast Dry,DRY",OK
2026-06-19 23:57:50,32.0,55.0,20.0,24.0,-4.0,2.1,24.0,24.1,24.6,22.7,-0.0,DRY,ON,20.0,20.0,20.0,Dry Forecast,Forecast dry. Recommend watering soon; pump stays OFF because ML_CONTROL_MODE=recommend.,Forecast Dry,,"Forecast Dry,DRY;TELEGRAM_SENT:Forecast Dry,DRY",OK
2026-06-19 23:57:58,32.0,55.0,20.0,24.0,-4.0,2.1,24.0,24.1,24.6,22.7,-0.0,DRY,ON,20.0,20.0,20.0,Dry Forecast,Forecast dry. Recommend watering soon; pump stays OFF because ML_CONTROL_MODE=recommend.,Forecast Dry,,"Forecast Dry,DRY;TELEGRAM_COOLDOWN:Forecast Dry,DRY",OK
2026-06-19 23:58:03,32.0,55.0,20.0,24.0,-4.0,2.1,24.0,24.1,24.6,22.7,-0.0,DRY,ON,20.0,20.0,20.0,Dry Forecast,Forecast dry. Recommend watering soon; pump stays OFF because ML_CONTROL_MODE=recommend.,Forecast Dry,,"Forecast Dry,DRY;TELEGRAM_SENT:Forecast Dry,DRY",OK
2026-06-19 23:58:09,32.0,55.0,20.0,24.0,-4.0,2.1,24.0,24.1,24.6,22.7,-0.0,DRY,ON,20.0,20.0,20.0,Dry Forecast,Forecast dry. Recommend watering soon; pump stays OFF because ML_CONTROL_MODE=recommend.,Forecast Dry,,"Forecast Dry,DRY;TELEGRAM_COOLDOWN:Forecast Dry,DRY",OK
2026-06-19 23:58:14,32.0,55.0,20.0,24.0,-4.0,2.1,24.0,24.1,24.6,22.7,-0.0,DRY,ON,20.0,20.0,20.0,Dry Forecast,Forecast dry. Recommend watering soon; pump stays OFF because ML_CONTROL_MODE=recommend.,Forecast Dry,,"Forecast Dry,DRY;TELEGRAM_SENT:Forecast Dry,DRY",OK
2026-06-19 23:58:19,32.0,55.0,20.0,24.0,-4.0,2.1,24.0,24.1,24.6,22.7,-0.0,DRY,ON,20.0,20.0,20.0,Dry Forecast,Forecast dry. Recommend watering soon; pump stays OFF because ML_CONTROL_MODE=recommend.,Forecast Dry,,"Forecast Dry,DRY;TELEGRAM_COOLDOWN:Forecast Dry,DRY",OK
2026-06-19 23:58:24,32.0,55.0,20.0,24.0,-4.0,2.1,24.0,24.1,24.6,22.7,-0.0,DRY,ON,20.0,20.0,20.0,Dry Forecast,Forecast dry. Recommend watering soon; pump stays OFF because ML_CONTROL_MODE=recommend.,Forecast Dry,,"Forecast Dry,DRY;TELEGRAM_SENT:Forecast Dry,DRY",OK
2026-06-19 23:58:32,32.0,55.0,20.0,24.0,-4.0,2.1,24.0,24.1,24.6,22.7,-0.0,DRY,ON,20.0,20.0,20.0,Dry Forecast,Forecast dry. Recommend watering soon; pump stays OFF because ML_CONTROL_MODE=recommend.,Forecast Dry,,"Forecast Dry,DRY;TELEGRAM_COOLDOWN:Forecast Dry,DRY",OK
2026-06-19 23:58:37,32.0,55.0,20.0,24.0,-4.0,2.1,24.0,24.1,24.6,22.7,-0.0,DRY,ON,20.0,20.0,20.0,Dry Forecast,Forecast dry. Recommend watering soon; pump stays OFF because ML_CONTROL_MODE=recommend.,Forecast Dry,,"Forecast Dry,DRY;TELEGRAM_SENT:Forecast Dry,DRY",OK
2026-06-19 23:58:43,32.0,55.0,20.0,24.0,-4.0,2.1,24.0,24.1,24.6,22.7,-0.0,DRY,ON,20.0,20.0,20.0,Dry Forecast,Forecast dry. Recommend watering soon; pump stays OFF because ML_CONTROL_MODE=recommend.,Forecast Dry,,"Forecast Dry,DRY;TELEGRAM_COOLDOWN:Forecast Dry,DRY",OK
2026-06-19 23:58:48,32.0,55.0,20.0,24.0,-4.0,2.1,24.0,24.1,24.6,22.7,-0.0,DRY,ON,20.0,20.0,20.0,Dry Forecast,Forecast dry. Recommend watering soon; pump stays OFF because ML_CONTROL_MODE=recommend.,Forecast Dry,,"Forecast Dry,DRY;TELEGRAM_SENT:Forecast Dry,DRY",OK
2026-06-19 23:58:54,32.0,55.0,20.0,24.0,-4.0,2.1,24.0,24.1,24.6,22.7,-0.0,DRY,ON,20.0,20.0,20.0,Dry Forecast,Forecast dry. Recommend watering soon; pump stays OFF because ML_CONTROL_MODE=recommend.,Forecast Dry,,"Forecast Dry,DRY;TELEGRAM_COOLDOWN:Forecast Dry,DRY",OK
2026-06-19 23:58:59,32.0,55.0,20.0,24.0,-4.0,2.1,24.0,24.1,24.6,22.7,-0.0,DRY,ON,20.0,20.0,20.0,Dry Forecast,Forecast dry. Recommend watering soon; pump stays OFF because ML_CONTROL_MODE=recommend.,Forecast Dry,,"Forecast Dry,DRY;TELEGRAM_SENT:Forecast Dry,DRY",OK
2026-06-19 23:59:06,32.0,55.0,20.0,24.0,-4.0,2.1,24.0,24.1,24.6,22.7,-0.0,DRY,ON,20.0,20.0,20.0,Dry Forecast,Forecast dry. Recommend watering soon; pump stays OFF because ML_CONTROL_MODE=recommend.,Forecast Dry,,"Forecast Dry,DRY;TELEGRAM_COOLDOWN:Forecast Dry,DRY",OK
2026-06-19 23:59:12,32.0,55.0,20.0,24.0,-4.0,2.1,24.0,24.1,24.6,22.7,-0.0,DRY,ON,20.0,20.0,20.0,Dry Forecast,Forecast dry. Recommend watering soon; pump stays OFF because ML_CONTROL_MODE=recommend.,Forecast Dry,,"Forecast Dry,DRY;TELEGRAM_SENT:Forecast Dry,DRY",OK
2026-06-19 23:59:17,32.0,55.0,20.0,24.0,-4.0,2.1,24.0,24.1,24.6,22.7,-0.0,DRY,ON,20.0,20.0,20.0,Dry Forecast,Forecast dry. Recommend watering soon; pump stays OFF because ML_CONTROL_MODE=recommend.,Forecast Dry,,"Forecast Dry,DRY;TELEGRAM_COOLDOWN:Forecast Dry,DRY",OK
2026-06-19 23:59:22,32.0,55.0,20.0,24.0,-4.0,2.1,24.0,24.1,24.6,22.7,-0.0,DRY,ON,20.0,20.0,20.0,Dry Forecast,Forecast dry. Recommend watering soon; pump stays OFF because ML_CONTROL_MODE=recommend.,Forecast Dry,,"Forecast Dry,DRY;TELEGRAM_SENT:Forecast Dry,DRY",OK
2026-06-19 23:59:28,32.0,55.0,20.0,24.0,-4.0,2.1,24.0,24.1,24.6,22.7,-0.0,DRY,ON,20.0,20.0,20.0,Dry Forecast,Forecast dry. Recommend watering soon; pump stays OFF because ML_CONTROL_MODE=recommend.,Forecast Dry,,"Forecast Dry,DRY;TELEGRAM_COOLDOWN:Forecast Dry,DRY",OK
2026-06-19 23:59:33,32.0,55.0,20.0,24.0,-4.0,2.1,24.0,24.1,24.6,22.7,-0.0,DRY,ON,20.0,20.0,20.0,Dry Forecast,Forecast dry. Recommend watering soon; pump stays OFF because ML_CONTROL_MODE=recommend.,Forecast Dry,,"Forecast Dry,DRY;TELEGRAM_SENT:Forecast Dry,DRY",OK
2026-06-19 23:59:41,32.0,55.0,20.0,24.0,-4.0,2.1,24.0,24.1,24.6,22.7,-0.0,DRY,ON,20.0,20.0,20.0,Dry Forecast,Forecast dry. Recommend watering soon; pump stays OFF because ML_CONTROL_MODE=recommend.,Forecast Dry,,"Forecast Dry,DRY;TELEGRAM_COOLDOWN:Forecast Dry,DRY",OK
2026-06-19 23:59:46,32.0,55.0,20.0,24.0,-4.0,2.1,24.0,24.1,24.6,22.7,-0.0,DRY,ON,20.0,20.0,20.0,Dry Forecast,Forecast dry. Recommend watering soon; pump stays OFF because ML_CONTROL_MODE=recommend.,Forecast Dry,,"Forecast Dry,DRY;TELEGRAM_SENT:Forecast Dry,DRY",OK
2026-06-19 23:59:52,32.0,55.0,20.0,24.0,-4.0,2.1,24.0,24.1,24.6,22.7,-0.0,DRY,ON,20.0,20.0,20.0,Dry Forecast,Forecast dry. Recommend watering soon; pump stays OFF because ML_CONTROL_MODE=recommend.,Forecast Dry,,"Forecast Dry,DRY;TELEGRAM_COOLDOWN:Forecast Dry,DRY",OK
2026-06-19 23:59:57,32.0,55.0,20.0,24.0,-4.0,2.1,24.0,24.1,24.6,22.7,-0.0,DRY,ON,20.0,20.0,20.0,Dry Forecast,Forecast dry. Recommend watering soon; pump stays OFF because ML_CONTROL_MODE=recommend.,Forecast Dry,,"Forecast Dry,DRY;TELEGRAM_SENT:Forecast Dry,DRY",OK
2026-06-20 00:00:02,32.0,55.0,20.0,24.0,-4.0,2.1,24.0,24.1,24.6,22.7,-0.0,DRY,ON,20.0,20.0,20.0,Dry Forecast,Forecast dry. Recommend watering soon; pump stays OFF because ML_CONTROL_MODE=recommend.,Forecast Dry,,"Forecast Dry,DRY;TELEGRAM_COOLDOWN:Forecast Dry,DRY",OK
2026-06-20 00:00:07,32.0,55.0,20.0,24.0,-4.0,2.1,24.0,24.1,24.6,22.7,-0.0,DRY,ON,20.0,20.0,20.0,Dry Forecast,Forecast dry. Recommend watering soon; pump stays OFF because ML_CONTROL_MODE=recommend.,Forecast Dry,,"Forecast Dry,DRY;TELEGRAM_SENT:Forecast Dry,DRY",OK
2026-06-20 00:00:16,32.0,55.0,20.0,24.0,-4.0,2.1,24.0,24.1,24.6,22.7,-0.0,DRY,ON,20.0,20.0,20.0,Dry Forecast,Forecast dry. Recommend watering soon; pump stays OFF because ML_CONTROL_MODE=recommend.,Forecast Dry,,"Forecast Dry,DRY;TELEGRAM_COOLDOWN:Forecast Dry,DRY",OK
2026-06-20 00:00:21,32.0,55.0,20.0,24.0,-4.0,2.1,24.0,24.1,24.6,22.7,-0.0,DRY,ON,20.0,20.0,20.0,Dry Forecast,Forecast dry. Recommend watering soon; pump stays OFF because ML_CONTROL_MODE=recommend.,Forecast Dry,,"Forecast Dry,DRY;TELEGRAM_SENT:Forecast Dry,DRY",OK
2026-06-20 00:00:27,32.0,55.0,20.0,24.0,-4.0,2.1,24.0,24.1,24.6,22.7,-0.0,DRY,ON,20.0,20.0,20.0,Dry Forecast,Forecast dry. Recommend watering soon; pump stays OFF because ML_CONTROL_MODE=recommend.,Forecast Dry,,"Forecast Dry,DRY;TELEGRAM_COOLDOWN:Forecast Dry,DRY",OK
2026-06-20 00:00:32,32.0,55.0,20.0,24.0,-4.0,2.1,24.0,24.1,24.6,22.7,-0.0,DRY,ON,20.0,20.0,20.0,Dry Forecast,Forecast dry. Recommend watering soon; pump stays OFF because ML_CONTROL_MODE=recommend.,Forecast Dry,,"Forecast Dry,DRY;TELEGRAM_SENT:Forecast Dry,DRY",OK
2026-06-20 00:00:37,32.0,55.0,20.0,24.0,-4.0,2.1,24.0,24.1,24.6,22.7,-0.0,DRY,ON,20.0,20.0,20.0,Dry Forecast,Forecast dry. Recommend watering soon; pump stays OFF because ML_CONTROL_MODE=recommend.,Forecast Dry,,"Forecast Dry,DRY;TELEGRAM_COOLDOWN:Forecast Dry,DRY",OK
2026-06-20 00:00:42,32.0,55.0,20.0,24.0,-4.0,2.1,24.0,24.1,24.6,22.7,-0.0,DRY,ON,20.0,20.0,20.0,Dry Forecast,Forecast dry. Recommend watering soon; pump stays OFF because ML_CONTROL_MODE=recommend.,Forecast Dry,,"Forecast Dry,DRY;TELEGRAM_SENT:Forecast Dry,DRY",OK
2026-06-20 00:00:50,32.0,55.0,20.0,24.0,-4.0,2.1,24.0,24.1,24.6,22.7,-0.0,DRY,ON,20.0,20.0,20.0,Dry Forecast,Forecast dry. Recommend watering soon; pump stays OFF because ML_CONTROL_MODE=recommend.,Forecast Dry,,"Forecast Dry,DRY;TELEGRAM_COOLDOWN:Forecast Dry,DRY",OK
2026-06-20 00:00:55,32.0,55.0,20.0,24.0,-4.0,2.1,24.0,24.1,24.6,22.7,-0.0,DRY,ON,20.0,20.0,20.0,Dry Forecast,Forecast dry. Recommend watering soon; pump stays OFF because ML_CONTROL_MODE=recommend.,Forecast Dry,,"Forecast Dry,DRY;TELEGRAM_SENT:Forecast Dry,DRY",OK
2026-06-20 00:01:01,32.0,55.0,20.0,24.0,-4.0,2.1,24.0,24.1,24.6,22.7,-0.0,DRY,ON,20.0,20.0,20.0,Dry Forecast,Forecast dry. Recommend watering soon; pump stays OFF because ML_CONTROL_MODE=recommend.,Forecast Dry,,"Forecast Dry,DRY;TELEGRAM_COOLDOWN:Forecast Dry,DRY",OK
2026-06-20 00:01:06,32.0,55.0,20.0,24.0,-4.0,2.1,24.0,24.1,24.6,22.7,-0.0,DRY,ON,20.0,20.0,20.0,Dry Forecast,Forecast dry. Recommend watering soon; pump stays OFF because ML_CONTROL_MODE=recommend.,Forecast Dry,,"Forecast Dry,DRY;TELEGRAM_SENT:Forecast Dry,DRY",OK
2026-06-20 00:01:11,32.0,55.0,20.0,24.0,-4.0,2.1,24.0,24.1,24.6,22.7,-0.0,DRY,ON,20.0,20.0,20.0,Dry Forecast,Forecast dry. Recommend watering soon; pump stays OFF because ML_CONTROL_MODE=recommend.,Forecast Dry,,"Forecast Dry,DRY;TELEGRAM_COOLDOWN:Forecast Dry,DRY",OK
2026-06-20 00:01:16,32.0,55.0,20.0,24.0,-4.0,2.1,24.0,24.1,24.6,22.7,-0.0,DRY,ON,20.0,20.0,20.0,Dry Forecast,Forecast dry. Recommend watering soon; pump stays OFF because ML_CONTROL_MODE=recommend.,Forecast Dry,,"Forecast Dry,DRY;TELEGRAM_SENT:Forecast Dry,DRY",OK
2026-06-20 00:01:24,32.0,55.0,20.0,24.0,-4.0,2.1,24.0,24.1,24.6,22.7,-0.0,DRY,ON,20.0,20.0,20.0,Dry Forecast,Forecast dry. Recommend watering soon; pump stays OFF because ML_CONTROL_MODE=recommend.,Forecast Dry,,"Forecast Dry,DRY;TELEGRAM_COOLDOWN:Forecast Dry,DRY",OK
2026-06-20 00:01:29,32.0,55.0,20.0,24.0,-4.0,2.1,24.0,24.1,24.6,22.7,-0.0,DRY,ON,20.0,20.0,20.0,Dry Forecast,Forecast dry. Recommend watering soon; pump stays OFF because ML_CONTROL_MODE=recommend.,Forecast Dry,,"Forecast Dry,DRY;TELEGRAM_SENT:Forecast Dry,DRY",OK
2026-06-20 00:01:35,32.0,55.0,20.0,24.0,-4.0,2.1,24.0,24.1,24.6,22.7,-0.0,DRY,ON,20.0,20.0,20.0,Dry Forecast,Forecast dry. Recommend watering soon; pump stays OFF because ML_CONTROL_MODE=recommend.,Forecast Dry,,"Forecast Dry,DRY;TELEGRAM_COOLDOWN:Forecast Dry,DRY",OK
2026-06-20 00:01:40,32.0,55.0,20.0,24.0,-4.0,2.1,24.0,24.1,24.6,22.7,-0.0,DRY,ON,20.0,20.0,20.0,Dry Forecast,Forecast dry. Recommend watering soon; pump stays OFF because ML_CONTROL_MODE=recommend.,Forecast Dry,,"Forecast Dry,DRY;TELEGRAM_SENT:Forecast Dry,DRY",OK
2026-06-20 00:01:46,32.0,55.0,20.0,24.0,-4.0,2.1,24.0,24.1,24.6,22.7,-0.0,DRY,ON,20.0,20.0,20.0,Dry Forecast,Forecast dry. Recommend watering soon; pump stays OFF because ML_CONTROL_MODE=recommend.,Forecast Dry,,"Forecast Dry,DRY;TELEGRAM_COOLDOWN:Forecast Dry,DRY",OK
2026-06-20 00:01:51,32.0,55.0,20.0,24.0,-4.0,2.1,24.0,24.1,24.6,22.7,-0.0,DRY,ON,20.0,20.0,20.0,Dry Forecast,Forecast dry. Recommend watering soon; pump stays OFF because ML_CONTROL_MODE=recommend.,Forecast Dry,,"Forecast Dry,DRY;TELEGRAM_SENT:Forecast Dry,DRY",OK
2026-06-20 00:01:58,32.0,55.0,20.0,24.0,-4.0,2.1,24.0,24.1,24.6,22.7,-0.0,DRY,ON,20.0,20.0,20.0,Dry Forecast,Forecast dry. Recommend watering soon; pump stays OFF because ML_CONTROL_MODE=recommend.,Forecast Dry,,"Forecast Dry,DRY;TELEGRAM_COOLDOWN:Forecast Dry,DRY",OK
2026-06-20 00:02:03,32.0,55.0,20.0,24.0,-4.0,2.1,24.0,24.1,24.6,22.7,-0.0,DRY,ON,20.0,20.0,20.0,Dry Forecast,Forecast dry. Recommend watering soon; pump stays OFF because ML_CONTROL_MODE=recommend.,Forecast Dry,,"Forecast Dry,DRY;TELEGRAM_SENT:Forecast Dry,DRY",OK
2026-06-20 00:02:09,32.0,55.0,20.0,24.0,-4.0,2.1,24.0,24.1,24.6,22.7,-0.0,DRY,ON,20.0,20.0,20.0,Dry Forecast,Forecast dry. Recommend watering soon; pump stays OFF because ML_CONTROL_MODE=recommend.,Forecast Dry,,"Forecast Dry,DRY;TELEGRAM_COOLDOWN:Forecast Dry,DRY",OK
2026-06-20 00:02:14,32.0,55.0,20.0,24.0,-4.0,2.1,24.0,24.1,24.6,22.7,-0.0,DRY,ON,20.0,20.0,20.0,Dry Forecast,Forecast dry. Recommend watering soon; pump stays OFF because ML_CONTROL_MODE=recommend.,Forecast Dry,,"Forecast Dry,DRY;TELEGRAM_SENT:Forecast Dry,DRY",OK
2026-06-20 00:02:19,32.0,55.0,20.0,24.0,-4.0,2.1,24.0,24.1,24.6,22.7,-0.0,DRY,ON,20.0,20.0,20.0,Dry Forecast,Forecast dry. Recommend watering soon; pump stays OFF because ML_CONTROL_MODE=recommend.,Forecast Dry,,"Forecast Dry,DRY;TELEGRAM_COOLDOWN:Forecast Dry,DRY",OK
2026-06-20 00:02:24,32.0,55.0,20.0,24.0,-4.0,2.1,24.0,24.1,24.6,22.7,-0.0,DRY,ON,20.0,20.0,20.0,Dry Forecast,Forecast dry. Recommend watering soon; pump stays OFF because ML_CONTROL_MODE=recommend.,Forecast Dry,,"Forecast Dry,DRY;TELEGRAM_SENT:Forecast Dry,DRY",OK
2026-06-20 00:02:32,32.0,55.0,20.0,24.0,-4.0,2.1,24.0,24.1,24.6,22.7,-0.0,DRY,ON,20.0,20.0,20.0,Dry Forecast,Forecast dry. Recommend watering soon; pump stays OFF because ML_CONTROL_MODE=recommend.,Forecast Dry,,"Forecast Dry,DRY;TELEGRAM_COOLDOWN:Forecast Dry,DRY",OK
2026-06-20 00:02:37,32.0,55.0,20.0,24.0,-4.0,2.1,24.0,24.1,24.6,22.7,-0.0,DRY,ON,20.0,20.0,20.0,Dry Forecast,Forecast dry. Recommend watering soon; pump stays OFF because ML_CONTROL_MODE=recommend.,Forecast Dry,,"Forecast Dry,DRY;TELEGRAM_SENT:Forecast Dry,DRY",OK
2026-06-20 00:02:43,32.0,55.0,20.0,24.0,-4.0,2.1,24.0,24.1,24.6,22.7,-0.0,DRY,ON,20.0,20.0,20.0,Dry Forecast,Forecast dry. Recommend watering soon; pump stays OFF because ML_CONTROL_MODE=recommend.,Forecast Dry,,"Forecast Dry,DRY;TELEGRAM_COOLDOWN:Forecast Dry,DRY",OK
2026-06-20 00:02:48,32.0,55.0,20.0,24.0,-4.0,2.1,24.0,24.1,24.6,22.7,-0.0,DRY,ON,20.0,20.0,20.0,Dry Forecast,Forecast dry. Recommend watering soon; pump stays OFF because ML_CONTROL_MODE=recommend.,Forecast Dry,,"Forecast Dry,DRY;TELEGRAM_SENT:Forecast Dry,DRY",OK
2026-06-20 00:02:54,32.0,55.0,20.0,24.0,-4.0,2.1,24.0,24.1,24.6,22.7,-0.0,DRY,ON,20.0,20.0,20.0,Dry Forecast,Forecast dry. Recommend watering soon; pump stays OFF because ML_CONTROL_MODE=recommend.,Forecast Dry,,"Forecast Dry,DRY;TELEGRAM_COOLDOWN:Forecast Dry,DRY",OK
2026-06-20 00:02:59,32.0,55.0,20.0,24.0,-4.0,2.1,24.0,24.1,24.6,22.7,-0.0,DRY,ON,20.0,20.0,20.0,Dry Forecast,Forecast dry. Recommend watering soon; pump stays OFF because ML_CONTROL_MODE=recommend.,Forecast Dry,,"Forecast Dry,DRY;TELEGRAM_SENT:Forecast Dry,DRY",OK
2026-06-20 00:03:06,32.0,55.0,20.0,24.0,-4.0,2.1,24.0,24.1,24.6,22.7,-0.0,DRY,ON,20.0,20.0,20.0,Dry Forecast,Forecast dry. Recommend watering soon; pump stays OFF because ML_CONTROL_MODE=recommend.,Forecast Dry,,"Forecast Dry,DRY;TELEGRAM_COOLDOWN:Forecast Dry,DRY",OK
2026-06-20 00:03:11,32.0,55.0,20.0,24.0,-4.0,2.1,24.0,24.1,24.6,22.7,-0.0,DRY,ON,20.0,20.0,20.0,Dry Forecast,Forecast dry. Recommend watering soon; pump stays OFF because ML_CONTROL_MODE=recommend.,Forecast Dry,,"Forecast Dry,DRY;TELEGRAM_SENT:Forecast Dry,DRY",OK
2026-06-20 00:03:17,32.0,55.0,20.0,24.0,-4.0,2.1,24.0,24.1,24.6,22.7,-0.0,DRY,ON,20.0,20.0,20.0,Dry Forecast,Forecast dry. Recommend watering soon; pump stays OFF because ML_CONTROL_MODE=recommend.,Forecast Dry,,"Forecast Dry,DRY;TELEGRAM_COOLDOWN:Forecast Dry,DRY",OK
2026-06-20 00:03:22,32.0,55.0,20.0,24.0,-4.0,2.1,24.0,24.1,24.6,22.7,-0.0,DRY,ON,20.0,20.0,20.0,Dry Forecast,Forecast dry. Recommend watering soon; pump stays OFF because ML_CONTROL_MODE=recommend.,Forecast Dry,,"Forecast Dry,DRY;TELEGRAM_SENT:Forecast Dry,DRY",OK
2026-06-20 00:03:27,32.0,55.0,20.0,24.0,-4.0,2.1,24.0,24.1,24.6,22.7,-0.0,DRY,ON,20.0,20.0,20.0,Dry Forecast,Forecast dry. Recommend watering soon; pump stays OFF because ML_CONTROL_MODE=recommend.,Forecast Dry,,"Forecast Dry,DRY;TELEGRAM_COOLDOWN:Forecast Dry,DRY",OK
2026-06-20 00:03:32,32.0,55.0,20.0,24.0,-4.0,2.1,24.0,24.1,24.6,22.7,-0.0,DRY,ON,20.0,20.0,20.0,Dry Forecast,Forecast dry. Recommend watering soon; pump stays OFF because ML_CONTROL_MODE=recommend.,Forecast Dry,,"Forecast Dry,DRY;TELEGRAM_SENT:Forecast Dry,DRY",OK
2026-06-20 00:03:40,32.0,55.0,20.0,24.0,-4.0,2.1,24.0,24.1,24.6,22.7,-0.0,DRY,ON,20.0,20.0,20.0,Dry Forecast,Forecast dry. Recommend watering soon; pump stays OFF because ML_CONTROL_MODE=recommend.,Forecast Dry,,"Forecast Dry,DRY;TELEGRAM_COOLDOWN:Forecast Dry,DRY",OK
2026-06-20 00:03:45,32.0,55.0,20.0,24.0,-4.0,2.1,24.0,24.1,24.6,22.7,-0.0,DRY,ON,20.0,20.0,20.0,Dry Forecast,Forecast dry. Recommend watering soon; pump stays OFF because ML_CONTROL_MODE=recommend.,Forecast Dry,,"Forecast Dry,DRY;TELEGRAM_SENT:Forecast Dry,DRY",OK
2026-06-20 00:03:51,32.0,55.0,20.0,24.0,-4.0,2.1,24.0,24.1,24.6,22.7,-0.0,DRY,ON,20.0,20.0,20.0,Dry Forecast,Forecast dry. Recommend watering soon; pump stays OFF because ML_CONTROL_MODE=recommend.,Forecast Dry,,"Forecast Dry,DRY;TELEGRAM_COOLDOWN:Forecast Dry,DRY",OK
2026-06-20 00:03:56,32.0,55.0,20.0,24.0,-4.0,2.1,24.0,24.1,24.6,22.7,-0.0,DRY,ON,20.0,20.0,20.0,Dry Forecast,Forecast dry. Recommend watering soon; pump stays OFF because ML_CONTROL_MODE=recommend.,Forecast Dry,,"Forecast Dry,DRY;TELEGRAM_SENT:Forecast Dry,DRY",OK
2026-06-20 00:04:01,32.0,55.0,20.0,24.0,-4.0,2.1,24.0,24.1,24.6,22.7,-0.0,DRY,ON,20.0,20.0,20.0,Dry Forecast,Forecast dry. Recommend watering soon; pump stays OFF because ML_CONTROL_MODE=recommend.,Forecast Dry,,"Forecast Dry,DRY;TELEGRAM_COOLDOWN:Forecast Dry,DRY",OK
2026-06-20 00:04:06,32.0,55.0,20.0,24.0,-4.0,2.1,24.0,24.1,24.6,22.7,-0.0,DRY,ON,20.0,20.0,20.0,Dry Forecast,Forecast dry. Recommend watering soon; pump stays OFF because ML_CONTROL_MODE=recommend.,Forecast Dry,,"Forecast Dry,DRY;TELEGRAM_SENT:Forecast Dry,DRY",OK
2026-06-20 00:04:14,32.0,55.0,20.0,24.0,-4.0,2.1,24.0,24.1,24.6,22.7,-0.0,DRY,ON,20.0,20.0,20.0,Dry Forecast,Forecast dry. Recommend watering soon; pump stays OFF because ML_CONTROL_MODE=recommend.,Forecast Dry,,"Forecast Dry,DRY;TELEGRAM_COOLDOWN:Forecast Dry,DRY",OK
2026-06-20 00:04:19,32.0,55.0,20.0,24.0,-4.0,2.1,24.0,24.1,24.6,22.7,-0.0,DRY,ON,20.0,20.0,20.0,Dry Forecast,Forecast dry. Recommend watering soon; pump stays OFF because ML_CONTROL_MODE=recommend.,Forecast Dry,,"Forecast Dry,DRY;TELEGRAM_SENT:Forecast Dry,DRY",OK
2026-06-20 00:04:25,32.0,55.0,20.0,24.0,-4.0,2.1,24.0,24.1,24.6,22.7,-0.0,DRY,ON,20.0,20.0,20.0,Dry Forecast,Forecast dry. Recommend watering soon; pump stays OFF because ML_CONTROL_MODE=recommend.,Forecast Dry,,"Forecast Dry,DRY;TELEGRAM_COOLDOWN:Forecast Dry,DRY",OK
2026-06-20 00:04:30,32.0,55.0,20.0,24.0,-4.0,2.1,24.0,24.1,24.6,22.7,-0.0,DRY,ON,20.0,20.0,20.0,Dry Forecast,Forecast dry. Recommend watering soon; pump stays OFF because ML_CONTROL_MODE=recommend.,Forecast Dry,,"Forecast Dry,DRY;TELEGRAM_SENT:Forecast Dry,DRY",OK
2026-06-20 00:04:36,32.0,55.0,20.0,24.0,-4.0,2.1,24.0,24.1,24.6,22.7,-0.0,DRY,ON,20.0,20.0,20.0,Dry Forecast,Forecast dry. Recommend watering soon; pump stays OFF because ML_CONTROL_MODE=recommend.,Forecast Dry,,"Forecast Dry,DRY;TELEGRAM_COOLDOWN:Forecast Dry,DRY",OK
2026-06-20 00:04:41,32.0,55.0,20.0,24.0,-4.0,2.1,24.0,24.1,24.6,22.7,-0.0,DRY,ON,20.0,20.0,20.0,Dry Forecast,Forecast dry. Recommend watering soon; pump stays OFF because ML_CONTROL_MODE=recommend.,Forecast Dry,,"Forecast Dry,DRY;TELEGRAM_SENT:Forecast Dry,DRY",OK
2026-06-20 00:04:47,32.0,55.0,20.0,24.0,-4.0,2.1,24.0,24.1,24.6,22.7,-0.0,DRY,ON,20.0,20.0,20.0,Dry Forecast,Forecast dry. Recommend watering soon; pump stays OFF because ML_CONTROL_MODE=recommend.,Forecast Dry,,"Forecast Dry,DRY;TELEGRAM_COOLDOWN:Forecast Dry,DRY",OK
2026-06-20 00:04:53,32.0,55.0,20.0,24.0,-4.0,2.1,24.0,24.1,24.6,22.7,-0.0,DRY,ON,20.0,20.0,20.0,Dry Forecast,Forecast dry. Recommend watering soon; pump stays OFF because ML_CONTROL_MODE=recommend.,Forecast Dry,,"Forecast Dry,DRY;TELEGRAM_SENT:Forecast Dry,DRY",OK
2026-06-20 00:04:58,32.0,55.0,20.0,24.0,-4.0,2.1,24.0,24.1,24.6,22.7,-0.0,DRY,ON,20.0,20.0,20.0,Dry Forecast,Forecast dry. Recommend watering soon; pump stays OFF because ML_CONTROL_MODE=recommend.,Forecast Dry,,"Forecast Dry,DRY;TELEGRAM_COOLDOWN:Forecast Dry,DRY",OK
2026-06-20 00:05:03,32.0,55.0,20.0,24.0,-4.0,2.1,24.0,24.1,24.6,22.7,-0.0,DRY,ON,20.0,20.0,20.0,Dry Forecast,Forecast dry. Recommend watering soon; pump stays OFF because ML_CONTROL_MODE=recommend.,Forecast Dry,,"Forecast Dry,DRY;TELEGRAM_SENT:Forecast Dry,DRY",OK
2026-06-20 00:05:09,32.0,55.0,20.0,24.0,-4.0,2.1,24.0,24.1,24.6,22.7,-0.0,DRY,ON,20.0,20.0,20.0,Dry Forecast,Forecast dry. Recommend watering soon; pump stays OFF because ML_CONTROL_MODE=recommend.,Forecast Dry,,"Forecast Dry,DRY;TELEGRAM_COOLDOWN:Forecast Dry,DRY",OK
2026-06-20 00:05:14,32.0,55.0,20.0,24.0,-4.0,2.1,24.0,24.1,24.6,22.7,-0.0,DRY,ON,20.0,20.0,20.0,Dry Forecast,Forecast dry. Recommend watering soon; pump stays OFF because ML_CONTROL_MODE=recommend.,Forecast Dry,,"Forecast Dry,DRY;TELEGRAM_SENT:Forecast Dry,DRY",OK
2026-06-20 00:05:22,32.0,55.0,20.0,24.0,-4.0,2.1,24.0,24.1,24.6,22.7,-0.0,DRY,ON,20.0,20.0,20.0,Dry Forecast,Forecast dry. Recommend watering soon; pump stays OFF because ML_CONTROL_MODE=recommend.,Forecast Dry,,"Forecast Dry,DRY;TELEGRAM_COOLDOWN:Forecast Dry,DRY",OK
2026-06-20 00:05:27,32.0,55.0,20.0,24.0,-4.0,2.1,24.0,24.1,24.6,22.7,-0.0,DRY,ON,20.0,20.0,20.0,Dry Forecast,Forecast dry. Recommend watering soon; pump stays OFF because ML_CONTROL_MODE=recommend.,Forecast Dry,,"Forecast Dry,DRY;TELEGRAM_SENT:Forecast Dry,DRY",OK
2026-06-20 00:05:33,32.0,55.0,20.0,24.0,-4.0,2.1,24.0,24.1,24.6,22.7,-0.0,DRY,ON,20.0,20.0,20.0,Dry Forecast,Forecast dry. Recommend watering soon; pump stays OFF because ML_CONTROL_MODE=recommend.,Forecast Dry,,"Forecast Dry,DRY;TELEGRAM_COOLDOWN:Forecast Dry,DRY",OK
2026-06-20 00:05:38,32.0,55.0,20.0,24.0,-4.0,2.1,24.0,24.1,24.6,22.7,-0.0,DRY,ON,20.0,20.0,20.0,Dry Forecast,Forecast dry. Recommend watering soon; pump stays OFF because ML_CONTROL_MODE=recommend.,Forecast Dry,,"Forecast Dry,DRY;TELEGRAM_SENT:Forecast Dry,DRY",OK
2026-06-20 00:05:43,32.0,55.0,20.0,24.0,-4.0,2.1,24.0,24.1,24.6,22.7,-0.0,DRY,ON,20.0,20.0,20.0,Dry Forecast,Forecast dry. Recommend watering soon; pump stays OFF because ML_CONTROL_MODE=recommend.,Forecast Dry,,"Forecast Dry,DRY;TELEGRAM_COOLDOWN:Forecast Dry,DRY",OK
2026-06-20 00:05:49,32.0,55.0,20.0,24.0,-4.0,2.1,24.0,24.1,24.6,22.7,-0.0,DRY,ON,20.0,20.0,20.0,Dry Forecast,Forecast dry. Recommend watering soon; pump stays OFF because ML_CONTROL_MODE=recommend.,Forecast Dry,,"Forecast Dry,DRY;TELEGRAM_SENT:Forecast Dry,DRY",OK
2026-06-20 00:05:55,32.0,55.0,20.0,24.0,-4.0,2.1,24.0,24.1,24.6,22.7,-0.0,DRY,ON,20.0,20.0,20.0,Dry Forecast,Forecast dry. Recommend watering soon; pump stays OFF because ML_CONTROL_MODE=recommend.,Forecast Dry,,"Forecast Dry,DRY;TELEGRAM_COOLDOWN:Forecast Dry,DRY",OK
2026-06-20 00:06:01,32.0,55.0,20.0,24.0,-4.0,2.1,24.0,24.1,24.6,22.7,-0.0,DRY,ON,20.0,20.0,20.0,Dry Forecast,Forecast dry. Recommend watering soon; pump stays OFF because ML_CONTROL_MODE=recommend.,Forecast Dry,,"Forecast Dry,DRY;TELEGRAM_SENT:Forecast Dry,DRY",OK
2026-06-20 00:06:06,32.0,55.0,20.0,24.0,-4.0,2.1,24.0,24.1,24.6,22.7,-0.0,DRY,ON,20.0,20.0,20.0,Dry Forecast,Forecast dry. Recommend watering soon; pump stays OFF because ML_CONTROL_MODE=recommend.,Forecast Dry,,"Forecast Dry,DRY;TELEGRAM_COOLDOWN:Forecast Dry,DRY",OK
2026-06-20 00:06:11,32.0,55.0,20.0,24.0,-4.0,2.1,24.0,24.1,24.6,22.7,-0.0,DRY,ON,20.0,20.0,20.0,Dry Forecast,Forecast dry. Recommend watering soon; pump stays OFF because ML_CONTROL_MODE=recommend.,Forecast Dry,,"Forecast Dry,DRY;TELEGRAM_SENT:Forecast Dry,DRY",OK
2026-06-20 00:06:17,32.0,55.0,20.0,24.0,-4.0,2.1,24.0,24.1,24.6,22.7,-0.0,DRY,ON,20.0,20.0,20.0,Dry Forecast,Forecast dry. Recommend watering soon; pump stays OFF because ML_CONTROL_MODE=recommend.,Forecast Dry,,"Forecast Dry,DRY;TELEGRAM_COOLDOWN:Forecast Dry,DRY",OK
2026-06-20 00:06:22,32.0,55.0,20.0,24.0,-4.0,2.1,24.0,24.1,24.6,22.7,-0.0,DRY,ON,20.0,20.0,20.0,Dry Forecast,Forecast dry. Recommend watering soon; pump stays OFF because ML_CONTROL_MODE=recommend.,Forecast Dry,,"Forecast Dry,DRY;TELEGRAM_SENT:Forecast Dry,DRY",OK
2026-06-20 00:06:30,32.0,55.0,20.0,24.0,-4.0,2.1,24.0,24.1,24.6,22.7,-0.0,DRY,ON,20.0,20.0,20.0,Dry Forecast,Forecast dry. Recommend watering soon; pump stays OFF because ML_CONTROL_MODE=recommend.,Forecast Dry,,"Forecast Dry,DRY;TELEGRAM_COOLDOWN:Forecast Dry,DRY",OK
2026-06-20 00:06:35,32.0,55.0,20.0,24.0,-4.0,2.1,24.0,24.1,24.6,22.7,-0.0,DRY,ON,20.0,20.0,20.0,Dry Forecast,Forecast dry. Recommend watering soon; pump stays OFF because ML_CONTROL_MODE=recommend.,Forecast Dry,,"Forecast Dry,DRY;TELEGRAM_SENT:Forecast Dry,DRY",OK
2026-06-20 00:06:40,32.0,55.0,20.0,24.0,-4.0,2.1,24.0,24.1,24.6,22.7,-0.0,DRY,ON,20.0,20.0,20.0,Dry Forecast,Forecast dry. Recommend watering soon; pump stays OFF because ML_CONTROL_MODE=recommend.,Forecast Dry,,"Forecast Dry,DRY;TELEGRAM_COOLDOWN:Forecast Dry,DRY",OK
2026-06-20 00:06:45,32.0,55.0,20.0,24.0,-4.0,2.1,24.0,24.1,24.6,22.7,-0.0,DRY,ON,20.0,20.0,20.0,Dry Forecast,Forecast dry. Recommend watering soon; pump stays OFF because ML_CONTROL_MODE=recommend.,Forecast Dry,,"Forecast Dry,DRY;TELEGRAM_SENT:Forecast Dry,DRY",OK
2026-06-20 00:06:51,32.0,55.0,20.0,24.0,-4.0,2.1,24.0,24.1,24.6,22.7,-0.0,DRY,ON,20.0,20.0,20.0,Dry Forecast,Forecast dry. Recommend watering soon; pump stays OFF because ML_CONTROL_MODE=recommend.,Forecast Dry,,"Forecast Dry,DRY;TELEGRAM_COOLDOWN:Forecast Dry,DRY",OK
2026-06-20 00:06:56,32.0,55.0,20.0,24.0,-4.0,2.1,24.0,24.1,24.6,22.7,-0.0,DRY,ON,20.0,20.0,20.0,Dry Forecast,Forecast dry. Recommend watering soon; pump stays OFF because ML_CONTROL_MODE=recommend.,Forecast Dry,,"Forecast Dry,DRY;TELEGRAM_SENT:Forecast Dry,DRY",OK
2026-06-20 00:07:03,32.0,55.0,20.0,24.0,-4.0,2.1,24.0,24.1,24.6,22.7,-0.0,DRY,ON,20.0,20.0,20.0,Dry Forecast,Forecast dry. Recommend watering soon; pump stays OFF because ML_CONTROL_MODE=recommend.,Forecast Dry,,"Forecast Dry,DRY;TELEGRAM_COOLDOWN:Forecast Dry,DRY",OK
2026-06-20 00:07:08,32.0,55.0,20.0,24.0,-4.0,2.1,24.0,24.1,24.6,22.7,-0.0,DRY,ON,20.0,20.0,20.0,Dry Forecast,Forecast dry. Recommend watering soon; pump stays OFF because ML_CONTROL_MODE=recommend.,Forecast Dry,,"Forecast Dry,DRY;TELEGRAM_SENT:Forecast Dry,DRY",OK
2026-06-20 00:07:14,32.0,55.0,20.0,24.0,-4.0,2.1,24.0,24.1,24.6,22.7,-0.0,DRY,ON,20.0,20.0,20.0,Dry Forecast,Forecast dry. Recommend watering soon; pump stays OFF because ML_CONTROL_MODE=recommend.,Forecast Dry,,"Forecast Dry,DRY;TELEGRAM_COOLDOWN:Forecast Dry,DRY",OK
2026-06-20 00:07:19,32.0,55.0,20.0,24.0,-4.0,2.1,24.0,24.1,24.6,22.7,-0.0,DRY,ON,20.0,20.0,20.0,Dry Forecast,Forecast dry. Recommend watering soon; pump stays OFF because ML_CONTROL_MODE=recommend.,Forecast Dry,,"Forecast Dry,DRY;TELEGRAM_SENT:Forecast Dry,DRY",OK
2026-06-20 00:07:25,32.0,55.0,20.0,24.0,-4.0,2.1,24.0,24.1,24.6,22.7,-0.0,DRY,ON,20.0,20.0,20.0,Dry Forecast,Forecast dry. Recommend watering soon; pump stays OFF because ML_CONTROL_MODE=recommend.,Forecast Dry,,"Forecast Dry,DRY;TELEGRAM_COOLDOWN:Forecast Dry,DRY",OK
2026-06-20 00:07:31,32.0,55.0,20.0,24.0,-4.0,2.1,24.0,24.1,24.6,22.7,-0.0,DRY,ON,20.0,20.0,20.0,Dry Forecast,Forecast dry. Recommend watering soon; pump stays OFF because ML_CONTROL_MODE=recommend.,Forecast Dry,,"Forecast Dry,DRY;TELEGRAM_SENT:Forecast Dry,DRY",OK
2026-06-20 00:07:37,32.0,55.0,20.0,24.0,-4.0,2.1,24.0,24.1,24.6,22.7,-0.0,DRY,ON,20.0,20.0,20.0,Dry Forecast,Forecast dry. Recommend watering soon; pump stays OFF because ML_CONTROL_MODE=recommend.,Forecast Dry,,"Forecast Dry,DRY;TELEGRAM_COOLDOWN:Forecast Dry,DRY",OK
2026-06-20 00:07:42,32.0,55.0,20.0,24.0,-4.0,2.1,24.0,24.1,24.6,22.7,-0.0,DRY,ON,20.0,20.0,20.0,Dry Forecast,Forecast dry. Recommend watering soon; pump stays OFF because ML_CONTROL_MODE=recommend.,Forecast Dry,,"Forecast Dry,DRY;TELEGRAM_SENT:Forecast Dry,DRY",OK
2026-06-20 00:07:48,32.0,55.0,20.0,24.0,-4.0,2.1,24.0,24.1,24.6,22.7,-0.0,DRY,ON,20.0,20.0,20.0,Dry Forecast,Forecast dry. Recommend watering soon; pump stays OFF because ML_CONTROL_MODE=recommend.,Forecast Dry,,"Forecast Dry,DRY;TELEGRAM_COOLDOWN:Forecast Dry,DRY",OK
2026-06-20 00:07:53,32.0,55.0,20.0,24.0,-4.0,2.1,24.0,24.1,24.6,22.7,-0.0,DRY,ON,20.0,20.0,20.0,Dry Forecast,Forecast dry. Recommend watering soon; pump stays OFF because ML_CONTROL_MODE=recommend.,Forecast Dry,,"Forecast Dry,DRY;TELEGRAM_SENT:Forecast Dry,DRY",OK
2026-06-20 00:07:59,32.0,55.0,20.0,24.0,-4.0,2.1,24.0,24.1,24.6,22.7,-0.0,DRY,ON,20.0,20.0,20.0,Dry Forecast,Forecast dry. Recommend watering soon; pump stays OFF because ML_CONTROL_MODE=recommend.,Forecast Dry,,"Forecast Dry,DRY;TELEGRAM_COOLDOWN:Forecast Dry,DRY",OK
2026-06-20 00:08:06,32.0,55.0,20.0,24.0,-4.0,2.1,24.0,24.1,24.6,22.7,-0.0,DRY,ON,20.0,20.0,20.0,Dry Forecast,Forecast dry. Recommend watering soon; pump stays OFF because ML_CONTROL_MODE=recommend.,Forecast Dry,,"Forecast Dry,DRY;TELEGRAM_SENT:Forecast Dry,DRY",OK
2026-06-20 00:08:12,32.0,55.0,20.0,24.0,-4.0,2.1,24.0,24.1,24.6,22.7,-0.0,DRY,ON,20.0,20.0,20.0,Dry Forecast,Forecast dry. Recommend watering soon; pump stays OFF because ML_CONTROL_MODE=recommend.,Forecast Dry,,"Forecast Dry,DRY;TELEGRAM_COOLDOWN:Forecast Dry,DRY",OK
2026-06-20 00:08:17,32.0,55.0,20.0,24.0,-4.0,2.1,24.0,24.1,24.6,22.7,-0.0,DRY,ON,20.0,20.0,20.0,Dry Forecast,Forecast dry. Recommend watering soon; pump stays OFF because ML_CONTROL_MODE=recommend.,Forecast Dry,,"Forecast Dry,DRY;TELEGRAM_SENT:Forecast Dry,DRY",OK
2026-06-20 00:08:23,32.0,55.0,20.0,24.0,-4.0,2.1,24.0,24.1,24.6,22.7,-0.0,DRY,ON,20.0,20.0,20.0,Dry Forecast,Forecast dry. Recommend watering soon; pump stays OFF because ML_CONTROL_MODE=recommend.,Forecast Dry,,"Forecast Dry,DRY;TELEGRAM_COOLDOWN:Forecast Dry,DRY",OK
2026-06-20 00:08:28,32.0,55.0,20.0,24.0,-4.0,2.1,24.0,24.1,24.6,22.7,-0.0,DRY,ON,20.0,20.0,20.0,Dry Forecast,Forecast dry. Recommend watering soon; pump stays OFF because ML_CONTROL_MODE=recommend.,Forecast Dry,,"Forecast Dry,DRY;TELEGRAM_SENT:Forecast Dry,DRY",OK
2026-06-20 00:08:34,32.0,55.0,20.0,24.0,-4.0,2.1,24.0,24.1,24.6,22.7,-0.0,DRY,ON,20.0,20.0,20.0,Dry Forecast,Forecast dry. Recommend watering soon; pump stays OFF because ML_CONTROL_MODE=recommend.,Forecast Dry,,"Forecast Dry,DRY;TELEGRAM_COOLDOWN:Forecast Dry,DRY",OK
2026-06-20 00:08:40,32.0,55.0,20.0,24.0,-4.0,2.1,24.0,24.1,24.6,22.7,-0.0,DRY,ON,20.0,20.0,20.0,Dry Forecast,Forecast dry. Recommend watering soon; pump stays OFF because ML_CONTROL_MODE=recommend.,Forecast Dry,,"Forecast Dry,DRY;TELEGRAM_SENT:Forecast Dry,DRY",OK
2026-06-20 00:08:47,32.0,55.0,20.0,24.0,-4.0,2.1,24.0,24.1,24.6,22.7,-0.0,DRY,ON,20.0,20.0,20.0,Dry Forecast,Forecast dry. Recommend watering soon; pump stays OFF because ML_CONTROL_MODE=recommend.,Forecast Dry,,"Forecast Dry,DRY;TELEGRAM_COOLDOWN:Forecast Dry,DRY",OK
2026-06-20 00:08:52,32.0,55.0,20.0,24.0,-4.0,2.1,24.0,24.1,24.6,22.7,-0.0,DRY,ON,20.0,20.0,20.0,Dry Forecast,Forecast dry. Recommend watering soon; pump stays OFF because ML_CONTROL_MODE=recommend.,Forecast Dry,,"Forecast Dry,DRY;TELEGRAM_SENT:Forecast Dry,DRY",OK
2026-06-20 00:08:57,32.0,55.0,20.0,24.0,-4.0,2.1,24.0,24.1,24.6,22.7,-0.0,DRY,ON,20.0,20.0,20.0,Dry Forecast,Forecast dry. Recommend watering soon; pump stays OFF because ML_CONTROL_MODE=recommend.,Forecast Dry,,"Forecast Dry,DRY;TELEGRAM_COOLDOWN:Forecast Dry,DRY",OK
2026-06-20 00:09:02,32.0,55.0,20.0,24.0,-4.0,2.1,24.0,24.1,24.6,22.7,-0.0,DRY,ON,20.0,20.0,20.0,Dry Forecast,Forecast dry. Recommend watering soon; pump stays OFF because ML_CONTROL_MODE=recommend.,Forecast Dry,,"Forecast Dry,DRY;TELEGRAM_SENT:Forecast Dry,DRY",OK
2026-06-20 00:09:08,32.0,55.0,20.0,24.0,-4.0,2.1,24.0,24.1,24.6,22.7,-0.0,DRY,ON,20.0,20.0,20.0,Dry Forecast,Forecast dry. Recommend watering soon; pump stays OFF because ML_CONTROL_MODE=recommend.,Forecast Dry,,"Forecast Dry,DRY;TELEGRAM_COOLDOWN:Forecast Dry,DRY",OK
2026-06-20 00:09:15,32.0,55.0,20.0,24.0,-4.0,2.1,24.0,24.1,24.6,22.7,-0.0,DRY,ON,20.0,20.0,20.0,Dry Forecast,Forecast dry. Recommend watering soon; pump stays OFF because ML_CONTROL_MODE=recommend.,Forecast Dry,,"Forecast Dry,DRY;TELEGRAM_SENT:Forecast Dry,DRY",OK
2026-06-20 00:09:21,32.0,55.0,20.0,24.0,-4.0,2.1,24.0,24.1,24.6,22.7,-0.0,DRY,ON,20.0,20.0,20.0,Dry Forecast,Forecast dry. Recommend watering soon; pump stays OFF because ML_CONTROL_MODE=recommend.,Forecast Dry,,"Forecast Dry,DRY;TELEGRAM_COOLDOWN:Forecast Dry,DRY",OK
2026-06-20 00:09:26,32.0,55.0,20.0,24.0,-4.0,2.1,24.0,24.1,24.6,22.7,-0.0,DRY,ON,20.0,20.0,20.0,Dry Forecast,Forecast dry. Recommend watering soon; pump stays OFF because ML_CONTROL_MODE=recommend.,Forecast Dry,,"Forecast Dry,DRY;TELEGRAM_SENT:Forecast Dry,DRY",OK
2026-06-20 00:09:32,32.0,55.0,20.0,24.0,-4.0,2.1,24.0,24.1,24.6,22.7,-0.0,DRY,ON,20.0,20.0,20.0,Dry Forecast,Forecast dry. Recommend watering soon; pump stays OFF because ML_CONTROL_MODE=recommend.,Forecast Dry,,"Forecast Dry,DRY;TELEGRAM_COOLDOWN:Forecast Dry,DRY",OK
2026-06-20 00:09:37,32.0,55.0,20.0,24.0,-4.0,2.1,24.0,24.1,24.6,22.7,-0.0,DRY,ON,20.0,20.0,20.0,Dry Forecast,Forecast dry. Recommend watering soon; pump stays OFF because ML_CONTROL_MODE=recommend.,Forecast Dry,,"Forecast Dry,DRY;TELEGRAM_SENT:Forecast Dry,DRY",OK
2026-06-20 00:09:42,32.0,55.0,20.0,24.0,-4.0,2.1,24.0,24.1,24.6,22.7,-0.0,DRY,ON,20.0,20.0,20.0,Dry Forecast,Forecast dry. Recommend watering soon; pump stays OFF because ML_CONTROL_MODE=recommend.,Forecast Dry,,"Forecast Dry,DRY;TELEGRAM_COOLDOWN:Forecast Dry,DRY",OK
2026-06-20 00:09:49,32.0,55.0,20.0,24.0,-4.0,2.1,24.0,24.1,24.6,22.7,-0.0,DRY,ON,20.0,20.0,20.0,Dry Forecast,Forecast dry. Recommend watering soon; pump stays OFF because ML_CONTROL_MODE=recommend.,Forecast Dry,,"Forecast Dry,DRY;TELEGRAM_SENT:Forecast Dry,DRY",OK
2026-06-20 00:09:55,32.0,55.0,20.0,24.0,-4.0,2.1,24.0,24.1,24.6,22.7,-0.0,DRY,ON,20.0,20.0,20.0,Dry Forecast,Forecast dry. Recommend watering soon; pump stays OFF because ML_CONTROL_MODE=recommend.,Forecast Dry,,"Forecast Dry,DRY;TELEGRAM_COOLDOWN:Forecast Dry,DRY",OK
2026-06-20 00:10:00,32.0,55.0,20.0,24.0,-4.0,2.1,24.0,24.1,24.6,22.7,-0.0,DRY,ON,20.0,20.0,20.0,Dry Forecast,Forecast dry. Recommend watering soon; pump stays OFF because ML_CONTROL_MODE=recommend.,Forecast Dry,,"Forecast Dry,DRY;TELEGRAM_SENT:Forecast Dry,DRY",OK
2026-06-20 00:10:06,32.0,55.0,20.0,24.0,-4.0,2.1,24.0,24.1,24.6,22.7,-0.0,DRY,ON,20.0,20.0,20.0,Dry Forecast,Forecast dry. Recommend watering soon; pump stays OFF because ML_CONTROL_MODE=recommend.,Forecast Dry,,"Forecast Dry,DRY;TELEGRAM_COOLDOWN:Forecast Dry,DRY",OK
2026-06-20 00:10:11,32.0,55.0,20.0,24.0,-4.0,2.1,24.0,24.1,24.6,22.7,-0.0,DRY,ON,20.0,20.0,20.0,Dry Forecast,Forecast dry. Recommend watering soon; pump stays OFF because ML_CONTROL_MODE=recommend.,Forecast Dry,,"Forecast Dry,DRY;TELEGRAM_SENT:Forecast Dry,DRY",OK
2026-06-20 00:10:17,32.0,55.0,20.0,24.0,-4.0,2.1,24.0,24.1,24.6,22.7,-0.0,DRY,ON,20.0,20.0,20.0,Dry Forecast,Forecast dry. Recommend watering soon; pump stays OFF because ML_CONTROL_MODE=recommend.,Forecast Dry,,"Forecast Dry,DRY;TELEGRAM_COOLDOWN:Forecast Dry,DRY",OK
2026-06-20 00:10:23,32.0,55.0,20.0,24.0,-4.0,2.1,24.0,24.1,24.6,22.7,-0.0,DRY,ON,20.0,20.0,20.0,Dry Forecast,Forecast dry. Recommend watering soon; pump stays OFF because ML_CONTROL_MODE=recommend.,Forecast Dry,,"Forecast Dry,DRY;TELEGRAM_SENT:Forecast Dry,DRY",OK
2026-06-20 00:10:29,32.0,55.0,20.0,24.0,-4.0,2.1,24.0,24.1,24.6,22.7,-0.0,DRY,ON,20.0,20.0,20.0,Dry Forecast,Forecast dry. Recommend watering soon; pump stays OFF because ML_CONTROL_MODE=recommend.,Forecast Dry,,"Forecast Dry,DRY;TELEGRAM_COOLDOWN:Forecast Dry,DRY",OK
2026-06-20 00:10:34,32.0,55.0,20.0,24.0,-4.0,2.1,24.0,24.1,24.6,22.7,-0.0,DRY,ON,20.0,20.0,20.0,Dry Forecast,Forecast dry. Recommend watering soon; pump stays OFF because ML_CONTROL_MODE=recommend.,Forecast Dry,,"Forecast Dry,DRY;TELEGRAM_SENT:Forecast Dry,DRY",OK
2026-06-20 00:10:40,32.0,55.0,20.0,24.0,-4.0,2.1,24.0,24.1,24.6,22.7,-0.0,DRY,ON,20.0,20.0,20.0,Dry Forecast,Forecast dry. Recommend watering soon; pump stays OFF because ML_CONTROL_MODE=recommend.,Forecast Dry,,"Forecast Dry,DRY;TELEGRAM_COOLDOWN:Forecast Dry,DRY",OK
2026-06-20 00:10:45,32.0,55.0,20.0,24.0,-4.0,2.1,24.0,24.1,24.6,22.7,-0.0,DRY,ON,20.0,20.0,20.0,Dry Forecast,Forecast dry. Recommend watering soon; pump stays OFF because ML_CONTROL_MODE=recommend.,Forecast Dry,,"Forecast Dry,DRY;TELEGRAM_SENT:Forecast Dry,DRY",OK
2026-06-20 00:10:51,32.0,55.0,20.0,24.0,-4.0,2.1,24.0,24.1,24.6,22.7,-0.0,DRY,ON,20.0,20.0,20.0,Dry Forecast,Forecast dry. Recommend watering soon; pump stays OFF because ML_CONTROL_MODE=recommend.,Forecast Dry,,"Forecast Dry,DRY;TELEGRAM_COOLDOWN:Forecast Dry,DRY",OK
2026-06-20 00:10:58,32.0,55.0,20.0,24.0,-4.0,2.1,24.0,24.1,24.6,22.7,-0.0,DRY,ON,20.0,20.0,20.0,Dry Forecast,Forecast dry. Recommend watering soon; pump stays OFF because ML_CONTROL_MODE=recommend.,Forecast Dry,,"Forecast Dry,DRY;TELEGRAM_SENT:Forecast Dry,DRY",OK
2026-06-20 00:11:04,32.0,55.0,20.0,24.0,-4.0,2.1,24.0,24.1,24.6,22.7,-0.0,DRY,ON,20.0,20.0,20.0,Dry Forecast,Forecast dry. Recommend watering soon; pump stays OFF because ML_CONTROL_MODE=recommend.,Forecast Dry,,"Forecast Dry,DRY;TELEGRAM_COOLDOWN:Forecast Dry,DRY",OK
2026-06-20 00:11:09,32.0,55.0,20.0,24.0,-4.0,2.1,24.0,24.1,24.6,22.7,-0.0,DRY,ON,20.0,20.0,20.0,Dry Forecast,Forecast dry. Recommend watering soon; pump stays OFF because ML_CONTROL_MODE=recommend.,Forecast Dry,,"Forecast Dry,DRY;TELEGRAM_SENT:Forecast Dry,DRY",OK
2026-06-20 00:11:15,32.0,55.0,20.0,24.0,-4.0,2.1,24.0,24.1,24.6,22.7,-0.0,DRY,ON,20.0,20.0,20.0,Dry Forecast,Forecast dry. Recommend watering soon; pump stays OFF because ML_CONTROL_MODE=recommend.,Forecast Dry,,"Forecast Dry,DRY;TELEGRAM_COOLDOWN:Forecast Dry,DRY",OK
2026-06-20 00:11:20,32.0,55.0,20.0,24.0,-4.0,2.1,24.0,24.1,24.6,22.7,-0.0,DRY,ON,20.0,20.0,20.0,Dry Forecast,Forecast dry. Recommend watering soon; pump stays OFF because ML_CONTROL_MODE=recommend.,Forecast Dry,,"Forecast Dry,DRY;TELEGRAM_SENT:Forecast Dry,DRY",OK
2026-06-20 00:11:25,32.0,55.0,20.0,24.0,-4.0,2.1,24.0,24.1,24.6,22.7,-0.0,DRY,ON,20.0,20.0,20.0,Dry Forecast,Forecast dry. Recommend watering soon; pump stays OFF because ML_CONTROL_MODE=recommend.,Forecast Dry,,"Forecast Dry,DRY;TELEGRAM_COOLDOWN:Forecast Dry,DRY",OK
2026-06-20 00:11:32,32.0,55.0,20.0,24.0,-4.0,2.1,24.0,24.1,24.6,22.7,-0.0,DRY,ON,20.0,20.0,20.0,Dry Forecast,Forecast dry. Recommend watering soon; pump stays OFF because ML_CONTROL_MODE=recommend.,Forecast Dry,,"Forecast Dry,DRY;TELEGRAM_SENT:Forecast Dry,DRY",OK
2026-06-20 00:11:38,32.0,55.0,20.0,24.0,-4.0,2.1,24.0,24.1,24.6,22.7,-0.0,DRY,ON,20.0,20.0,20.0,Dry Forecast,Forecast dry. Recommend watering soon; pump stays OFF because ML_CONTROL_MODE=recommend.,Forecast Dry,,"Forecast Dry,DRY;TELEGRAM_COOLDOWN:Forecast Dry,DRY",OK
2026-06-20 00:11:43,32.0,55.0,20.0,24.0,-4.0,2.1,24.0,24.1,24.6,22.7,-0.0,DRY,ON,20.0,20.0,20.0,Dry Forecast,Forecast dry. Recommend watering soon; pump stays OFF because ML_CONTROL_MODE=recommend.,Forecast Dry,,"Forecast Dry,DRY;TELEGRAM_SENT:Forecast Dry,DRY",OK
2026-06-20 00:11:49,32.0,55.0,20.0,24.0,-4.0,2.1,24.0,24.1,24.6,22.7,-0.0,DRY,ON,20.0,20.0,20.0,Dry Forecast,Forecast dry. Recommend watering soon; pump stays OFF because ML_CONTROL_MODE=recommend.,Forecast Dry,,"Forecast Dry,DRY;TELEGRAM_COOLDOWN:Forecast Dry,DRY",OK
2026-06-20 00:11:54,32.0,55.0,20.0,24.0,-4.0,2.1,24.0,24.1,24.6,22.7,-0.0,DRY,ON,20.0,20.0,20.0,Dry Forecast,Forecast dry. Recommend watering soon; pump stays OFF because ML_CONTROL_MODE=recommend.,Forecast Dry,,"Forecast Dry,DRY;TELEGRAM_SENT:Forecast Dry,DRY",OK
2026-06-20 00:12:00,32.0,55.0,20.0,24.0,-4.0,2.1,24.0,24.1,24.6,22.7,-0.0,DRY,ON,20.0,20.0,20.0,Dry Forecast,Forecast dry. Recommend watering soon; pump stays OFF because ML_CONTROL_MODE=recommend.,Forecast Dry,,"Forecast Dry,DRY;TELEGRAM_COOLDOWN:Forecast Dry,DRY",OK
2026-06-20 00:12:07,32.0,55.0,20.0,24.0,-4.0,2.1,24.0,24.1,24.6,22.7,-0.0,DRY,ON,20.0,20.0,20.0,Dry Forecast,Forecast dry. Recommend watering soon; pump stays OFF because ML_CONTROL_MODE=recommend.,Forecast Dry,,"Forecast Dry,DRY;TELEGRAM_SENT:Forecast Dry,DRY",OK
2026-06-20 00:12:12,32.0,55.0,20.0,24.0,-4.0,2.1,24.0,24.1,24.6,22.7,-0.0,DRY,ON,20.0,20.0,20.0,Dry Forecast,Forecast dry. Recommend watering soon; pump stays OFF because ML_CONTROL_MODE=recommend.,Forecast Dry,,"Forecast Dry,DRY;TELEGRAM_COOLDOWN:Forecast Dry,DRY",OK
2026-06-20 00:12:17,32.0,55.0,20.0,24.0,-4.0,2.1,24.0,24.1,24.6,22.7,-0.0,DRY,ON,20.0,20.0,20.0,Dry Forecast,Forecast dry. Recommend watering soon; pump stays OFF because ML_CONTROL_MODE=recommend.,Forecast Dry,,"Forecast Dry,DRY;TELEGRAM_SENT:Forecast Dry,DRY",OK
2026-06-20 00:12:23,32.0,55.0,20.0,24.0,-4.0,2.1,24.0,24.1,24.6,22.7,-0.0,DRY,ON,20.0,20.0,20.0,Dry Forecast,Forecast dry. Recommend watering soon; pump stays OFF because ML_CONTROL_MODE=recommend.,Forecast Dry,,"Forecast Dry,DRY;TELEGRAM_COOLDOWN:Forecast Dry,DRY",OK
2026-06-20 00:12:28,32.0,55.0,20.0,24.0,-4.0,2.1,24.0,24.1,24.6,22.7,-0.0,DRY,ON,20.0,20.0,20.0,Dry Forecast,Forecast dry. Recommend watering soon; pump stays OFF because ML_CONTROL_MODE=recommend.,Forecast Dry,,"Forecast Dry,DRY;TELEGRAM_SENT:Forecast Dry,DRY",OK
2026-06-20 00:12:34,32.0,55.0,20.0,24.0,-4.0,2.1,24.0,24.1,24.6,22.7,-0.0,DRY,ON,20.0,20.0,20.0,Dry Forecast,Forecast dry. Recommend watering soon; pump stays OFF because ML_CONTROL_MODE=recommend.,Forecast Dry,,"Forecast Dry,DRY;TELEGRAM_COOLDOWN:Forecast Dry,DRY",OK
2026-06-20 00:12:41,32.0,55.0,20.0,24.0,-4.0,2.1,24.0,24.1,24.6,22.7,-0.0,DRY,ON,20.0,20.0,20.0,Dry Forecast,Forecast dry. Recommend watering soon; pump stays OFF because ML_CONTROL_MODE=recommend.,Forecast Dry,,"Forecast Dry,DRY;TELEGRAM_SENT:Forecast Dry,DRY",OK
2026-06-20 00:12:46,32.0,55.0,20.0,24.0,-4.0,2.1,24.0,24.1,24.6,22.7,-0.0,DRY,ON,20.0,20.0,20.0,Dry Forecast,Forecast dry. Recommend watering soon; pump stays OFF because ML_CONTROL_MODE=recommend.,Forecast Dry,,"Forecast Dry,DRY;TELEGRAM_COOLDOWN:Forecast Dry,DRY",OK
2026-06-20 00:12:51,32.0,55.0,20.0,24.0,-4.0,2.1,24.0,24.1,24.6,22.7,-0.0,DRY,ON,20.0,20.0,20.0,Dry Forecast,Forecast dry. Recommend watering soon; pump stays OFF because ML_CONTROL_MODE=recommend.,Forecast Dry,,"Forecast Dry,DRY;TELEGRAM_SENT:Forecast Dry,DRY",OK
2026-06-20 00:12:57,32.0,55.0,20.0,24.0,-4.0,2.1,24.0,24.1,24.6,22.7,-0.0,DRY,ON,20.0,20.0,20.0,Dry Forecast,Forecast dry. Recommend watering soon; pump stays OFF because ML_CONTROL_MODE=recommend.,Forecast Dry,,"Forecast Dry,DRY;TELEGRAM_COOLDOWN:Forecast Dry,DRY",OK
2026-06-20 00:13:02,32.0,55.0,20.0,24.0,-4.0,2.1,24.0,24.1,24.6,22.7,-0.0,DRY,ON,20.0,20.0,20.0,Dry Forecast,Forecast dry. Recommend watering soon; pump stays OFF because ML_CONTROL_MODE=recommend.,Forecast Dry,,"Forecast Dry,DRY;TELEGRAM_SENT:Forecast Dry,DRY",OK
2026-06-20 00:13:08,32.0,55.0,20.0,24.0,-4.0,2.1,24.0,24.1,24.6,22.7,-0.0,DRY,ON,20.0,20.0,20.0,Dry Forecast,Forecast dry. Recommend watering soon; pump stays OFF because ML_CONTROL_MODE=recommend.,Forecast Dry,,"Forecast Dry,DRY;TELEGRAM_COOLDOWN:Forecast Dry,DRY",OK
2026-06-20 00:13:15,32.0,55.0,20.0,24.0,-4.0,2.1,24.0,24.1,24.6,22.7,-0.0,DRY,ON,20.0,20.0,20.0,Dry Forecast,Forecast dry. Recommend watering soon; pump stays OFF because ML_CONTROL_MODE=recommend.,Forecast Dry,,"Forecast Dry,DRY;TELEGRAM_SENT:Forecast Dry,DRY",OK
2026-06-20 00:13:21,32.0,55.0,20.0,24.0,-4.0,2.1,24.0,24.1,24.6,22.7,-0.0,DRY,ON,20.0,20.0,20.0,Dry Forecast,Forecast dry. Recommend watering soon; pump stays OFF because ML_CONTROL_MODE=recommend.,Forecast Dry,,"Forecast Dry,DRY;TELEGRAM_COOLDOWN:Forecast Dry,DRY",OK
2026-06-20 00:13:26,32.0,55.0,20.0,24.0,-4.0,2.1,24.0,24.1,24.6,22.7,-0.0,DRY,ON,20.0,20.0,20.0,Dry Forecast,Forecast dry. Recommend watering soon; pump stays OFF because ML_CONTROL_MODE=recommend.,Forecast Dry,,"Forecast Dry,DRY;TELEGRAM_SENT:Forecast Dry,DRY",OK
2026-06-20 00:13:31,32.0,55.0,20.0,24.0,-4.0,2.1,24.0,24.1,24.6,22.7,-0.0,DRY,ON,20.0,20.0,20.0,Dry Forecast,Forecast dry. Recommend watering soon; pump stays OFF because ML_CONTROL_MODE=recommend.,Forecast Dry,,"Forecast Dry,DRY;TELEGRAM_COOLDOWN:Forecast Dry,DRY",OK
2026-06-20 00:13:36,32.0,55.0,20.0,24.0,-4.0,2.1,24.0,24.1,24.6,22.7,-0.0,DRY,ON,20.0,20.0,20.0,Dry Forecast,Forecast dry. Recommend watering soon; pump stays OFF because ML_CONTROL_MODE=recommend.,Forecast Dry,,"Forecast Dry,DRY;TELEGRAM_SENT:Forecast Dry,DRY",OK
2026-06-20 00:13:42,32.0,55.0,20.0,24.0,-4.0,2.1,24.0,24.1,24.6,22.7,-0.0,DRY,ON,20.0,20.0,20.0,Dry Forecast,Forecast dry. Recommend watering soon; pump stays OFF because ML_CONTROL_MODE=recommend.,Forecast Dry,,"Forecast Dry,DRY;TELEGRAM_COOLDOWN:Forecast Dry,DRY",OK
2026-06-20 00:13:49,32.0,55.0,20.0,24.0,-4.0,2.1,24.0,24.1,24.6,22.7,-0.0,DRY,ON,20.0,20.0,20.0,Dry Forecast,Forecast dry. Recommend watering soon; pump stays OFF because ML_CONTROL_MODE=recommend.,Forecast Dry,,"Forecast Dry,DRY;TELEGRAM_SENT:Forecast Dry,DRY",OK
2026-06-20 00:13:55,32.0,55.0,20.0,24.0,-4.0,2.1,24.0,24.1,24.6,22.7,-0.0,DRY,ON,20.0,20.0,20.0,Dry Forecast,Forecast dry. Recommend watering soon; pump stays OFF because ML_CONTROL_MODE=recommend.,Forecast Dry,,"Forecast Dry,DRY;TELEGRAM_COOLDOWN:Forecast Dry,DRY",OK
2026-06-20 00:14:00,32.0,55.0,20.0,24.0,-4.0,2.1,24.0,24.1,24.6,22.7,-0.0,DRY,ON,20.0,20.0,20.0,Dry Forecast,Forecast dry. Recommend watering soon; pump stays OFF because ML_CONTROL_MODE=recommend.,Forecast Dry,,"Forecast Dry,DRY;TELEGRAM_SENT:Forecast Dry,DRY",OK
2026-06-20 00:14:06,32.0,55.0,20.0,24.0,-4.0,2.1,24.0,24.1,24.6,22.7,-0.0,DRY,ON,20.0,20.0,20.0,Dry Forecast,Forecast dry. Recommend watering soon; pump stays OFF because ML_CONTROL_MODE=recommend.,Forecast Dry,,"Forecast Dry,DRY;TELEGRAM_COOLDOWN:Forecast Dry,DRY",OK
2026-06-20 00:14:11,32.0,55.0,20.0,24.0,-4.0,2.1,24.0,24.1,24.6,22.7,-0.0,DRY,ON,20.0,20.0,20.0,Dry Forecast,Forecast dry. Recommend watering soon; pump stays OFF because ML_CONTROL_MODE=recommend.,Forecast Dry,,"Forecast Dry,DRY;TELEGRAM_SENT:Forecast Dry,DRY",OK
2026-06-20 00:14:17,32.0,55.0,20.0,24.0,-4.0,2.1,24.0,24.1,24.6,22.7,-0.0,DRY,ON,20.0,20.0,20.0,Dry Forecast,Forecast dry. Recommend watering soon; pump stays OFF because ML_CONTROL_MODE=recommend.,Forecast Dry,,"Forecast Dry,DRY;TELEGRAM_COOLDOWN:Forecast Dry,DRY",OK
2026-06-20 00:14:24,32.0,55.0,20.0,24.0,-4.0,2.1,24.0,24.1,24.6,22.7,-0.0,DRY,ON,20.0,20.0,20.0,Dry Forecast,Forecast dry. Recommend watering soon; pump stays OFF because ML_CONTROL_MODE=recommend.,Forecast Dry,,"Forecast Dry,DRY;TELEGRAM_SENT:Forecast Dry,DRY",OK
2026-06-20 00:14:29,32.0,55.0,20.0,24.0,-4.0,2.1,24.0,24.1,24.6,22.7,-0.0,DRY,ON,20.0,20.0,20.0,Dry Forecast,Forecast dry. Recommend watering soon; pump stays OFF because ML_CONTROL_MODE=recommend.,Forecast Dry,,"Forecast Dry,DRY;TELEGRAM_COOLDOWN:Forecast Dry,DRY",OK
2026-06-20 00:14:34,32.0,55.0,20.0,24.0,-4.0,2.1,24.0,24.1,24.6,22.7,-0.0,DRY,ON,20.0,20.0,20.0,Dry Forecast,Forecast dry. Recommend watering soon; pump stays OFF because ML_CONTROL_MODE=recommend.,Forecast Dry,,"Forecast Dry,DRY;TELEGRAM_SENT:Forecast Dry,DRY",OK
2026-06-20 00:14:40,32.0,55.0,20.0,24.0,-4.0,2.1,24.0,24.1,24.6,22.7,-0.0,DRY,ON,20.0,20.0,20.0,Dry Forecast,Forecast dry. Recommend watering soon; pump stays OFF because ML_CONTROL_MODE=recommend.,Forecast Dry,,"Forecast Dry,DRY;TELEGRAM_COOLDOWN:Forecast Dry,DRY",OK
2026-06-20 00:14:45,32.0,55.0,20.0,24.0,-4.0,2.1,24.0,24.1,24.6,22.7,-0.0,DRY,ON,20.0,20.0,20.0,Dry Forecast,Forecast dry. Recommend watering soon; pump stays OFF because ML_CONTROL_MODE=recommend.,Forecast Dry,,"Forecast Dry,DRY;TELEGRAM_SENT:Forecast Dry,DRY",OK
2026-06-20 00:14:53,32.0,55.0,20.0,24.0,-4.0,2.1,24.0,24.1,24.6,22.7,-0.0,DRY,ON,20.0,20.0,20.0,Dry Forecast,Forecast dry. Recommend watering soon; pump stays OFF because ML_CONTROL_MODE=recommend.,Forecast Dry,,"Forecast Dry,DRY;TELEGRAM_COOLDOWN:Forecast Dry,DRY",OK
2026-06-20 00:14:58,32.0,55.0,20.0,24.0,-4.0,2.1,24.0,24.1,24.6,22.7,-0.0,DRY,ON,20.0,20.0,20.0,Dry Forecast,Forecast dry. Recommend watering soon; pump stays OFF because ML_CONTROL_MODE=recommend.,Forecast Dry,,"Forecast Dry,DRY;TELEGRAM_SENT:Forecast Dry,DRY",OK
2026-06-20 00:15:04,32.0,55.0,20.0,24.0,-4.0,2.1,24.0,24.1,24.6,22.7,-0.0,DRY,ON,20.0,20.0,20.0,Dry Forecast,Forecast dry. Recommend watering soon; pump stays OFF because ML_CONTROL_MODE=recommend.,Forecast Dry,,"Forecast Dry,DRY;TELEGRAM_COOLDOWN:Forecast Dry,DRY",OK
2026-06-20 00:15:09,32.0,55.0,20.0,24.0,-4.0,2.1,24.0,24.1,24.6,22.7,-0.0,DRY,ON,20.0,20.0,20.0,Dry Forecast,Forecast dry. Recommend watering soon; pump stays OFF because ML_CONTROL_MODE=recommend.,Forecast Dry,,"Forecast Dry,DRY;TELEGRAM_SENT:Forecast Dry,DRY",OK
2026-06-20 00:15:14,32.0,55.0,20.0,24.0,-4.0,2.1,24.0,24.1,24.6,22.7,-0.0,DRY,ON,20.0,20.0,20.0,Dry Forecast,Forecast dry. Recommend watering soon; pump stays OFF because ML_CONTROL_MODE=recommend.,Forecast Dry,,"Forecast Dry,DRY;TELEGRAM_COOLDOWN:Forecast Dry,DRY",OK
2026-06-20 00:15:20,32.0,55.0,20.0,24.0,-4.0,2.1,24.0,24.1,24.6,22.7,-0.0,DRY,ON,20.0,20.0,20.0,Dry Forecast,Forecast dry. Recommend watering soon; pump stays OFF because ML_CONTROL_MODE=recommend.,Forecast Dry,,"Forecast Dry,DRY;TELEGRAM_SENT:Forecast Dry,DRY",OK
2026-06-20 00:15:27,32.0,55.0,20.0,24.0,-4.0,2.1,24.0,24.1,24.6,22.7,-0.0,DRY,ON,20.0,20.0,20.0,Dry Forecast,Forecast dry. Recommend watering soon; pump stays OFF because ML_CONTROL_MODE=recommend.,Forecast Dry,,"Forecast Dry,DRY;TELEGRAM_COOLDOWN:Forecast Dry,DRY",OK
2026-06-20 00:15:32,32.0,55.0,20.0,24.0,-4.0,2.1,24.0,24.1,24.6,22.7,-0.0,DRY,ON,20.0,20.0,20.0,Dry Forecast,Forecast dry. Recommend watering soon; pump stays OFF because ML_CONTROL_MODE=recommend.,Forecast Dry,,"Forecast Dry,DRY;TELEGRAM_SENT:Forecast Dry,DRY",OK
2026-06-20 00:15:38,32.0,55.0,20.0,24.0,-4.0,2.1,24.0,24.1,24.6,22.7,-0.0,DRY,ON,20.0,20.0,20.0,Dry Forecast,Forecast dry. Recommend watering soon; pump stays OFF because ML_CONTROL_MODE=recommend.,Forecast Dry,,"Forecast Dry,DRY;TELEGRAM_COOLDOWN:Forecast Dry,DRY",OK
2026-06-20 00:15:43,32.0,55.0,20.0,24.0,-4.0,2.1,24.0,24.1,24.6,22.7,-0.0,DRY,ON,20.0,20.0,20.0,Dry Forecast,Forecast dry. Recommend watering soon; pump stays OFF because ML_CONTROL_MODE=recommend.,Forecast Dry,,"Forecast Dry,DRY;TELEGRAM_SENT:Forecast Dry,DRY",OK
2026-06-20 00:15:49,32.0,55.0,20.0,24.0,-4.0,2.1,24.0,24.1,24.6,22.7,-0.0,DRY,ON,20.0,20.0,20.0,Dry Forecast,Forecast dry. Recommend watering soon; pump stays OFF because ML_CONTROL_MODE=recommend.,Forecast Dry,,"Forecast Dry,DRY;TELEGRAM_COOLDOWN:Forecast Dry,DRY",OK
2026-06-20 00:15:54,32.0,55.0,20.0,24.0,-4.0,2.1,24.0,24.1,24.6,22.7,-0.0,DRY,ON,20.0,20.0,20.0,Dry Forecast,Forecast dry. Recommend watering soon; pump stays OFF because ML_CONTROL_MODE=recommend.,Forecast Dry,,"Forecast Dry,DRY;TELEGRAM_SENT:Forecast Dry,DRY",OK
2026-06-20 00:16:02,32.0,55.0,20.0,24.0,-4.0,2.1,24.0,24.1,24.6,22.7,-0.0,DRY,ON,20.0,20.0,20.0,Dry Forecast,Forecast dry. Recommend watering soon; pump stays OFF because ML_CONTROL_MODE=recommend.,Forecast Dry,,"Forecast Dry,DRY;TELEGRAM_COOLDOWN:Forecast Dry,DRY",OK
2026-06-20 00:16:07,32.0,55.0,20.0,24.0,-4.0,2.1,24.0,24.1,24.6,22.7,-0.0,DRY,ON,20.0,20.0,20.0,Dry Forecast,Forecast dry. Recommend watering soon; pump stays OFF because ML_CONTROL_MODE=recommend.,Forecast Dry,,"Forecast Dry,DRY;TELEGRAM_SENT:Forecast Dry,DRY",OK
2026-06-20 00:16:12,32.0,55.0,20.0,24.0,-4.0,2.1,24.0,24.1,24.6,22.7,-0.0,DRY,ON,20.0,20.0,20.0,Dry Forecast,Forecast dry. Recommend watering soon; pump stays OFF because ML_CONTROL_MODE=recommend.,Forecast Dry,,"Forecast Dry,DRY;TELEGRAM_COOLDOWN:Forecast Dry,DRY",OK
2026-06-20 00:16:17,32.0,55.0,20.0,24.0,-4.0,2.1,24.0,24.1,24.6,22.7,-0.0,DRY,ON,20.0,20.0,20.0,Dry Forecast,Forecast dry. Recommend watering soon; pump stays OFF because ML_CONTROL_MODE=recommend.,Forecast Dry,,"Forecast Dry,DRY;TELEGRAM_SENT:Forecast Dry,DRY",OK
2026-06-20 00:16:23,32.0,55.0,20.0,24.0,-4.0,2.1,24.0,24.1,24.6,22.7,-0.0,DRY,ON,20.0,20.0,20.0,Dry Forecast,Forecast dry. Recommend watering soon; pump stays OFF because ML_CONTROL_MODE=recommend.,Forecast Dry,,"Forecast Dry,DRY;TELEGRAM_COOLDOWN:Forecast Dry,DRY",OK
2026-06-20 00:16:28,32.0,55.0,20.0,24.0,-4.0,2.1,24.0,24.1,24.6,22.7,-0.0,DRY,ON,20.0,20.0,20.0,Dry Forecast,Forecast dry. Recommend watering soon; pump stays OFF because ML_CONTROL_MODE=recommend.,Forecast Dry,,"Forecast Dry,DRY;TELEGRAM_SENT:Forecast Dry,DRY",OK
2026-06-20 00:16:36,32.0,55.0,20.0,24.0,-4.0,2.1,24.0,24.1,24.6,22.7,-0.0,DRY,ON,20.0,20.0,20.0,Dry Forecast,Forecast dry. Recommend watering soon; pump stays OFF because ML_CONTROL_MODE=recommend.,Forecast Dry,,"Forecast Dry,DRY;TELEGRAM_COOLDOWN:Forecast Dry,DRY",OK
2026-06-20 00:16:41,32.0,55.0,20.0,24.0,-4.0,2.1,24.0,24.1,24.6,22.7,-0.0,DRY,ON,20.0,20.0,20.0,Dry Forecast,Forecast dry. Recommend watering soon; pump stays OFF because ML_CONTROL_MODE=recommend.,Forecast Dry,,"Forecast Dry,DRY;TELEGRAM_SENT:Forecast Dry,DRY",OK
2026-06-20 00:16:47,32.0,55.0,20.0,24.0,-4.0,2.1,24.0,24.1,24.6,22.7,-0.0,DRY,ON,20.0,20.0,20.0,Dry Forecast,Forecast dry. Recommend watering soon; pump stays OFF because ML_CONTROL_MODE=recommend.,Forecast Dry,,"Forecast Dry,DRY;TELEGRAM_COOLDOWN:Forecast Dry,DRY",OK
2026-06-20 00:16:52,32.0,55.0,20.0,24.0,-4.0,2.1,24.0,24.1,24.6,22.7,-0.0,DRY,ON,20.0,20.0,20.0,Dry Forecast,Forecast dry. Recommend watering soon; pump stays OFF because ML_CONTROL_MODE=recommend.,Forecast Dry,,"Forecast Dry,DRY;TELEGRAM_SENT:Forecast Dry,DRY",OK
2026-06-20 00:16:58,32.0,55.0,20.0,24.0,-4.0,2.1,24.0,24.1,24.6,22.7,-0.0,DRY,ON,20.0,20.0,20.0,Dry Forecast,Forecast dry. Recommend watering soon; pump stays OFF because ML_CONTROL_MODE=recommend.,Forecast Dry,,"Forecast Dry,DRY;TELEGRAM_COOLDOWN:Forecast Dry,DRY",OK
2026-06-20 00:17:03,32.0,55.0,20.0,24.0,-4.0,2.1,24.0,24.1,24.6,22.7,-0.0,DRY,ON,20.0,20.0,20.0,Dry Forecast,Forecast dry. Recommend watering soon; pump stays OFF because ML_CONTROL_MODE=recommend.,Forecast Dry,,"Forecast Dry,DRY;TELEGRAM_SENT:Forecast Dry,DRY",OK
2026-06-20 00:17:11,32.0,55.0,20.0,24.0,-4.0,2.1,24.0,24.1,24.6,22.7,-0.0,DRY,ON,20.0,20.0,20.0,Dry Forecast,Forecast dry. Recommend watering soon; pump stays OFF because ML_CONTROL_MODE=recommend.,Forecast Dry,,"Forecast Dry,DRY;TELEGRAM_COOLDOWN:Forecast Dry,DRY",OK
2026-06-20 00:17:16,32.0,55.0,20.0,24.0,-4.0,2.1,24.0,24.1,24.6,22.7,-0.0,DRY,ON,20.0,20.0,20.0,Dry Forecast,Forecast dry. Recommend watering soon; pump stays OFF because ML_CONTROL_MODE=recommend.,Forecast Dry,,"Forecast Dry,DRY;TELEGRAM_SENT:Forecast Dry,DRY",OK
2026-06-20 00:17:22,32.0,55.0,20.0,24.0,-4.0,2.1,24.0,24.1,24.6,22.7,-0.0,DRY,ON,20.0,20.0,20.0,Dry Forecast,Forecast dry. Recommend watering soon; pump stays OFF because ML_CONTROL_MODE=recommend.,Forecast Dry,,"Forecast Dry,DRY;TELEGRAM_COOLDOWN:Forecast Dry,DRY",OK
2026-06-20 00:17:27,32.0,55.0,20.0,24.0,-4.0,2.1,24.0,24.1,24.6,22.7,-0.0,DRY,ON,20.0,20.0,20.0,Dry Forecast,Forecast dry. Recommend watering soon; pump stays OFF because ML_CONTROL_MODE=recommend.,Forecast Dry,,"Forecast Dry,DRY;TELEGRAM_SENT:Forecast Dry,DRY",OK
2026-06-20 00:17:33,32.0,55.0,20.0,24.0,-4.0,2.1,24.0,24.1,24.6,22.7,-0.0,DRY,ON,20.0,20.0,20.0,Dry Forecast,Forecast dry. Recommend watering soon; pump stays OFF because ML_CONTROL_MODE=recommend.,Forecast Dry,,"Forecast Dry,DRY;TELEGRAM_COOLDOWN:Forecast Dry,DRY",OK
2026-06-20 00:17:38,32.0,55.0,20.0,24.0,-4.0,2.1,24.0,24.1,24.6,22.7,-0.0,DRY,ON,20.0,20.0,20.0,Dry Forecast,Forecast dry. Recommend watering soon; pump stays OFF because ML_CONTROL_MODE=recommend.,Forecast Dry,,"Forecast Dry,DRY;TELEGRAM_SENT:Forecast Dry,DRY",OK
2026-06-20 00:17:46,32.0,55.0,20.0,24.0,-4.0,2.1,24.0,24.1,24.6,22.7,-0.0,DRY,ON,20.0,20.0,20.0,Dry Forecast,Forecast dry. Recommend watering soon; pump stays OFF because ML_CONTROL_MODE=recommend.,Forecast Dry,,"Forecast Dry,DRY;TELEGRAM_COOLDOWN:Forecast Dry,DRY",OK
2026-06-20 00:17:51,32.0,55.0,20.0,24.0,-4.0,2.1,24.0,24.1,24.6,22.7,-0.0,DRY,ON,20.0,20.0,20.0,Dry Forecast,Forecast dry. Recommend watering soon; pump stays OFF because ML_CONTROL_MODE=recommend.,Forecast Dry,,"Forecast Dry,DRY;TELEGRAM_SENT:Forecast Dry,DRY",OK
2026-06-20 00:17:56,32.0,55.0,20.0,24.0,-4.0,2.1,24.0,24.1,24.6,22.7,-0.0,DRY,ON,20.0,20.0,20.0,Dry Forecast,Forecast dry. Recommend watering soon; pump stays OFF because ML_CONTROL_MODE=recommend.,Forecast Dry,,"Forecast Dry,DRY;TELEGRAM_COOLDOWN:Forecast Dry,DRY",OK
2026-06-20 00:18:01,32.0,55.0,20.0,24.0,-4.0,2.1,24.0,24.1,24.6,22.7,-0.0,DRY,ON,20.0,20.0,20.0,Dry Forecast,Forecast dry. Recommend watering soon; pump stays OFF because ML_CONTROL_MODE=recommend.,Forecast Dry,,"Forecast Dry,DRY;TELEGRAM_SENT:Forecast Dry,DRY",OK
2026-06-20 00:18:07,32.0,55.0,20.0,24.0,-4.0,2.1,24.0,24.1,24.6,22.7,-0.0,DRY,ON,20.0,20.0,20.0,Dry Forecast,Forecast dry. Recommend watering soon; pump stays OFF because ML_CONTROL_MODE=recommend.,Forecast Dry,,"Forecast Dry,DRY;TELEGRAM_COOLDOWN:Forecast Dry,DRY",OK
2026-06-20 00:18:12,32.0,55.0,20.0,24.0,-4.0,2.1,24.0,24.1,24.6,22.7,-0.0,DRY,ON,20.0,20.0,20.0,Dry Forecast,Forecast dry. Recommend watering soon; pump stays OFF because ML_CONTROL_MODE=recommend.,Forecast Dry,,"Forecast Dry,DRY;TELEGRAM_SENT:Forecast Dry,DRY",OK
2026-06-20 00:18:20,32.0,55.0,20.0,24.0,-4.0,2.1,24.0,24.1,24.6,22.7,-0.0,DRY,ON,20.0,20.0,20.0,Dry Forecast,Forecast dry. Recommend watering soon; pump stays OFF because ML_CONTROL_MODE=recommend.,Forecast Dry,,"Forecast Dry,DRY;TELEGRAM_COOLDOWN:Forecast Dry,DRY",OK
2026-06-20 00:18:25,32.0,55.0,20.0,24.0,-4.0,2.1,24.0,24.1,24.6,22.7,-0.0,DRY,ON,20.0,20.0,20.0,Dry Forecast,Forecast dry. Recommend watering soon; pump stays OFF because ML_CONTROL_MODE=recommend.,Forecast Dry,,"Forecast Dry,DRY;TELEGRAM_SENT:Forecast Dry,DRY",OK
2026-06-20 00:18:31,32.0,55.0,20.0,24.0,-4.0,2.1,24.0,24.1,24.6,22.7,-0.0,DRY,ON,20.0,20.0,20.0,Dry Forecast,Forecast dry. Recommend watering soon; pump stays OFF because ML_CONTROL_MODE=recommend.,Forecast Dry,,"Forecast Dry,DRY;TELEGRAM_COOLDOWN:Forecast Dry,DRY",OK
2026-06-20 00:18:36,32.0,55.0,20.0,24.0,-4.0,2.1,24.0,24.1,24.6,22.7,-0.0,DRY,ON,20.0,20.0,20.0,Dry Forecast,Forecast dry. Recommend watering soon; pump stays OFF because ML_CONTROL_MODE=recommend.,Forecast Dry,,"Forecast Dry,DRY;TELEGRAM_SENT:Forecast Dry,DRY",OK
2026-06-20 00:18:42,32.0,55.0,20.0,24.0,-4.0,2.1,24.0,24.1,24.6,22.7,-0.0,DRY,ON,20.0,20.0,20.0,Dry Forecast,Forecast dry. Recommend watering soon; pump stays OFF because ML_CONTROL_MODE=recommend.,Forecast Dry,,"Forecast Dry,DRY;TELEGRAM_COOLDOWN:Forecast Dry,DRY",OK
2026-06-20 00:18:47,32.0,55.0,20.0,24.0,-4.0,2.1,24.0,24.1,24.6,22.7,-0.0,DRY,ON,20.0,20.0,20.0,Dry Forecast,Forecast dry. Recommend watering soon; pump stays OFF because ML_CONTROL_MODE=recommend.,Forecast Dry,,"Forecast Dry,DRY;TELEGRAM_SENT:Forecast Dry,DRY",OK
2026-06-20 00:18:54,32.0,55.0,20.0,24.0,-4.0,2.1,24.0,24.1,24.6,22.7,-0.0,DRY,ON,20.0,20.0,20.0,Dry Forecast,Forecast dry. Recommend watering soon; pump stays OFF because ML_CONTROL_MODE=recommend.,Forecast Dry,,"Forecast Dry,DRY;TELEGRAM_COOLDOWN:Forecast Dry,DRY",OK
2026-06-20 00:19:00,32.0,55.0,20.0,24.0,-4.0,2.1,24.0,24.1,24.6,22.7,-0.0,DRY,ON,20.0,20.0,20.0,Dry Forecast,Forecast dry. Recommend watering soon; pump stays OFF because ML_CONTROL_MODE=recommend.,Forecast Dry,,"Forecast Dry,DRY;TELEGRAM_SENT:Forecast Dry,DRY",OK
2026-06-20 00:19:05,32.0,55.0,20.0,24.0,-4.0,2.1,24.0,24.1,24.6,22.7,-0.0,DRY,ON,20.0,20.0,20.0,Dry Forecast,Forecast dry. Recommend watering soon; pump stays OFF because ML_CONTROL_MODE=recommend.,Forecast Dry,,"Forecast Dry,DRY;TELEGRAM_COOLDOWN:Forecast Dry,DRY",OK
2026-06-20 00:19:10,32.0,55.0,20.0,24.0,-4.0,2.1,24.0,24.1,24.6,22.7,-0.0,DRY,ON,20.0,20.0,20.0,Dry Forecast,Forecast dry. Recommend watering soon; pump stays OFF because ML_CONTROL_MODE=recommend.,Forecast Dry,,"Forecast Dry,DRY;TELEGRAM_SENT:Forecast Dry,DRY",OK
2026-06-20 00:19:16,32.0,55.0,20.0,24.0,-4.0,2.1,24.0,24.1,24.6,22.7,-0.0,DRY,ON,20.0,20.0,20.0,Dry Forecast,Forecast dry. Recommend watering soon; pump stays OFF because ML_CONTROL_MODE=recommend.,Forecast Dry,,"Forecast Dry,DRY;TELEGRAM_COOLDOWN:Forecast Dry,DRY",OK
2026-06-20 00:19:21,32.0,55.0,20.0,24.0,-4.0,2.1,24.0,24.1,24.6,22.7,-0.0,DRY,ON,20.0,20.0,20.0,Dry Forecast,Forecast dry. Recommend watering soon; pump stays OFF because ML_CONTROL_MODE=recommend.,Forecast Dry,,"Forecast Dry,DRY;TELEGRAM_SENT:Forecast Dry,DRY",OK
2026-06-20 00:19:29,32.0,55.0,20.0,24.0,-4.0,2.1,24.0,24.1,24.6,22.7,-0.0,DRY,ON,20.0,20.0,20.0,Dry Forecast,Forecast dry. Recommend watering soon; pump stays OFF because ML_CONTROL_MODE=recommend.,Forecast Dry,,"Forecast Dry,DRY;TELEGRAM_COOLDOWN:Forecast Dry,DRY",OK
2026-06-20 00:19:34,32.0,55.0,20.0,24.0,-4.0,2.1,24.0,24.1,24.6,22.7,-0.0,DRY,ON,20.0,20.0,20.0,Dry Forecast,Forecast dry. Recommend watering soon; pump stays OFF because ML_CONTROL_MODE=recommend.,Forecast Dry,,"Forecast Dry,DRY;TELEGRAM_SENT:Forecast Dry,DRY",OK
2026-06-20 00:19:40,32.0,55.0,20.0,24.0,-4.0,2.1,24.0,24.1,24.6,22.7,-0.0,DRY,ON,20.0,20.0,20.0,Dry Forecast,Forecast dry. Recommend watering soon; pump stays OFF because ML_CONTROL_MODE=recommend.,Forecast Dry,,"Forecast Dry,DRY;TELEGRAM_COOLDOWN:Forecast Dry,DRY",OK
2026-06-20 00:19:45,32.0,55.0,20.0,24.0,-4.0,2.1,24.0,24.1,24.6,22.7,-0.0,DRY,ON,20.0,20.0,20.0,Dry Forecast,Forecast dry. Recommend watering soon; pump stays OFF because ML_CONTROL_MODE=recommend.,Forecast Dry,,"Forecast Dry,DRY;TELEGRAM_SENT:Forecast Dry,DRY",OK
2026-06-20 00:19:51,32.0,55.0,20.0,24.0,-4.0,2.1,24.0,24.1,24.6,22.7,-0.0,DRY,ON,20.0,20.0,20.0,Dry Forecast,Forecast dry. Recommend watering soon; pump stays OFF because ML_CONTROL_MODE=recommend.,Forecast Dry,,"Forecast Dry,DRY;TELEGRAM_COOLDOWN:Forecast Dry,DRY",OK
2026-06-20 00:19:56,32.0,55.0,20.0,24.0,-4.0,2.1,24.0,24.1,24.6,22.7,-0.0,DRY,ON,20.0,20.0,20.0,Dry Forecast,Forecast dry. Recommend watering soon; pump stays OFF because ML_CONTROL_MODE=recommend.,Forecast Dry,,"Forecast Dry,DRY;TELEGRAM_SENT:Forecast Dry,DRY",OK
2026-06-20 00:20:04,32.0,55.0,20.0,24.0,-4.0,2.1,24.0,24.1,24.6,22.7,-0.0,DRY,ON,20.0,20.0,20.0,Dry Forecast,Forecast dry. Recommend watering soon; pump stays OFF because ML_CONTROL_MODE=recommend.,Forecast Dry,,"Forecast Dry,DRY;TELEGRAM_COOLDOWN:Forecast Dry,DRY",OK
2026-06-20 00:20:09,32.0,55.0,20.0,24.0,-4.0,2.1,24.0,24.1,24.6,22.7,-0.0,DRY,ON,20.0,20.0,20.0,Dry Forecast,Forecast dry. Recommend watering soon; pump stays OFF because ML_CONTROL_MODE=recommend.,Forecast Dry,,"Forecast Dry,DRY;TELEGRAM_SENT:Forecast Dry,DRY",OK
2026-06-20 00:20:15,32.0,55.0,20.0,24.0,-4.0,2.1,24.0,24.1,24.6,22.7,-0.0,DRY,ON,20.0,20.0,20.0,Dry Forecast,Forecast dry. Recommend watering soon; pump stays OFF because ML_CONTROL_MODE=recommend.,Forecast Dry,,"Forecast Dry,DRY;TELEGRAM_COOLDOWN:Forecast Dry,DRY",OK
2026-06-20 00:20:20,32.0,55.0,20.0,24.0,-4.0,2.1,24.0,24.1,24.6,22.7,-0.0,DRY,ON,20.0,20.0,20.0,Dry Forecast,Forecast dry. Recommend watering soon; pump stays OFF because ML_CONTROL_MODE=recommend.,Forecast Dry,,"Forecast Dry,DRY;TELEGRAM_SENT:Forecast Dry,DRY",OK
2026-06-20 00:20:25,32.0,55.0,20.0,24.0,-4.0,2.1,24.0,24.1,24.6,22.7,-0.0,DRY,ON,20.0,20.0,20.0,Dry Forecast,Forecast dry. Recommend watering soon; pump stays OFF because ML_CONTROL_MODE=recommend.,Forecast Dry,,"Forecast Dry,DRY;TELEGRAM_COOLDOWN:Forecast Dry,DRY",OK
2026-06-20 00:20:30,32.0,55.0,20.0,24.0,-4.0,2.1,24.0,24.1,24.6,22.7,-0.0,DRY,ON,20.0,20.0,20.0,Dry Forecast,Forecast dry. Recommend watering soon; pump stays OFF because ML_CONTROL_MODE=recommend.,Forecast Dry,,"Forecast Dry,DRY;TELEGRAM_SENT:Forecast Dry,DRY",OK
2026-06-20 00:20:38,32.0,55.0,20.0,24.0,-4.0,2.1,24.0,24.1,24.6,22.7,-0.0,DRY,ON,20.0,20.0,20.0,Dry Forecast,Forecast dry. Recommend watering soon; pump stays OFF because ML_CONTROL_MODE=recommend.,Forecast Dry,,"Forecast Dry,DRY;TELEGRAM_COOLDOWN:Forecast Dry,DRY",OK
2026-06-20 00:20:43,32.0,55.0,20.0,24.0,-4.0,2.1,24.0,24.1,24.6,22.7,-0.0,DRY,ON,20.0,20.0,20.0,Dry Forecast,Forecast dry. Recommend watering soon; pump stays OFF because ML_CONTROL_MODE=recommend.,Forecast Dry,,"Forecast Dry,DRY;TELEGRAM_SENT:Forecast Dry,DRY",OK
2026-06-20 00:20:49,32.0,55.0,20.0,24.0,-4.0,2.1,24.0,24.1,24.6,22.7,-0.0,DRY,ON,20.0,20.0,20.0,Dry Forecast,Forecast dry. Recommend watering soon; pump stays OFF because ML_CONTROL_MODE=recommend.,Forecast Dry,,"Forecast Dry,DRY;TELEGRAM_COOLDOWN:Forecast Dry,DRY",OK
2026-06-20 00:20:54,32.0,55.0,20.0,24.0,-4.0,2.1,24.0,24.1,24.6,22.7,-0.0,DRY,ON,20.0,20.0,20.0,Dry Forecast,Forecast dry. Recommend watering soon; pump stays OFF because ML_CONTROL_MODE=recommend.,Forecast Dry,,"Forecast Dry,DRY;TELEGRAM_SENT:Forecast Dry,DRY",OK
2026-06-20 00:21:00,32.0,55.0,20.0,24.0,-4.0,2.1,24.0,24.1,24.6,22.7,-0.0,DRY,ON,20.0,20.0,20.0,Dry Forecast,Forecast dry. Recommend watering soon; pump stays OFF because ML_CONTROL_MODE=recommend.,Forecast Dry,,"Forecast Dry,DRY;TELEGRAM_COOLDOWN:Forecast Dry,DRY",OK
2026-06-20 00:21:05,32.0,55.0,20.0,24.0,-4.0,2.1,24.0,24.1,24.6,22.7,-0.0,DRY,ON,20.0,20.0,20.0,Dry Forecast,Forecast dry. Recommend watering soon; pump stays OFF because ML_CONTROL_MODE=recommend.,Forecast Dry,,"Forecast Dry,DRY;TELEGRAM_SENT:Forecast Dry,DRY",OK
2026-06-20 00:21:13,32.0,55.0,20.0,24.0,-4.0,2.1,24.0,24.1,24.6,22.7,-0.0,DRY,ON,20.0,20.0,20.0,Dry Forecast,Forecast dry. Recommend watering soon; pump stays OFF because ML_CONTROL_MODE=recommend.,Forecast Dry,,"Forecast Dry,DRY;TELEGRAM_COOLDOWN:Forecast Dry,DRY",OK
2026-06-20 00:21:18,32.0,55.0,20.0,24.0,-4.0,2.1,24.0,24.1,24.6,22.7,-0.0,DRY,ON,20.0,20.0,20.0,Dry Forecast,Forecast dry. Recommend watering soon; pump stays OFF because ML_CONTROL_MODE=recommend.,Forecast Dry,,"Forecast Dry,DRY;TELEGRAM_SENT:Forecast Dry,DRY",OK
2026-06-20 00:21:23,32.0,55.0,20.0,24.0,-4.0,2.1,24.0,24.1,24.6,22.7,-0.0,DRY,ON,20.0,20.0,20.0,Dry Forecast,Forecast dry. Recommend watering soon; pump stays OFF because ML_CONTROL_MODE=recommend.,Forecast Dry,,"Forecast Dry,DRY;TELEGRAM_COOLDOWN:Forecast Dry,DRY",OK
2026-06-20 00:21:28,32.0,55.0,20.0,24.0,-4.0,2.1,24.0,24.1,24.6,22.7,-0.0,DRY,ON,20.0,20.0,20.0,Dry Forecast,Forecast dry. Recommend watering soon; pump stays OFF because ML_CONTROL_MODE=recommend.,Forecast Dry,,"Forecast Dry,DRY;TELEGRAM_SENT:Forecast Dry,DRY",OK
2026-06-20 00:21:34,32.0,55.0,20.0,24.0,-4.0,2.1,24.0,24.1,24.6,22.7,-0.0,DRY,ON,20.0,20.0,20.0,Dry Forecast,Forecast dry. Recommend watering soon; pump stays OFF because ML_CONTROL_MODE=recommend.,Forecast Dry,,"Forecast Dry,DRY;TELEGRAM_COOLDOWN:Forecast Dry,DRY",OK
2026-06-20 00:21:39,32.0,55.0,20.0,24.0,-4.0,2.1,24.0,24.1,24.6,22.7,-0.0,DRY,ON,20.0,20.0,20.0,Dry Forecast,Forecast dry. Recommend watering soon; pump stays OFF because ML_CONTROL_MODE=recommend.,Forecast Dry,,"Forecast Dry,DRY;TELEGRAM_SENT:Forecast Dry,DRY",OK
2026-06-20 00:21:47,32.0,55.0,20.0,24.0,-4.0,2.1,24.0,24.1,24.6,22.7,-0.0,DRY,ON,20.0,20.0,20.0,Dry Forecast,Forecast dry. Recommend watering soon; pump stays OFF because ML_CONTROL_MODE=recommend.,Forecast Dry,,"Forecast Dry,DRY;TELEGRAM_COOLDOWN:Forecast Dry,DRY",OK
2026-06-20 00:21:52,32.0,55.0,20.0,24.0,-4.0,2.1,24.0,24.1,24.6,22.7,-0.0,DRY,ON,20.0,20.0,20.0,Dry Forecast,Forecast dry. Recommend watering soon; pump stays OFF because ML_CONTROL_MODE=recommend.,Forecast Dry,,"Forecast Dry,DRY;TELEGRAM_SENT:Forecast Dry,DRY",OK
2026-06-20 00:21:58,32.0,55.0,20.0,24.0,-4.0,2.1,24.0,24.1,24.6,22.7,-0.0,DRY,ON,20.0,20.0,20.0,Dry Forecast,Forecast dry. Recommend watering soon; pump stays OFF because ML_CONTROL_MODE=recommend.,Forecast Dry,,"Forecast Dry,DRY;TELEGRAM_COOLDOWN:Forecast Dry,DRY",OK
2026-06-20 00:22:03,32.0,55.0,20.0,24.0,-4.0,2.1,24.0,24.1,24.6,22.7,-0.0,DRY,ON,20.0,20.0,20.0,Dry Forecast,Forecast dry. Recommend watering soon; pump stays OFF because ML_CONTROL_MODE=recommend.,Forecast Dry,,"Forecast Dry,DRY;TELEGRAM_SENT:Forecast Dry,DRY",OK
2026-06-20 00:22:09,32.0,55.0,20.0,24.0,-4.0,2.1,24.0,24.1,24.6,22.7,-0.0,DRY,ON,20.0,20.0,20.0,Dry Forecast,Forecast dry. Recommend watering soon; pump stays OFF because ML_CONTROL_MODE=recommend.,Forecast Dry,,"Forecast Dry,DRY;TELEGRAM_COOLDOWN:Forecast Dry,DRY",OK
2026-06-20 00:22:14,32.0,55.0,20.0,24.0,-4.0,2.1,24.0,24.1,24.6,22.7,-0.0,DRY,ON,20.0,20.0,20.0,Dry Forecast,Forecast dry. Recommend watering soon; pump stays OFF because ML_CONTROL_MODE=recommend.,Forecast Dry,,"Forecast Dry,DRY;TELEGRAM_SENT:Forecast Dry,DRY",OK
2026-06-20 00:22:21,32.0,55.0,20.0,24.0,-4.0,2.1,24.0,24.1,24.6,22.7,-0.0,DRY,ON,20.0,20.0,20.0,Dry Forecast,Forecast dry. Recommend watering soon; pump stays OFF because ML_CONTROL_MODE=recommend.,Forecast Dry,,"Forecast Dry,DRY;TELEGRAM_COOLDOWN:Forecast Dry,DRY",OK
2026-06-20 00:22:26,32.0,55.0,20.0,24.0,-4.0,2.1,24.0,24.1,24.6,22.7,-0.0,DRY,ON,20.0,20.0,20.0,Dry Forecast,Forecast dry. Recommend watering soon; pump stays OFF because ML_CONTROL_MODE=recommend.,Forecast Dry,,"Forecast Dry,DRY;TELEGRAM_SENT:Forecast Dry,DRY",OK
2026-06-20 00:22:32,32.0,55.0,20.0,24.0,-4.0,2.1,24.0,24.1,24.6,22.7,-0.0,DRY,ON,20.0,20.0,20.0,Dry Forecast,Forecast dry. Recommend watering soon; pump stays OFF because ML_CONTROL_MODE=recommend.,Forecast Dry,,"Forecast Dry,DRY;TELEGRAM_COOLDOWN:Forecast Dry,DRY",OK
2026-06-20 00:22:37,32.0,55.0,20.0,24.0,-4.0,2.1,24.0,24.1,24.6,22.7,-0.0,DRY,ON,20.0,20.0,20.0,Dry Forecast,Forecast dry. Recommend watering soon; pump stays OFF because ML_CONTROL_MODE=recommend.,Forecast Dry,,"Forecast Dry,DRY;TELEGRAM_SENT:Forecast Dry,DRY",OK
2026-06-20 00:22:43,32.0,55.0,20.0,24.0,-4.0,2.1,24.0,24.1,24.6,22.7,-0.0,DRY,ON,20.0,20.0,20.0,Dry Forecast,Forecast dry. Recommend watering soon; pump stays OFF because ML_CONTROL_MODE=recommend.,Forecast Dry,,"Forecast Dry,DRY;TELEGRAM_COOLDOWN:Forecast Dry,DRY",OK
2026-06-20 00:22:50,32.0,55.0,20.0,24.0,-4.0,2.1,24.0,24.1,24.6,22.7,-0.0,DRY,ON,20.0,20.0,20.0,Dry Forecast,Forecast dry. Recommend watering soon; pump stays OFF because ML_CONTROL_MODE=recommend.,Forecast Dry,,"Forecast Dry,DRY;TELEGRAM_SENT:Forecast Dry,DRY",OK
2026-06-20 00:22:56,32.0,55.0,20.0,24.0,-4.0,2.1,24.0,24.1,24.6,22.7,-0.0,DRY,ON,20.0,20.0,20.0,Dry Forecast,Forecast dry. Recommend watering soon; pump stays OFF because ML_CONTROL_MODE=recommend.,Forecast Dry,,"Forecast Dry,DRY;TELEGRAM_COOLDOWN:Forecast Dry,DRY",OK
2026-06-20 00:23:01,32.0,55.0,20.0,24.0,-4.0,2.1,24.0,24.1,24.6,22.7,-0.0,DRY,ON,20.0,20.0,20.0,Dry Forecast,Forecast dry. Recommend watering soon; pump stays OFF because ML_CONTROL_MODE=recommend.,Forecast Dry,,"Forecast Dry,DRY;TELEGRAM_SENT:Forecast Dry,DRY",OK
2026-06-20 00:23:07,32.0,55.0,20.0,24.0,-4.0,2.1,24.0,24.1,24.6,22.7,-0.0,DRY,ON,20.0,20.0,20.0,Dry Forecast,Forecast dry. Recommend watering soon; pump stays OFF because ML_CONTROL_MODE=recommend.,Forecast Dry,,"Forecast Dry,DRY;TELEGRAM_COOLDOWN:Forecast Dry,DRY",OK
2026-06-20 00:23:12,32.0,55.0,20.0,24.0,-4.0,2.1,24.0,24.1,24.6,22.7,-0.0,DRY,ON,20.0,20.0,20.0,Dry Forecast,Forecast dry. Recommend watering soon; pump stays OFF because ML_CONTROL_MODE=recommend.,Forecast Dry,,"Forecast Dry,DRY;TELEGRAM_SENT:Forecast Dry,DRY",OK
2026-06-20 00:23:18,32.0,55.0,20.0,24.0,-4.0,2.1,24.0,24.1,24.6,22.7,-0.0,DRY,ON,20.0,20.0,20.0,Dry Forecast,Forecast dry. Recommend watering soon; pump stays OFF because ML_CONTROL_MODE=recommend.,Forecast Dry,,"Forecast Dry,DRY;TELEGRAM_COOLDOWN:Forecast Dry,DRY",OK
2026-06-20 00:23:25,32.0,55.0,20.0,24.0,-4.0,2.1,24.0,24.1,24.6,22.7,-0.0,DRY,ON,20.0,20.0,20.0,Dry Forecast,Forecast dry. Recommend watering soon; pump stays OFF because ML_CONTROL_MODE=recommend.,Forecast Dry,,"Forecast Dry,DRY;TELEGRAM_SENT:Forecast Dry,DRY",OK
2026-06-20 00:23:31,32.0,55.0,20.0,24.0,-4.0,2.1,24.0,24.1,24.6,22.7,-0.0,DRY,ON,20.0,20.0,20.0,Dry Forecast,Forecast dry. Recommend watering soon; pump stays OFF because ML_CONTROL_MODE=recommend.,Forecast Dry,,"Forecast Dry,DRY;TELEGRAM_COOLDOWN:Forecast Dry,DRY",OK
2026-06-20 00:23:36,32.0,55.0,20.0,24.0,-4.0,2.1,24.0,24.1,24.6,22.7,-0.0,DRY,ON,20.0,20.0,20.0,Dry Forecast,Forecast dry. Recommend watering soon; pump stays OFF because ML_CONTROL_MODE=recommend.,Forecast Dry,,"Forecast Dry,DRY;TELEGRAM_SENT:Forecast Dry,DRY",OK
2026-06-20 00:23:42,32.0,55.0,20.0,24.0,-4.0,2.1,24.0,24.1,24.6,22.7,-0.0,DRY,ON,20.0,20.0,20.0,Dry Forecast,Forecast dry. Recommend watering soon; pump stays OFF because ML_CONTROL_MODE=recommend.,Forecast Dry,,"Forecast Dry,DRY;TELEGRAM_COOLDOWN:Forecast Dry,DRY",OK
2026-06-20 00:23:47,32.0,55.0,20.0,24.0,-4.0,2.1,24.0,24.1,24.6,22.7,-0.0,DRY,ON,20.0,20.0,20.0,Dry Forecast,Forecast dry. Recommend watering soon; pump stays OFF because ML_CONTROL_MODE=recommend.,Forecast Dry,,"Forecast Dry,DRY;TELEGRAM_SENT:Forecast Dry,DRY",OK
2026-06-20 00:23:53,32.0,55.0,20.0,24.0,-4.0,2.1,24.0,24.1,24.6,22.7,-0.0,DRY,ON,20.0,20.0,20.0,Dry Forecast,Forecast dry. Recommend watering soon; pump stays OFF because ML_CONTROL_MODE=recommend.,Forecast Dry,,"Forecast Dry,DRY;TELEGRAM_COOLDOWN:Forecast Dry,DRY",OK
2026-06-20 00:23:59,32.0,55.0,20.0,24.0,-4.0,2.1,24.0,24.1,24.6,22.7,-0.0,DRY,ON,20.0,20.0,20.0,Dry Forecast,Forecast dry. Recommend watering soon; pump stays OFF because ML_CONTROL_MODE=recommend.,Forecast Dry,,"Forecast Dry,DRY;TELEGRAM_SENT:Forecast Dry,DRY",OK
2026-06-20 00:24:05,32.0,55.0,20.0,24.0,-4.0,2.1,24.0,24.1,24.6,22.7,-0.0,DRY,ON,20.0,20.0,20.0,Dry Forecast,Forecast dry. Recommend watering soon; pump stays OFF because ML_CONTROL_MODE=recommend.,Forecast Dry,,"Forecast Dry,DRY;TELEGRAM_COOLDOWN:Forecast Dry,DRY",OK
2026-06-20 00:24:10,32.0,55.0,20.0,24.0,-4.0,2.1,24.0,24.1,24.6,22.7,-0.0,DRY,ON,20.0,20.0,20.0,Dry Forecast,Forecast dry. Recommend watering soon; pump stays OFF because ML_CONTROL_MODE=recommend.,Forecast Dry,,"Forecast Dry,DRY;TELEGRAM_SENT:Forecast Dry,DRY",OK
2026-06-20 00:24:16,32.0,55.0,20.0,24.0,-4.0,2.1,24.0,24.1,24.6,22.7,-0.0,DRY,ON,20.0,20.0,20.0,Dry Forecast,Forecast dry. Recommend watering soon; pump stays OFF because ML_CONTROL_MODE=recommend.,Forecast Dry,,"Forecast Dry,DRY;TELEGRAM_COOLDOWN:Forecast Dry,DRY",OK
2026-06-20 00:24:21,32.0,55.0,20.0,24.0,-4.0,2.1,24.0,24.1,24.6,22.7,-0.0,DRY,ON,20.0,20.0,20.0,Dry Forecast,Forecast dry. Recommend watering soon; pump stays OFF because ML_CONTROL_MODE=recommend.,Forecast Dry,,"Forecast Dry,DRY;TELEGRAM_SENT:Forecast Dry,DRY",OK
2026-06-20 00:24:27,32.0,55.0,20.0,24.0,-4.0,2.1,24.0,24.1,24.6,22.7,-0.0,DRY,ON,20.0,20.0,20.0,Dry Forecast,Forecast dry. Recommend watering soon; pump stays OFF because ML_CONTROL_MODE=recommend.,Forecast Dry,,"Forecast Dry,DRY;TELEGRAM_COOLDOWN:Forecast Dry,DRY",OK
2026-06-20 00:24:34,32.0,55.0,20.0,24.0,-4.0,2.1,24.0,24.1,24.6,22.7,-0.0,DRY,ON,20.0,20.0,20.0,Dry Forecast,Forecast dry. Recommend watering soon; pump stays OFF because ML_CONTROL_MODE=recommend.,Forecast Dry,,"Forecast Dry,DRY;TELEGRAM_SENT:Forecast Dry,DRY",OK
2026-06-20 00:24:40,32.0,55.0,20.0,24.0,-4.0,2.1,24.0,24.1,24.6,22.7,-0.0,DRY,ON,20.0,20.0,20.0,Dry Forecast,Forecast dry. Recommend watering soon; pump stays OFF because ML_CONTROL_MODE=recommend.,Forecast Dry,,"Forecast Dry,DRY;TELEGRAM_COOLDOWN:Forecast Dry,DRY",OK
2026-06-20 00:24:45,32.0,55.0,20.0,24.0,-4.0,2.1,24.0,24.1,24.6,22.7,-0.0,DRY,ON,20.0,20.0,20.0,Dry Forecast,Forecast dry. Recommend watering soon; pump stays OFF because ML_CONTROL_MODE=recommend.,Forecast Dry,,"Forecast Dry,DRY;TELEGRAM_SENT:Forecast Dry,DRY",OK
2026-06-20 00:24:52,32.0,55.0,20.0,24.0,-4.0,2.1,24.0,24.1,24.6,22.7,-0.0,DRY,ON,20.0,20.0,20.0,Dry Forecast,Forecast dry. Recommend watering soon; pump stays OFF because ML_CONTROL_MODE=recommend.,Forecast Dry,,"Forecast Dry,DRY;TELEGRAM_COOLDOWN:Forecast Dry,DRY",OK
2026-06-20 00:24:57,32.0,55.0,20.0,24.0,-4.0,2.1,24.0,24.1,24.6,22.7,-0.0,DRY,ON,20.0,20.0,20.0,Dry Forecast,Forecast dry. Recommend watering soon; pump stays OFF because ML_CONTROL_MODE=recommend.,Forecast Dry,,"Forecast Dry,DRY;TELEGRAM_SENT:Forecast Dry,DRY",OK
2026-06-20 00:25:02,32.0,55.0,20.0,24.0,-4.0,2.1,24.0,24.1,24.6,22.7,-0.0,DRY,ON,20.0,20.0,20.0,Dry Forecast,Forecast dry. Recommend watering soon; pump stays OFF because ML_CONTROL_MODE=recommend.,Forecast Dry,,"Forecast Dry,DRY;TELEGRAM_COOLDOWN:Forecast Dry,DRY",OK
2026-06-20 00:25:09,32.0,55.0,20.0,24.0,-4.0,2.1,24.0,24.1,24.6,22.7,-0.0,DRY,ON,20.0,20.0,20.0,Dry Forecast,Forecast dry. Recommend watering soon; pump stays OFF because ML_CONTROL_MODE=recommend.,Forecast Dry,,"Forecast Dry,DRY;TELEGRAM_SENT:Forecast Dry,DRY",OK
2026-06-20 00:25:15,32.0,55.0,20.0,24.0,-4.0,2.1,24.0,24.1,24.6,22.7,-0.0,DRY,ON,20.0,20.0,20.0,Dry Forecast,Forecast dry. Recommend watering soon; pump stays OFF because ML_CONTROL_MODE=recommend.,Forecast Dry,,"Forecast Dry,DRY;TELEGRAM_COOLDOWN:Forecast Dry,DRY",OK
2026-06-20 00:25:20,32.0,55.0,20.0,24.0,-4.0,2.1,24.0,24.1,24.6,22.7,-0.0,DRY,ON,20.0,20.0,20.0,Dry Forecast,Forecast dry. Recommend watering soon; pump stays OFF because ML_CONTROL_MODE=recommend.,Forecast Dry,,"Forecast Dry,DRY;TELEGRAM_SENT:Forecast Dry,DRY",OK
2026-06-20 00:25:26,32.0,55.0,20.0,24.0,-4.0,2.1,24.0,24.1,24.6,22.7,-0.0,DRY,ON,20.0,20.0,20.0,Dry Forecast,Forecast dry. Recommend watering soon; pump stays OFF because ML_CONTROL_MODE=recommend.,Forecast Dry,,"Forecast Dry,DRY;TELEGRAM_COOLDOWN:Forecast Dry,DRY",OK
2026-06-20 00:25:31,32.0,55.0,20.0,24.0,-4.0,2.1,24.0,24.1,24.6,22.7,-0.0,DRY,ON,20.0,20.0,20.0,Dry Forecast,Forecast dry. Recommend watering soon; pump stays OFF because ML_CONTROL_MODE=recommend.,Forecast Dry,,"Forecast Dry,DRY;TELEGRAM_SENT:Forecast Dry,DRY",OK
2026-06-20 00:25:37,32.0,55.0,20.0,24.0,-4.0,2.1,24.0,24.1,24.6,22.7,-0.0,DRY,ON,20.0,20.0,20.0,Dry Forecast,Forecast dry. Recommend watering soon; pump stays OFF because ML_CONTROL_MODE=recommend.,Forecast Dry,,"Forecast Dry,DRY;TELEGRAM_COOLDOWN:Forecast Dry,DRY",OK
2026-06-20 00:25:44,32.0,55.0,20.0,24.0,-4.0,2.1,24.0,24.1,24.6,22.7,-0.0,DRY,ON,20.0,20.0,20.0,Dry Forecast,Forecast dry. Recommend watering soon; pump stays OFF because ML_CONTROL_MODE=recommend.,Forecast Dry,,"Forecast Dry,DRY;TELEGRAM_SENT:Forecast Dry,DRY",OK
2026-06-20 00:25:50,32.0,55.0,20.0,24.0,-4.0,2.1,24.0,24.1,24.6,22.7,-0.0,DRY,ON,20.0,20.0,20.0,Dry Forecast,Forecast dry. Recommend watering soon; pump stays OFF because ML_CONTROL_MODE=recommend.,Forecast Dry,,"Forecast Dry,DRY;TELEGRAM_COOLDOWN:Forecast Dry,DRY",OK
2026-06-20 00:25:55,32.0,55.0,20.0,24.0,-4.0,2.1,24.0,24.1,24.6,22.7,-0.0,DRY,ON,20.0,20.0,20.0,Dry Forecast,Forecast dry. Recommend watering soon; pump stays OFF because ML_CONTROL_MODE=recommend.,Forecast Dry,,"Forecast Dry,DRY;TELEGRAM_SENT:Forecast Dry,DRY",OK
2026-06-20 00:26:02,32.0,55.0,20.0,24.0,-4.0,2.1,24.0,24.1,24.6,22.7,-0.0,DRY,ON,20.0,20.0,20.0,Dry Forecast,Forecast dry. Recommend watering soon; pump stays OFF because ML_CONTROL_MODE=recommend.,Forecast Dry,,"Forecast Dry,DRY;TELEGRAM_COOLDOWN:Forecast Dry,DRY",OK
2026-06-20 00:26:07,32.0,55.0,20.0,24.0,-4.0,2.1,24.0,24.1,24.6,22.7,-0.0,DRY,ON,20.0,20.0,20.0,Dry Forecast,Forecast dry. Recommend watering soon; pump stays OFF because ML_CONTROL_MODE=recommend.,Forecast Dry,,"Forecast Dry,DRY;TELEGRAM_SENT:Forecast Dry,DRY",OK
2026-06-20 00:26:15,32.0,55.0,20.0,24.0,-4.0,2.1,24.0,24.1,24.6,22.7,-0.0,DRY,ON,20.0,20.0,20.0,Dry Forecast,Forecast dry. Recommend watering soon; pump stays OFF because ML_CONTROL_MODE=recommend.,Forecast Dry,,"Forecast Dry,DRY;TELEGRAM_COOLDOWN:Forecast Dry,DRY",OK
2026-06-20 00:26:20,32.0,55.0,20.0,24.0,-4.0,2.1,24.0,24.1,24.6,22.7,-0.0,DRY,ON,20.0,20.0,20.0,Dry Forecast,Forecast dry. Recommend watering soon; pump stays OFF because ML_CONTROL_MODE=recommend.,Forecast Dry,,"Forecast Dry,DRY;TELEGRAM_SENT:Forecast Dry,DRY",OK
2026-06-20 00:26:26,32.0,55.0,20.0,24.0,-4.0,2.1,24.0,24.1,24.6,22.7,-0.0,DRY,ON,20.0,20.0,20.0,Dry Forecast,Forecast dry. Recommend watering soon; pump stays OFF because ML_CONTROL_MODE=recommend.,Forecast Dry,,"Forecast Dry,DRY;TELEGRAM_COOLDOWN:Forecast Dry,DRY",OK
2026-06-20 00:26:31,32.0,55.0,20.0,24.0,-4.0,2.1,24.0,24.1,24.6,22.7,-0.0,DRY,ON,20.0,20.0,20.0,Dry Forecast,Forecast dry. Recommend watering soon; pump stays OFF because ML_CONTROL_MODE=recommend.,Forecast Dry,,"Forecast Dry,DRY;TELEGRAM_SENT:Forecast Dry,DRY",OK
2026-06-20 00:26:37,32.0,55.0,20.0,24.0,-4.0,2.1,24.0,24.1,24.6,22.7,-0.0,DRY,ON,20.0,20.0,20.0,Dry Forecast,Forecast dry. Recommend watering soon; pump stays OFF because ML_CONTROL_MODE=recommend.,Forecast Dry,,"Forecast Dry,DRY;TELEGRAM_COOLDOWN:Forecast Dry,DRY",OK
2026-06-20 00:26:42,32.0,55.0,20.0,24.0,-4.0,2.1,24.0,24.1,24.6,22.7,-0.0,DRY,ON,20.0,20.0,20.0,Dry Forecast,Forecast dry. Recommend watering soon; pump stays OFF because ML_CONTROL_MODE=recommend.,Forecast Dry,,"Forecast Dry,DRY;TELEGRAM_SENT:Forecast Dry,DRY",OK
2026-06-20 00:26:50,32.0,55.0,20.0,24.0,-4.0,2.1,24.0,24.1,24.6,22.7,-0.0,DRY,ON,20.0,20.0,20.0,Dry Forecast,Forecast dry. Recommend watering soon; pump stays OFF because ML_CONTROL_MODE=recommend.,Forecast Dry,,"Forecast Dry,DRY;TELEGRAM_COOLDOWN:Forecast Dry,DRY",OK
2026-06-20 00:26:55,32.0,55.0,20.0,24.0,-4.0,2.1,24.0,24.1,24.6,22.7,-0.0,DRY,ON,20.0,20.0,20.0,Dry Forecast,Forecast dry. Recommend watering soon; pump stays OFF because ML_CONTROL_MODE=recommend.,Forecast Dry,,"Forecast Dry,DRY;TELEGRAM_SENT:Forecast Dry,DRY",OK
2026-06-20 00:27:01,32.0,55.0,20.0,24.0,-4.0,2.1,24.0,24.1,24.6,22.7,-0.0,DRY,ON,20.0,20.0,20.0,Dry Forecast,Forecast dry. Recommend watering soon; pump stays OFF because ML_CONTROL_MODE=recommend.,Forecast Dry,,"Forecast Dry,DRY;TELEGRAM_COOLDOWN:Forecast Dry,DRY",OK
2026-06-20 00:27:06,32.0,55.0,20.0,24.0,-4.0,2.1,24.0,24.1,24.6,22.7,-0.0,DRY,ON,20.0,20.0,20.0,Dry Forecast,Forecast dry. Recommend watering soon; pump stays OFF because ML_CONTROL_MODE=recommend.,Forecast Dry,,"Forecast Dry,DRY;TELEGRAM_SENT:Forecast Dry,DRY",OK
2026-06-20 00:27:12,32.0,55.0,20.0,24.0,-4.0,2.1,24.0,24.1,24.6,22.7,-0.0,DRY,ON,20.0,20.0,20.0,Dry Forecast,Forecast dry. Recommend watering soon; pump stays OFF because ML_CONTROL_MODE=recommend.,Forecast Dry,,"Forecast Dry,DRY;TELEGRAM_COOLDOWN:Forecast Dry,DRY",OK
2026-06-20 00:27:17,32.0,55.0,20.0,24.0,-4.0,2.1,24.0,24.1,24.6,22.7,-0.0,DRY,ON,20.0,20.0,20.0,Dry Forecast,Forecast dry. Recommend watering soon; pump stays OFF because ML_CONTROL_MODE=recommend.,Forecast Dry,,"Forecast Dry,DRY;TELEGRAM_SENT:Forecast Dry,DRY",OK
2026-06-20 00:27:25,32.0,55.0,20.0,24.0,-4.0,2.1,24.0,24.1,24.6,22.7,-0.0,DRY,ON,20.0,20.0,20.0,Dry Forecast,Forecast dry. Recommend watering soon; pump stays OFF because ML_CONTROL_MODE=recommend.,Forecast Dry,,"Forecast Dry,DRY;TELEGRAM_COOLDOWN:Forecast Dry,DRY",OK
2026-06-20 00:27:30,32.0,55.0,20.0,24.0,-4.0,2.1,24.0,24.1,24.6,22.7,-0.0,DRY,ON,20.0,20.0,20.0,Dry Forecast,Forecast dry. Recommend watering soon; pump stays OFF because ML_CONTROL_MODE=recommend.,Forecast Dry,,"Forecast Dry,DRY;TELEGRAM_SENT:Forecast Dry,DRY",OK
2026-06-20 00:27:36,32.0,55.0,20.0,24.0,-4.0,2.1,24.0,24.1,24.6,22.7,-0.0,DRY,ON,20.0,20.0,20.0,Dry Forecast,Forecast dry. Recommend watering soon; pump stays OFF because ML_CONTROL_MODE=recommend.,Forecast Dry,,"Forecast Dry,DRY;TELEGRAM_COOLDOWN:Forecast Dry,DRY",OK
2026-06-20 00:27:41,32.0,55.0,20.0,24.0,-4.0,2.1,24.0,24.1,24.6,22.7,-0.0,DRY,ON,20.0,20.0,20.0,Dry Forecast,Forecast dry. Recommend watering soon; pump stays OFF because ML_CONTROL_MODE=recommend.,Forecast Dry,,"Forecast Dry,DRY;TELEGRAM_SENT:Forecast Dry,DRY",OK
2026-06-20 00:27:46,32.0,55.0,20.0,24.0,-4.0,2.1,24.0,24.1,24.6,22.7,-0.0,DRY,ON,20.0,20.0,20.0,Dry Forecast,Forecast dry. Recommend watering soon; pump stays OFF because ML_CONTROL_MODE=recommend.,Forecast Dry,,"Forecast Dry,DRY;TELEGRAM_COOLDOWN:Forecast Dry,DRY",OK
2026-06-20 00:27:51,32.0,55.0,20.0,24.0,-4.0,2.1,24.0,24.1,24.6,22.7,-0.0,DRY,ON,20.0,20.0,20.0,Dry Forecast,Forecast dry. Recommend watering soon; pump stays OFF because ML_CONTROL_MODE=recommend.,Forecast Dry,,"Forecast Dry,DRY;TELEGRAM_SENT:Forecast Dry,DRY",OK
2026-06-20 00:27:59,32.0,55.0,20.0,24.0,-4.0,2.1,24.0,24.1,24.6,22.7,-0.0,DRY,ON,20.0,20.0,20.0,Dry Forecast,Forecast dry. Recommend watering soon; pump stays OFF because ML_CONTROL_MODE=recommend.,Forecast Dry,,"Forecast Dry,DRY;TELEGRAM_COOLDOWN:Forecast Dry,DRY",OK
2026-06-20 00:28:04,32.0,55.0,20.0,24.0,-4.0,2.1,24.0,24.1,24.6,22.7,-0.0,DRY,ON,20.0,20.0,20.0,Dry Forecast,Forecast dry. Recommend watering soon; pump stays OFF because ML_CONTROL_MODE=recommend.,Forecast Dry,,"Forecast Dry,DRY;TELEGRAM_SENT:Forecast Dry,DRY",OK
2026-06-20 00:28:10,32.0,55.0,20.0,24.0,-4.0,2.1,24.0,24.1,24.6,22.7,-0.0,DRY,ON,20.0,20.0,20.0,Dry Forecast,Forecast dry. Recommend watering soon; pump stays OFF because ML_CONTROL_MODE=recommend.,Forecast Dry,,"Forecast Dry,DRY;TELEGRAM_COOLDOWN:Forecast Dry,DRY",OK
2026-06-20 00:28:15,32.0,55.0,20.0,24.0,-4.0,2.1,24.0,24.1,24.6,22.7,-0.0,DRY,ON,20.0,20.0,20.0,Dry Forecast,Forecast dry. Recommend watering soon; pump stays OFF because ML_CONTROL_MODE=recommend.,Forecast Dry,,"Forecast Dry,DRY;TELEGRAM_SENT:Forecast Dry,DRY",OK
2026-06-20 00:28:21,32.0,55.0,20.0,24.0,-4.0,2.1,24.0,24.1,24.6,22.7,-0.0,DRY,ON,20.0,20.0,20.0,Dry Forecast,Forecast dry. Recommend watering soon; pump stays OFF because ML_CONTROL_MODE=recommend.,Forecast Dry,,"Forecast Dry,DRY;TELEGRAM_COOLDOWN:Forecast Dry,DRY",OK
2026-06-20 00:28:26,32.0,55.0,20.0,24.0,-4.0,2.1,24.0,24.1,24.6,22.7,-0.0,DRY,ON,20.0,20.0,20.0,Dry Forecast,Forecast dry. Recommend watering soon; pump stays OFF because ML_CONTROL_MODE=recommend.,Forecast Dry,,"Forecast Dry,DRY;TELEGRAM_SENT:Forecast Dry,DRY",OK
2026-06-20 00:28:34,32.0,55.0,20.0,24.0,-4.0,2.1,24.0,24.1,24.6,22.7,-0.0,DRY,ON,20.0,20.0,20.0,Dry Forecast,Forecast dry. Recommend watering soon; pump stays OFF because ML_CONTROL_MODE=recommend.,Forecast Dry,,"Forecast Dry,DRY;TELEGRAM_COOLDOWN:Forecast Dry,DRY",OK
2026-06-20 00:28:39,32.0,55.0,20.0,24.0,-4.0,2.1,24.0,24.1,24.6,22.7,-0.0,DRY,ON,20.0,20.0,20.0,Dry Forecast,Forecast dry. Recommend watering soon; pump stays OFF because ML_CONTROL_MODE=recommend.,Forecast Dry,,"Forecast Dry,DRY;TELEGRAM_SENT:Forecast Dry,DRY",OK
2026-06-20 00:28:46,32.0,55.0,20.0,24.0,-4.0,2.1,24.0,24.1,24.6,22.7,-0.0,DRY,ON,20.0,20.0,20.0,Dry Forecast,Forecast dry. Recommend watering soon; pump stays OFF because ML_CONTROL_MODE=recommend.,Forecast Dry,,"Forecast Dry,DRY;TELEGRAM_COOLDOWN:Forecast Dry,DRY",OK
2026-06-20 00:28:51,32.0,55.0,20.0,24.0,-4.0,2.1,24.0,24.1,24.6,22.7,-0.0,DRY,ON,20.0,20.0,20.0,Dry Forecast,Forecast dry. Recommend watering soon; pump stays OFF because ML_CONTROL_MODE=recommend.,Forecast Dry,,"Forecast Dry,DRY;TELEGRAM_SENT:Forecast Dry,DRY",OK
2026-06-20 00:28:57,32.0,55.0,20.0,24.0,-4.0,2.1,24.0,24.1,24.6,22.7,-0.0,DRY,ON,20.0,20.0,20.0,Dry Forecast,Forecast dry. Recommend watering soon; pump stays OFF because ML_CONTROL_MODE=recommend.,Forecast Dry,,"Forecast Dry,DRY;TELEGRAM_COOLDOWN:Forecast Dry,DRY",OK
2026-06-20 00:29:02,32.0,55.0,20.0,24.0,-4.0,2.1,24.0,24.1,24.6,22.7,-0.0,DRY,ON,20.0,20.0,20.0,Dry Forecast,Forecast dry. Recommend watering soon; pump stays OFF because ML_CONTROL_MODE=recommend.,Forecast Dry,,"Forecast Dry,DRY;TELEGRAM_SENT:Forecast Dry,DRY",OK
2026-06-20 00:29:10,32.0,55.0,20.0,24.0,-4.0,2.1,24.0,24.1,24.6,22.7,-0.0,DRY,ON,20.0,20.0,20.0,Dry Forecast,Forecast dry. Recommend watering soon; pump stays OFF because ML_CONTROL_MODE=recommend.,Forecast Dry,,"Forecast Dry,DRY;TELEGRAM_COOLDOWN:Forecast Dry,DRY",OK
2026-06-20 00:29:15,32.0,55.0,20.0,24.0,-4.0,2.1,24.0,24.1,24.6,22.7,-0.0,DRY,ON,20.0,20.0,20.0,Dry Forecast,Forecast dry. Recommend watering soon; pump stays OFF because ML_CONTROL_MODE=recommend.,Forecast Dry,,"Forecast Dry,DRY;TELEGRAM_SENT:Forecast Dry,DRY",OK
2026-06-20 00:29:20,32.0,55.0,20.0,24.0,-4.0,2.1,24.0,24.1,24.6,22.7,-0.0,DRY,ON,20.0,20.0,20.0,Dry Forecast,Forecast dry. Recommend watering soon; pump stays OFF because ML_CONTROL_MODE=recommend.,Forecast Dry,,"Forecast Dry,DRY;TELEGRAM_COOLDOWN:Forecast Dry,DRY",OK
2026-06-20 00:29:25,32.0,55.0,20.0,24.0,-4.0,2.1,24.0,24.1,24.6,22.7,-0.0,DRY,ON,20.0,20.0,20.0,Dry Forecast,Forecast dry. Recommend watering soon; pump stays OFF because ML_CONTROL_MODE=recommend.,Forecast Dry,,"Forecast Dry,DRY;TELEGRAM_SENT:Forecast Dry,DRY",OK
2026-06-20 00:29:31,32.0,55.0,20.0,24.0,-4.0,2.1,24.0,24.1,24.6,22.7,-0.0,DRY,ON,20.0,20.0,20.0,Dry Forecast,Forecast dry. Recommend watering soon; pump stays OFF because ML_CONTROL_MODE=recommend.,Forecast Dry,,"Forecast Dry,DRY;TELEGRAM_COOLDOWN:Forecast Dry,DRY",OK
2026-06-20 00:29:36,32.0,55.0,20.0,24.0,-4.0,2.1,24.0,24.1,24.6,22.7,-0.0,DRY,ON,20.0,20.0,20.0,Dry Forecast,Forecast dry. Recommend watering soon; pump stays OFF because ML_CONTROL_MODE=recommend.,Forecast Dry,,"Forecast Dry,DRY;TELEGRAM_SENT:Forecast Dry,DRY",OK
2026-06-20 00:29:44,32.0,55.0,20.0,24.0,-4.0,2.1,24.0,24.1,24.6,22.7,-0.0,DRY,ON,20.0,20.0,20.0,Dry Forecast,Forecast dry. Recommend watering soon; pump stays OFF because ML_CONTROL_MODE=recommend.,Forecast Dry,,"Forecast Dry,DRY;TELEGRAM_COOLDOWN:Forecast Dry,DRY",OK
2026-06-20 00:29:49,32.0,55.0,20.0,24.0,-4.0,2.1,24.0,24.1,24.6,22.7,-0.0,DRY,ON,20.0,20.0,20.0,Dry Forecast,Forecast dry. Recommend watering soon; pump stays OFF because ML_CONTROL_MODE=recommend.,Forecast Dry,,"Forecast Dry,DRY;TELEGRAM_SENT:Forecast Dry,DRY",OK
2026-06-20 00:29:55,32.0,55.0,20.0,24.0,-4.0,2.1,24.0,24.1,24.6,22.7,-0.0,DRY,ON,20.0,20.0,20.0,Dry Forecast,Forecast dry. Recommend watering soon; pump stays OFF because ML_CONTROL_MODE=recommend.,Forecast Dry,,"Forecast Dry,DRY;TELEGRAM_COOLDOWN:Forecast Dry,DRY",OK
2026-06-20 00:30:00,32.0,55.0,20.0,24.0,-4.0,2.1,24.0,24.1,24.6,22.7,-0.0,DRY,ON,20.0,20.0,20.0,Dry Forecast,Forecast dry. Recommend watering soon; pump stays OFF because ML_CONTROL_MODE=recommend.,Forecast Dry,,"Forecast Dry,DRY;TELEGRAM_SENT:Forecast Dry,DRY",OK
2026-06-20 00:30:08,32.0,55.0,20.0,24.0,-4.0,2.1,24.0,24.1,24.6,22.7,-0.0,DRY,ON,20.0,20.0,20.0,Dry Forecast,Forecast dry. Recommend watering soon; pump stays OFF because ML_CONTROL_MODE=recommend.,Forecast Dry,,"Forecast Dry,DRY;TELEGRAM_COOLDOWN:Forecast Dry,DRY",OK
2026-06-20 00:30:13,32.0,55.0,20.0,24.0,-4.0,2.1,24.0,24.1,24.6,22.7,-0.0,DRY,ON,20.0,20.0,20.0,Dry Forecast,Forecast dry. Recommend watering soon; pump stays OFF because ML_CONTROL_MODE=recommend.,Forecast Dry,,"Forecast Dry,DRY;TELEGRAM_SENT:Forecast Dry,DRY",OK
2026-06-20 00:30:21,32.0,55.0,20.0,24.0,-4.0,2.1,24.0,24.1,24.6,22.7,-0.0,DRY,ON,20.0,20.0,20.0,Dry Forecast,Forecast dry. Recommend watering soon; pump stays OFF because ML_CONTROL_MODE=recommend.,Forecast Dry,,"Forecast Dry,DRY;TELEGRAM_COOLDOWN:Forecast Dry,DRY",OK
2026-06-20 00:30:26,32.0,55.0,20.0,24.0,-4.0,2.1,24.0,24.1,24.6,22.7,-0.0,DRY,ON,20.0,20.0,20.0,Dry Forecast,Forecast dry. Recommend watering soon; pump stays OFF because ML_CONTROL_MODE=recommend.,Forecast Dry,,"Forecast Dry,DRY;TELEGRAM_SENT:Forecast Dry,DRY",OK
2026-06-20 00:30:31,32.0,55.0,20.0,24.0,-4.0,2.1,24.0,24.1,24.6,22.7,-0.0,DRY,ON,20.0,20.0,20.0,Dry Forecast,Forecast dry. Recommend watering soon; pump stays OFF because ML_CONTROL_MODE=recommend.,Forecast Dry,,"Forecast Dry,DRY;TELEGRAM_COOLDOWN:Forecast Dry,DRY",OK
2026-06-20 00:30:37,32.0,55.0,20.0,24.0,-4.0,2.1,24.0,24.1,24.6,22.7,-0.0,DRY,ON,20.0,20.0,20.0,Dry Forecast,Forecast dry. Recommend watering soon; pump stays OFF because ML_CONTROL_MODE=recommend.,Forecast Dry,,"Forecast Dry,DRY;TELEGRAM_SENT:Forecast Dry,DRY",OK
2026-06-20 00:30:42,32.0,55.0,20.0,24.0,-4.0,2.1,24.0,24.1,24.6,22.7,-0.0,DRY,ON,20.0,20.0,20.0,Dry Forecast,Forecast dry. Recommend watering soon; pump stays OFF because ML_CONTROL_MODE=recommend.,Forecast Dry,,"Forecast Dry,DRY;TELEGRAM_COOLDOWN:Forecast Dry,DRY",OK
2026-06-20 00:30:49,32.0,55.0,20.0,24.0,-4.0,2.1,24.0,24.1,24.6,22.7,-0.0,DRY,ON,20.0,20.0,20.0,Dry Forecast,Forecast dry. Recommend watering soon; pump stays OFF because ML_CONTROL_MODE=recommend.,Forecast Dry,,"Forecast Dry,DRY;TELEGRAM_SENT:Forecast Dry,DRY",OK
2026-06-20 00:30:56,32.0,55.0,20.0,24.0,-4.0,2.1,24.0,24.1,24.6,22.7,-0.0,DRY,ON,20.0,20.0,20.0,Dry Forecast,Forecast dry. Recommend watering soon; pump stays OFF because ML_CONTROL_MODE=recommend.,Forecast Dry,,"Forecast Dry,DRY;TELEGRAM_COOLDOWN:Forecast Dry,DRY",OK
2026-06-20 00:31:01,32.0,55.0,20.0,24.0,-4.0,2.1,24.0,24.1,24.6,22.7,-0.0,DRY,ON,20.0,20.0,20.0,Dry Forecast,Forecast dry. Recommend watering soon; pump stays OFF because ML_CONTROL_MODE=recommend.,Forecast Dry,,"Forecast Dry,DRY;TELEGRAM_SENT:Forecast Dry,DRY",OK
2026-06-20 00:31:06,32.0,55.0,20.0,24.0,-4.0,2.1,24.0,24.1,24.6,22.7,-0.0,DRY,ON,20.0,20.0,20.0,Dry Forecast,Forecast dry. Recommend watering soon; pump stays OFF because ML_CONTROL_MODE=recommend.,Forecast Dry,,"Forecast Dry,DRY;TELEGRAM_COOLDOWN:Forecast Dry,DRY",OK
2026-06-20 00:31:11,32.0,55.0,20.0,24.0,-4.0,2.1,24.0,24.1,24.6,22.7,-0.0,DRY,ON,20.0,20.0,20.0,Dry Forecast,Forecast dry. Recommend watering soon; pump stays OFF because ML_CONTROL_MODE=recommend.,Forecast Dry,,"Forecast Dry,DRY;TELEGRAM_SENT:Forecast Dry,DRY",OK
2026-06-20 00:31:17,32.0,55.0,20.0,24.0,-4.0,2.1,24.0,24.1,24.6,22.7,-0.0,DRY,ON,20.0,20.0,20.0,Dry Forecast,Forecast dry. Recommend watering soon; pump stays OFF because ML_CONTROL_MODE=recommend.,Forecast Dry,,"Forecast Dry,DRY;TELEGRAM_COOLDOWN:Forecast Dry,DRY",OK
2026-06-20 00:31:24,32.0,55.0,20.0,24.0,-4.0,2.1,24.0,24.1,24.6,22.7,-0.0,DRY,ON,20.0,20.0,20.0,Dry Forecast,Forecast dry. Recommend watering soon; pump stays OFF because ML_CONTROL_MODE=recommend.,Forecast Dry,,"Forecast Dry,DRY;TELEGRAM_SENT:Forecast Dry,DRY",OK
2026-06-20 00:31:30,32.0,55.0,20.0,24.0,-4.0,2.1,24.0,24.1,24.6,22.7,-0.0,DRY,ON,20.0,20.0,20.0,Dry Forecast,Forecast dry. Recommend watering soon; pump stays OFF because ML_CONTROL_MODE=recommend.,Forecast Dry,,"Forecast Dry,DRY;TELEGRAM_COOLDOWN:Forecast Dry,DRY",OK
2026-06-20 00:31:35,32.0,55.0,20.0,24.0,-4.0,2.1,24.0,24.1,24.6,22.7,-0.0,DRY,ON,20.0,20.0,20.0,Dry Forecast,Forecast dry. Recommend watering soon; pump stays OFF because ML_CONTROL_MODE=recommend.,Forecast Dry,,"Forecast Dry,DRY;TELEGRAM_SENT:Forecast Dry,DRY",OK
2026-06-20 00:31:41,32.0,55.0,20.0,24.0,-4.0,2.1,24.0,24.1,24.6,22.7,-0.0,DRY,ON,20.0,20.0,20.0,Dry Forecast,Forecast dry. Recommend watering soon; pump stays OFF because ML_CONTROL_MODE=recommend.,Forecast Dry,,"Forecast Dry,DRY;TELEGRAM_COOLDOWN:Forecast Dry,DRY",OK
2026-06-20 00:31:46,32.0,55.0,20.0,24.0,-4.0,2.1,24.0,24.1,24.6,22.7,-0.0,DRY,ON,20.0,20.0,20.0,Dry Forecast,Forecast dry. Recommend watering soon; pump stays OFF because ML_CONTROL_MODE=recommend.,Forecast Dry,,"Forecast Dry,DRY;TELEGRAM_SENT:Forecast Dry,DRY",OK
2026-06-20 00:31:52,32.0,55.0,20.0,24.0,-4.0,2.1,24.0,24.1,24.6,22.7,-0.0,DRY,ON,20.0,20.0,20.0,Dry Forecast,Forecast dry. Recommend watering soon; pump stays OFF because ML_CONTROL_MODE=recommend.,Forecast Dry,,"Forecast Dry,DRY;TELEGRAM_COOLDOWN:Forecast Dry,DRY",OK
2026-06-20 00:31:59,32.0,55.0,20.0,24.0,-4.0,2.1,24.0,24.1,24.6,22.7,-0.0,DRY,ON,20.0,20.0,20.0,Dry Forecast,Forecast dry. Recommend watering soon; pump stays OFF because ML_CONTROL_MODE=recommend.,Forecast Dry,,"Forecast Dry,DRY;TELEGRAM_SENT:Forecast Dry,DRY",OK
2026-06-20 00:32:05,32.0,55.0,20.0,24.0,-4.0,2.1,24.0,24.1,24.6,22.7,-0.0,DRY,ON,20.0,20.0,20.0,Dry Forecast,Forecast dry. Recommend watering soon; pump stays OFF because ML_CONTROL_MODE=recommend.,Forecast Dry,,"Forecast Dry,DRY;TELEGRAM_COOLDOWN:Forecast Dry,DRY",OK
2026-06-20 00:32:10,32.0,55.0,20.0,24.0,-4.0,2.1,24.0,24.1,24.6,22.7,-0.0,DRY,ON,20.0,20.0,20.0,Dry Forecast,Forecast dry. Recommend watering soon; pump stays OFF because ML_CONTROL_MODE=recommend.,Forecast Dry,,"Forecast Dry,DRY;TELEGRAM_SENT:Forecast Dry,DRY",OK
2026-06-20 00:32:16,32.0,55.0,20.0,24.0,-4.0,2.1,24.0,24.1,24.6,22.7,-0.0,DRY,ON,20.0,20.0,20.0,Dry Forecast,Forecast dry. Recommend watering soon; pump stays OFF because ML_CONTROL_MODE=recommend.,Forecast Dry,,"Forecast Dry,DRY;TELEGRAM_COOLDOWN:Forecast Dry,DRY",OK
2026-06-20 00:32:21,32.0,55.0,20.0,24.0,-4.0,2.1,24.0,24.1,24.6,22.7,-0.0,DRY,ON,20.0,20.0,20.0,Dry Forecast,Forecast dry. Recommend watering soon; pump stays OFF because ML_CONTROL_MODE=recommend.,Forecast Dry,,"Forecast Dry,DRY;TELEGRAM_SENT:Forecast Dry,DRY",OK
2026-06-20 00:32:27,32.0,55.0,20.0,24.0,-4.0,2.1,24.0,24.1,24.6,22.7,-0.0,DRY,ON,20.0,20.0,20.0,Dry Forecast,Forecast dry. Recommend watering soon; pump stays OFF because ML_CONTROL_MODE=recommend.,Forecast Dry,,"Forecast Dry,DRY;TELEGRAM_COOLDOWN:Forecast Dry,DRY",OK
2026-06-20 00:32:34,32.0,55.0,20.0,24.0,-4.0,2.1,24.0,24.1,24.6,22.7,-0.0,DRY,ON,20.0,20.0,20.0,Dry Forecast,Forecast dry. Recommend watering soon; pump stays OFF because ML_CONTROL_MODE=recommend.,Forecast Dry,,"Forecast Dry,DRY;TELEGRAM_SENT:Forecast Dry,DRY",OK
2026-06-20 00:32:40,32.0,55.0,20.0,24.0,-4.0,2.1,24.0,24.1,24.6,22.7,-0.0,DRY,ON,20.0,20.0,20.0,Dry Forecast,Forecast dry. Recommend watering soon; pump stays OFF because ML_CONTROL_MODE=recommend.,Forecast Dry,,"Forecast Dry,DRY;TELEGRAM_COOLDOWN:Forecast Dry,DRY",OK
2026-06-20 00:32:45,32.0,55.0,20.0,24.0,-4.0,2.1,24.0,24.1,24.6,22.7,-0.0,DRY,ON,20.0,20.0,20.0,Dry Forecast,Forecast dry. Recommend watering soon; pump stays OFF because ML_CONTROL_MODE=recommend.,Forecast Dry,,"Forecast Dry,DRY;TELEGRAM_SENT:Forecast Dry,DRY",OK
2026-06-20 00:32:51,32.0,55.0,20.0,24.0,-4.0,2.1,24.0,24.1,24.6,22.7,-0.0,DRY,ON,20.0,20.0,20.0,Dry Forecast,Forecast dry. Recommend watering soon; pump stays OFF because ML_CONTROL_MODE=recommend.,Forecast Dry,,"Forecast Dry,DRY;TELEGRAM_COOLDOWN:Forecast Dry,DRY",OK
2026-06-20 00:32:56,32.0,55.0,20.0,24.0,-4.0,2.1,24.0,24.1,24.6,22.7,-0.0,DRY,ON,20.0,20.0,20.0,Dry Forecast,Forecast dry. Recommend watering soon; pump stays OFF because ML_CONTROL_MODE=recommend.,Forecast Dry,,"Forecast Dry,DRY;TELEGRAM_SENT:Forecast Dry,DRY",OK
2026-06-20 00:33:02,32.0,55.0,20.0,24.0,-4.0,2.1,24.0,24.1,24.6,22.7,-0.0,DRY,ON,20.0,20.0,20.0,Dry Forecast,Forecast dry. Recommend watering soon; pump stays OFF because ML_CONTROL_MODE=recommend.,Forecast Dry,,"Forecast Dry,DRY;TELEGRAM_COOLDOWN:Forecast Dry,DRY",OK
2026-06-20 00:33:09,32.0,55.0,20.0,24.0,-4.0,2.1,24.0,24.1,24.6,22.7,-0.0,DRY,ON,20.0,20.0,20.0,Dry Forecast,Forecast dry. Recommend watering soon; pump stays OFF because ML_CONTROL_MODE=recommend.,Forecast Dry,,"Forecast Dry,DRY;TELEGRAM_SENT:Forecast Dry,DRY",OK
2026-06-20 00:33:15,32.0,55.0,20.0,24.0,-4.0,2.1,24.0,24.1,24.6,22.7,-0.0,DRY,ON,20.0,20.0,20.0,Dry Forecast,Forecast dry. Recommend watering soon; pump stays OFF because ML_CONTROL_MODE=recommend.,Forecast Dry,,"Forecast Dry,DRY;TELEGRAM_COOLDOWN:Forecast Dry,DRY",OK
2026-06-20 00:33:20,32.0,55.0,20.0,24.0,-4.0,2.1,24.0,24.1,24.6,22.7,-0.0,DRY,ON,20.0,20.0,20.0,Dry Forecast,Forecast dry. Recommend watering soon; pump stays OFF because ML_CONTROL_MODE=recommend.,Forecast Dry,,"Forecast Dry,DRY;TELEGRAM_SENT:Forecast Dry,DRY",OK
2026-06-20 00:33:26,32.0,55.0,20.0,24.0,-4.0,2.1,24.0,24.1,24.6,22.7,-0.0,DRY,ON,20.0,20.0,20.0,Dry Forecast,Forecast dry. Recommend watering soon; pump stays OFF because ML_CONTROL_MODE=recommend.,Forecast Dry,,"Forecast Dry,DRY;TELEGRAM_COOLDOWN:Forecast Dry,DRY",OK
2026-06-20 00:33:31,32.0,55.0,20.0,24.0,-4.0,2.1,24.0,24.1,24.6,22.7,-0.0,DRY,ON,20.0,20.0,20.0,Dry Forecast,Forecast dry. Recommend watering soon; pump stays OFF because ML_CONTROL_MODE=recommend.,Forecast Dry,,"Forecast Dry,DRY;TELEGRAM_SENT:Forecast Dry,DRY",OK
2026-06-20 00:33:37,32.0,55.0,20.0,24.0,-4.0,2.1,24.0,24.1,24.6,22.7,-0.0,DRY,ON,20.0,20.0,20.0,Dry Forecast,Forecast dry. Recommend watering soon; pump stays OFF because ML_CONTROL_MODE=recommend.,Forecast Dry,,"Forecast Dry,DRY;TELEGRAM_COOLDOWN:Forecast Dry,DRY",OK
2026-06-20 00:33:44,32.0,55.0,20.0,24.0,-4.0,2.1,24.0,24.1,24.6,22.7,-0.0,DRY,ON,20.0,20.0,20.0,Dry Forecast,Forecast dry. Recommend watering soon; pump stays OFF because ML_CONTROL_MODE=recommend.,Forecast Dry,,"Forecast Dry,DRY;TELEGRAM_SENT:Forecast Dry,DRY",OK
2026-06-20 00:33:50,32.0,55.0,20.0,24.0,-4.0,2.1,24.0,24.1,24.6,22.7,-0.0,DRY,ON,20.0,20.0,20.0,Dry Forecast,Forecast dry. Recommend watering soon; pump stays OFF because ML_CONTROL_MODE=recommend.,Forecast Dry,,"Forecast Dry,DRY;TELEGRAM_COOLDOWN:Forecast Dry,DRY",OK
2026-06-20 00:33:55,32.0,55.0,20.0,24.0,-4.0,2.1,24.0,24.1,24.6,22.7,-0.0,DRY,ON,20.0,20.0,20.0,Dry Forecast,Forecast dry. Recommend watering soon; pump stays OFF because ML_CONTROL_MODE=recommend.,Forecast Dry,,"Forecast Dry,DRY;TELEGRAM_SENT:Forecast Dry,DRY",OK
2026-06-20 00:34:01,32.0,55.0,20.0,24.0,-4.0,2.1,24.0,24.1,24.6,22.7,-0.0,DRY,ON,20.0,20.0,20.0,Dry Forecast,Forecast dry. Recommend watering soon; pump stays OFF because ML_CONTROL_MODE=recommend.,Forecast Dry,,"Forecast Dry,DRY;TELEGRAM_COOLDOWN:Forecast Dry,DRY",OK
2026-06-20 00:34:06,32.0,55.0,20.0,24.0,-4.0,2.1,24.0,24.1,24.6,22.7,-0.0,DRY,ON,20.0,20.0,20.0,Dry Forecast,Forecast dry. Recommend watering soon; pump stays OFF because ML_CONTROL_MODE=recommend.,Forecast Dry,,"Forecast Dry,DRY;TELEGRAM_SENT:Forecast Dry,DRY",OK
2026-06-20 00:34:12,32.0,55.0,20.0,24.0,-4.0,2.1,24.0,24.1,24.6,22.7,-0.0,DRY,ON,20.0,20.0,20.0,Dry Forecast,Forecast dry. Recommend watering soon; pump stays OFF because ML_CONTROL_MODE=recommend.,Forecast Dry,,"Forecast Dry,DRY;TELEGRAM_COOLDOWN:Forecast Dry,DRY",OK
2026-06-20 00:34:19,32.0,55.0,20.0,24.0,-4.0,2.1,24.0,24.1,24.6,22.7,-0.0,DRY,ON,20.0,20.0,20.0,Dry Forecast,Forecast dry. Recommend watering soon; pump stays OFF because ML_CONTROL_MODE=recommend.,Forecast Dry,,"Forecast Dry,DRY;TELEGRAM_SENT:Forecast Dry,DRY",OK
2026-06-20 00:34:25,32.0,55.0,20.0,24.0,-4.0,2.1,24.0,24.1,24.6,22.7,-0.0,DRY,ON,20.0,20.0,20.0,Dry Forecast,Forecast dry. Recommend watering soon; pump stays OFF because ML_CONTROL_MODE=recommend.,Forecast Dry,,"Forecast Dry,DRY;TELEGRAM_COOLDOWN:Forecast Dry,DRY",OK
2026-06-20 00:34:30,32.0,55.0,20.0,24.0,-4.0,2.1,24.0,24.1,24.6,22.7,-0.0,DRY,ON,20.0,20.0,20.0,Dry Forecast,Forecast dry. Recommend watering soon; pump stays OFF because ML_CONTROL_MODE=recommend.,Forecast Dry,,"Forecast Dry,DRY;TELEGRAM_SENT:Forecast Dry,DRY",OK
2026-06-20 00:34:35,32.0,55.0,20.0,24.0,-4.0,2.1,24.0,24.1,24.6,22.7,-0.0,DRY,ON,20.0,20.0,20.0,Dry Forecast,Forecast dry. Recommend watering soon; pump stays OFF because ML_CONTROL_MODE=recommend.,Forecast Dry,,"Forecast Dry,DRY;TELEGRAM_COOLDOWN:Forecast Dry,DRY",OK
2026-06-20 00:34:41,32.0,55.0,20.0,24.0,-4.0,2.1,24.0,24.1,24.6,22.7,-0.0,DRY,ON,20.0,20.0,20.0,Dry Forecast,Forecast dry. Recommend watering soon; pump stays OFF because ML_CONTROL_MODE=recommend.,Forecast Dry,,"Forecast Dry,DRY;TELEGRAM_SENT:Forecast Dry,DRY",OK
2026-06-20 00:34:48,32.0,55.0,20.0,24.0,-4.0,2.1,24.0,24.1,24.6,22.7,-0.0,DRY,ON,20.0,20.0,20.0,Dry Forecast,Forecast dry. Recommend watering soon; pump stays OFF because ML_CONTROL_MODE=recommend.,Forecast Dry,,"Forecast Dry,DRY;TELEGRAM_COOLDOWN:Forecast Dry,DRY",OK
2026-06-20 00:34:53,32.0,55.0,20.0,24.0,-4.0,2.1,24.0,24.1,24.6,22.7,-0.0,DRY,ON,20.0,20.0,20.0,Dry Forecast,Forecast dry. Recommend watering soon; pump stays OFF because ML_CONTROL_MODE=recommend.,Forecast Dry,,"Forecast Dry,DRY;TELEGRAM_SENT:Forecast Dry,DRY",OK
2026-06-20 00:34:59,32.0,55.0,20.0,24.0,-4.0,2.1,24.0,24.1,24.6,22.7,-0.0,DRY,ON,20.0,20.0,20.0,Dry Forecast,Forecast dry. Recommend watering soon; pump stays OFF because ML_CONTROL_MODE=recommend.,Forecast Dry,,"Forecast Dry,DRY;TELEGRAM_COOLDOWN:Forecast Dry,DRY",OK
2026-06-20 00:35:04,32.0,55.0,20.0,24.0,-4.0,2.1,24.0,24.1,24.6,22.7,-0.0,DRY,ON,20.0,20.0,20.0,Dry Forecast,Forecast dry. Recommend watering soon; pump stays OFF because ML_CONTROL_MODE=recommend.,Forecast Dry,,"Forecast Dry,DRY;TELEGRAM_SENT:Forecast Dry,DRY",OK
2026-06-20 00:35:10,32.0,55.0,20.0,24.0,-4.0,2.1,24.0,24.1,24.6,22.7,-0.0,DRY,ON,20.0,20.0,20.0,Dry Forecast,Forecast dry. Recommend watering soon; pump stays OFF because ML_CONTROL_MODE=recommend.,Forecast Dry,,"Forecast Dry,DRY;TELEGRAM_COOLDOWN:Forecast Dry,DRY",OK
2026-06-20 00:35:15,32.0,55.0,20.0,24.0,-4.0,2.1,24.0,24.1,24.6,22.7,-0.0,DRY,ON,20.0,20.0,20.0,Dry Forecast,Forecast dry. Recommend watering soon; pump stays OFF because ML_CONTROL_MODE=recommend.,Forecast Dry,,"Forecast Dry,DRY;TELEGRAM_SENT:Forecast Dry,DRY",OK
2026-06-20 00:35:23,32.0,55.0,20.0,24.0,-4.0,2.1,24.0,24.1,24.6,22.7,-0.0,DRY,ON,20.0,20.0,20.0,Dry Forecast,Forecast dry. Recommend watering soon; pump stays OFF because ML_CONTROL_MODE=recommend.,Forecast Dry,,"Forecast Dry,DRY;TELEGRAM_COOLDOWN:Forecast Dry,DRY",OK
2026-06-20 00:35:28,32.0,55.0,20.0,24.0,-4.0,2.1,24.0,24.1,24.6,22.7,-0.0,DRY,ON,20.0,20.0,20.0,Dry Forecast,Forecast dry. Recommend watering soon; pump stays OFF because ML_CONTROL_MODE=recommend.,Forecast Dry,,"Forecast Dry,DRY;TELEGRAM_SENT:Forecast Dry,DRY",OK
2026-06-20 00:35:34,32.0,55.0,20.0,24.0,-4.0,2.1,24.0,24.1,24.6,22.7,-0.0,DRY,ON,20.0,20.0,20.0,Dry Forecast,Forecast dry. Recommend watering soon; pump stays OFF because ML_CONTROL_MODE=recommend.,Forecast Dry,,"Forecast Dry,DRY;TELEGRAM_COOLDOWN:Forecast Dry,DRY",OK
2026-06-20 00:35:39,32.0,55.0,20.0,24.0,-4.0,2.1,24.0,24.1,24.6,22.7,-0.0,DRY,ON,20.0,20.0,20.0,Dry Forecast,Forecast dry. Recommend watering soon; pump stays OFF because ML_CONTROL_MODE=recommend.,Forecast Dry,,"Forecast Dry,DRY;TELEGRAM_SENT:Forecast Dry,DRY",OK
2026-06-20 00:35:45,32.0,55.0,20.0,24.0,-4.0,2.1,24.0,24.1,24.6,22.7,-0.0,DRY,ON,20.0,20.0,20.0,Dry Forecast,Forecast dry. Recommend watering soon; pump stays OFF because ML_CONTROL_MODE=recommend.,Forecast Dry,,"Forecast Dry,DRY;TELEGRAM_COOLDOWN:Forecast Dry,DRY",OK
2026-06-20 00:35:50,32.0,55.0,20.0,24.0,-4.0,2.1,24.0,24.1,24.6,22.7,-0.0,DRY,ON,20.0,20.0,20.0,Dry Forecast,Forecast dry. Recommend watering soon; pump stays OFF because ML_CONTROL_MODE=recommend.,Forecast Dry,,"Forecast Dry,DRY;TELEGRAM_SENT:Forecast Dry,DRY",OK
2026-06-20 00:35:58,32.0,55.0,20.0,24.0,-4.0,2.1,24.0,24.1,24.6,22.7,-0.0,DRY,ON,20.0,20.0,20.0,Dry Forecast,Forecast dry. Recommend watering soon; pump stays OFF because ML_CONTROL_MODE=recommend.,Forecast Dry,,"Forecast Dry,DRY;TELEGRAM_COOLDOWN:Forecast Dry,DRY",OK
2026-06-20 00:36:03,32.0,55.0,20.0,24.0,-4.0,2.1,24.0,24.1,24.6,22.7,-0.0,DRY,ON,20.0,20.0,20.0,Dry Forecast,Forecast dry. Recommend watering soon; pump stays OFF because ML_CONTROL_MODE=recommend.,Forecast Dry,,"Forecast Dry,DRY;TELEGRAM_SENT:Forecast Dry,DRY",OK
2026-06-20 00:36:09,32.0,55.0,20.0,24.0,-4.0,2.1,24.0,24.1,24.6,22.7,-0.0,DRY,ON,20.0,20.0,20.0,Dry Forecast,Forecast dry. Recommend watering soon; pump stays OFF because ML_CONTROL_MODE=recommend.,Forecast Dry,,"Forecast Dry,DRY;TELEGRAM_COOLDOWN:Forecast Dry,DRY",OK
2026-06-20 00:36:14,32.0,55.0,20.0,24.0,-4.0,2.1,24.0,24.1,24.6,22.7,-0.0,DRY,ON,20.0,20.0,20.0,Dry Forecast,Forecast dry. Recommend watering soon; pump stays OFF because ML_CONTROL_MODE=recommend.,Forecast Dry,,"Forecast Dry,DRY;TELEGRAM_SENT:Forecast Dry,DRY",OK
2026-06-20 00:36:20,32.0,55.0,20.0,24.0,-4.0,2.1,24.0,24.1,24.6,22.7,-0.0,DRY,ON,20.0,20.0,20.0,Dry Forecast,Forecast dry. Recommend watering soon; pump stays OFF because ML_CONTROL_MODE=recommend.,Forecast Dry,,"Forecast Dry,DRY;TELEGRAM_COOLDOWN:Forecast Dry,DRY",OK
2026-06-20 00:36:25,32.0,55.0,20.0,24.0,-4.0,2.1,24.0,24.1,24.6,22.7,-0.0,DRY,ON,20.0,20.0,20.0,Dry Forecast,Forecast dry. Recommend watering soon; pump stays OFF because ML_CONTROL_MODE=recommend.,Forecast Dry,,"Forecast Dry,DRY;TELEGRAM_SENT:Forecast Dry,DRY",OK
2026-06-20 00:36:33,32.0,55.0,20.0,24.0,-4.0,2.1,24.0,24.1,24.6,22.7,-0.0,DRY,ON,20.0,20.0,20.0,Dry Forecast,Forecast dry. Recommend watering soon; pump stays OFF because ML_CONTROL_MODE=recommend.,Forecast Dry,,"Forecast Dry,DRY;TELEGRAM_COOLDOWN:Forecast Dry,DRY",OK
2026-06-20 00:36:38,32.0,55.0,20.0,24.0,-4.0,2.1,24.0,24.1,24.6,22.7,-0.0,DRY,ON,20.0,20.0,20.0,Dry Forecast,Forecast dry. Recommend watering soon; pump stays OFF because ML_CONTROL_MODE=recommend.,Forecast Dry,,"Forecast Dry,DRY;TELEGRAM_SENT:Forecast Dry,DRY",OK
2026-06-20 00:36:44,32.0,55.0,20.0,24.0,-4.0,2.1,24.0,24.1,24.6,22.7,-0.0,DRY,ON,20.0,20.0,20.0,Dry Forecast,Forecast dry. Recommend watering soon; pump stays OFF because ML_CONTROL_MODE=recommend.,Forecast Dry,,"Forecast Dry,DRY;TELEGRAM_COOLDOWN:Forecast Dry,DRY",OK
2026-06-20 00:36:49,32.0,55.0,20.0,24.0,-4.0,2.1,24.0,24.1,24.6,22.7,-0.0,DRY,ON,20.0,20.0,20.0,Dry Forecast,Forecast dry. Recommend watering soon; pump stays OFF because ML_CONTROL_MODE=recommend.,Forecast Dry,,"Forecast Dry,DRY;TELEGRAM_SENT:Forecast Dry,DRY",OK
2026-06-20 00:36:55,32.0,55.0,20.0,24.0,-4.0,2.1,24.0,24.1,24.6,22.7,-0.0,DRY,ON,20.0,20.0,20.0,Dry Forecast,Forecast dry. Recommend watering soon; pump stays OFF because ML_CONTROL_MODE=recommend.,Forecast Dry,,"Forecast Dry,DRY;TELEGRAM_COOLDOWN:Forecast Dry,DRY",OK
2026-06-20 00:37:00,32.0,55.0,20.0,24.0,-4.0,2.1,24.0,24.1,24.6,22.7,-0.0,DRY,ON,20.0,20.0,20.0,Dry Forecast,Forecast dry. Recommend watering soon; pump stays OFF because ML_CONTROL_MODE=recommend.,Forecast Dry,,"Forecast Dry,DRY;TELEGRAM_SENT:Forecast Dry,DRY",OK
2026-06-20 00:37:08,32.0,55.0,20.0,24.0,-4.0,2.1,24.0,24.1,24.6,22.7,-0.0,DRY,ON,20.0,20.0,20.0,Dry Forecast,Forecast dry. Recommend watering soon; pump stays OFF because ML_CONTROL_MODE=recommend.,Forecast Dry,,"Forecast Dry,DRY;TELEGRAM_COOLDOWN:Forecast Dry,DRY",OK
2026-06-20 00:37:13,32.0,55.0,20.0,24.0,-4.0,2.1,24.0,24.1,24.6,22.7,-0.0,DRY,ON,20.0,20.0,20.0,Dry Forecast,Forecast dry. Recommend watering soon; pump stays OFF because ML_CONTROL_MODE=recommend.,Forecast Dry,,"Forecast Dry,DRY;TELEGRAM_SENT:Forecast Dry,DRY",OK
2026-06-20 00:37:19,32.0,55.0,20.0,24.0,-4.0,2.1,24.0,24.1,24.6,22.7,-0.0,DRY,ON,20.0,20.0,20.0,Dry Forecast,Forecast dry. Recommend watering soon; pump stays OFF because ML_CONTROL_MODE=recommend.,Forecast Dry,,"Forecast Dry,DRY;TELEGRAM_COOLDOWN:Forecast Dry,DRY",OK
2026-06-20 00:37:24,32.0,55.0,20.0,24.0,-4.0,2.1,24.0,24.1,24.6,22.7,-0.0,DRY,ON,20.0,20.0,20.0,Dry Forecast,Forecast dry. Recommend watering soon; pump stays OFF because ML_CONTROL_MODE=recommend.,Forecast Dry,,"Forecast Dry,DRY;TELEGRAM_SENT:Forecast Dry,DRY",OK
2026-06-20 00:37:30,32.0,55.0,20.0,24.0,-4.0,2.1,24.0,24.1,24.6,22.7,-0.0,DRY,ON,20.0,20.0,20.0,Dry Forecast,Forecast dry. Recommend watering soon; pump stays OFF because ML_CONTROL_MODE=recommend.,Forecast Dry,,"Forecast Dry,DRY;TELEGRAM_COOLDOWN:Forecast Dry,DRY",OK
2026-06-20 00:37:35,32.0,55.0,20.0,24.0,-4.0,2.1,24.0,24.1,24.6,22.7,-0.0,DRY,ON,20.0,20.0,20.0,Dry Forecast,Forecast dry. Recommend watering soon; pump stays OFF because ML_CONTROL_MODE=recommend.,Forecast Dry,,"Forecast Dry,DRY;TELEGRAM_SENT:Forecast Dry,DRY",OK
2026-06-20 00:37:43,32.0,55.0,20.0,24.0,-4.0,2.1,24.0,24.1,24.6,22.7,-0.0,DRY,ON,20.0,20.0,20.0,Dry Forecast,Forecast dry. Recommend watering soon; pump stays OFF because ML_CONTROL_MODE=recommend.,Forecast Dry,,"Forecast Dry,DRY;TELEGRAM_COOLDOWN:Forecast Dry,DRY",OK
2026-06-20 00:37:48,32.0,55.0,20.0,24.0,-4.0,2.1,24.0,24.1,24.6,22.7,-0.0,DRY,ON,20.0,20.0,20.0,Dry Forecast,Forecast dry. Recommend watering soon; pump stays OFF because ML_CONTROL_MODE=recommend.,Forecast Dry,,"Forecast Dry,DRY;TELEGRAM_SENT:Forecast Dry,DRY",OK
2026-06-20 00:37:54,32.0,55.0,20.0,24.0,-4.0,2.1,24.0,24.1,24.6,22.7,-0.0,DRY,ON,20.0,20.0,20.0,Dry Forecast,Forecast dry. Recommend watering soon; pump stays OFF because ML_CONTROL_MODE=recommend.,Forecast Dry,,"Forecast Dry,DRY;TELEGRAM_COOLDOWN:Forecast Dry,DRY",OK
2026-06-20 00:37:59,32.0,55.0,20.0,24.0,-4.0,2.1,24.0,24.1,24.6,22.7,-0.0,DRY,ON,20.0,20.0,20.0,Dry Forecast,Forecast dry. Recommend watering soon; pump stays OFF because ML_CONTROL_MODE=recommend.,Forecast Dry,,"Forecast Dry,DRY;TELEGRAM_SENT:Forecast Dry,DRY",OK
2026-06-20 00:38:06,32.0,55.0,20.0,24.0,-4.0,2.1,24.0,24.1,24.6,22.7,-0.0,DRY,ON,20.0,20.0,20.0,Dry Forecast,Forecast dry. Recommend watering soon; pump stays OFF because ML_CONTROL_MODE=recommend.,Forecast Dry,,"Forecast Dry,DRY;TELEGRAM_COOLDOWN:Forecast Dry,DRY",OK
2026-06-20 00:38:11,32.0,55.0,20.0,24.0,-4.0,2.1,24.0,24.1,24.6,22.7,-0.0,DRY,ON,20.0,20.0,20.0,Dry Forecast,Forecast dry. Recommend watering soon; pump stays OFF because ML_CONTROL_MODE=recommend.,Forecast Dry,,"Forecast Dry,DRY;TELEGRAM_SENT:Forecast Dry,DRY",OK
2026-06-20 00:38:18,32.0,55.0,20.0,24.0,-4.0,2.1,24.0,24.1,24.6,22.7,-0.0,DRY,ON,20.0,20.0,20.0,Dry Forecast,Forecast dry. Recommend watering soon; pump stays OFF because ML_CONTROL_MODE=recommend.,Forecast Dry,,"Forecast Dry,DRY;TELEGRAM_COOLDOWN:Forecast Dry,DRY",OK
2026-06-20 00:38:23,32.0,55.0,20.0,24.0,-4.0,2.1,24.0,24.1,24.6,22.7,-0.0,DRY,ON,20.0,20.0,20.0,Dry Forecast,Forecast dry. Recommend watering soon; pump stays OFF because ML_CONTROL_MODE=recommend.,Forecast Dry,,"Forecast Dry,DRY;TELEGRAM_SENT:Forecast Dry,DRY",OK
2026-06-20 00:38:29,32.0,55.0,20.0,24.0,-4.0,2.1,24.0,24.1,24.6,22.7,-0.0,DRY,ON,20.0,20.0,20.0,Dry Forecast,Forecast dry. Recommend watering soon; pump stays OFF because ML_CONTROL_MODE=recommend.,Forecast Dry,,"Forecast Dry,DRY;TELEGRAM_COOLDOWN:Forecast Dry,DRY",OK
2026-06-20 00:38:34,32.0,55.0,20.0,24.0,-4.0,2.1,24.0,24.1,24.6,22.7,-0.0,DRY,ON,20.0,20.0,20.0,Dry Forecast,Forecast dry. Recommend watering soon; pump stays OFF because ML_CONTROL_MODE=recommend.,Forecast Dry,,"Forecast Dry,DRY;TELEGRAM_SENT:Forecast Dry,DRY",OK
2026-06-20 00:38:40,32.0,55.0,20.0,24.0,-4.0,2.1,24.0,24.1,24.6,22.7,-0.0,DRY,ON,20.0,20.0,20.0,Dry Forecast,Forecast dry. Recommend watering soon; pump stays OFF because ML_CONTROL_MODE=recommend.,Forecast Dry,,"Forecast Dry,DRY;TELEGRAM_COOLDOWN:Forecast Dry,DRY",OK
2026-06-20 00:38:45,32.0,55.0,20.0,24.0,-4.0,2.1,24.0,24.1,24.6,22.7,-0.0,DRY,ON,20.0,20.0,20.0,Dry Forecast,Forecast dry. Recommend watering soon; pump stays OFF because ML_CONTROL_MODE=recommend.,Forecast Dry,,"Forecast Dry,DRY;TELEGRAM_SENT:Forecast Dry,DRY",OK
2026-06-20 00:38:53,32.0,55.0,20.0,24.0,-4.0,2.1,24.0,24.1,24.6,22.7,-0.0,DRY,ON,20.0,20.0,20.0,Dry Forecast,Forecast dry. Recommend watering soon; pump stays OFF because ML_CONTROL_MODE=recommend.,Forecast Dry,,"Forecast Dry,DRY;TELEGRAM_COOLDOWN:Forecast Dry,DRY",OK
2026-06-20 00:38:58,32.0,55.0,20.0,24.0,-4.0,2.1,24.0,24.1,24.6,22.7,-0.0,DRY,ON,20.0,20.0,20.0,Dry Forecast,Forecast dry. Recommend watering soon; pump stays OFF because ML_CONTROL_MODE=recommend.,Forecast Dry,,"Forecast Dry,DRY;TELEGRAM_SENT:Forecast Dry,DRY",OK
2026-06-20 00:39:04,32.0,55.0,20.0,24.0,-4.0,2.1,24.0,24.1,24.6,22.7,-0.0,DRY,ON,20.0,20.0,20.0,Dry Forecast,Forecast dry. Recommend watering soon; pump stays OFF because ML_CONTROL_MODE=recommend.,Forecast Dry,,"Forecast Dry,DRY;TELEGRAM_COOLDOWN:Forecast Dry,DRY",OK
2026-06-20 00:39:09,32.0,55.0,20.0,24.0,-4.0,2.1,24.0,24.1,24.6,22.7,-0.0,DRY,ON,20.0,20.0,20.0,Dry Forecast,Forecast dry. Recommend watering soon; pump stays OFF because ML_CONTROL_MODE=recommend.,Forecast Dry,,"Forecast Dry,DRY;TELEGRAM_SENT:Forecast Dry,DRY",OK
2026-06-20 00:39:15,32.0,55.0,20.0,24.0,-4.0,2.1,24.0,24.1,24.6,22.7,-0.0,DRY,ON,20.0,20.0,20.0,Dry Forecast,Forecast dry. Recommend watering soon; pump stays OFF because ML_CONTROL_MODE=recommend.,Forecast Dry,,"Forecast Dry,DRY;TELEGRAM_COOLDOWN:Forecast Dry,DRY",OK
2026-06-20 00:39:22,32.0,55.0,20.0,24.0,-4.0,2.1,24.0,24.1,24.6,22.7,-0.0,DRY,ON,20.0,20.0,20.0,Dry Forecast,Forecast dry. Recommend watering soon; pump stays OFF because ML_CONTROL_MODE=recommend.,Forecast Dry,,"Forecast Dry,DRY;TELEGRAM_SENT:Forecast Dry,DRY",OK
2026-06-20 00:39:28,32.0,55.0,20.0,24.0,-4.0,2.1,24.0,24.1,24.6,22.7,-0.0,DRY,ON,20.0,20.0,20.0,Dry Forecast,Forecast dry. Recommend watering soon; pump stays OFF because ML_CONTROL_MODE=recommend.,Forecast Dry,,"Forecast Dry,DRY;TELEGRAM_COOLDOWN:Forecast Dry,DRY",OK
2026-06-20 00:39:33,32.0,55.0,20.0,24.0,-4.0,2.1,24.0,24.1,24.6,22.7,-0.0,DRY,ON,20.0,20.0,20.0,Dry Forecast,Forecast dry. Recommend watering soon; pump stays OFF because ML_CONTROL_MODE=recommend.,Forecast Dry,,"Forecast Dry,DRY;TELEGRAM_SENT:Forecast Dry,DRY",OK
2026-06-20 00:39:39,32.0,55.0,20.0,24.0,-4.0,2.1,24.0,24.1,24.6,22.7,-0.0,DRY,ON,20.0,20.0,20.0,Dry Forecast,Forecast dry. Recommend watering soon; pump stays OFF because ML_CONTROL_MODE=recommend.,Forecast Dry,,"Forecast Dry,DRY;TELEGRAM_COOLDOWN:Forecast Dry,DRY",OK
2026-06-20 00:39:44,32.0,55.0,20.0,24.0,-4.0,2.1,24.0,24.1,24.6,22.7,-0.0,DRY,ON,20.0,20.0,20.0,Dry Forecast,Forecast dry. Recommend watering soon; pump stays OFF because ML_CONTROL_MODE=recommend.,Forecast Dry,,"Forecast Dry,DRY;TELEGRAM_SENT:Forecast Dry,DRY",OK
2026-06-20 00:39:50,32.0,55.0,20.0,24.0,-4.0,2.1,24.0,24.1,24.6,22.7,-0.0,DRY,ON,20.0,20.0,20.0,Dry Forecast,Forecast dry. Recommend watering soon; pump stays OFF because ML_CONTROL_MODE=recommend.,Forecast Dry,,"Forecast Dry,DRY;TELEGRAM_COOLDOWN:Forecast Dry,DRY",OK
2026-06-20 00:39:57,32.0,55.0,20.0,24.0,-4.0,2.1,24.0,24.1,24.6,22.7,-0.0,DRY,ON,20.0,20.0,20.0,Dry Forecast,Forecast dry. Recommend watering soon; pump stays OFF because ML_CONTROL_MODE=recommend.,Forecast Dry,,"Forecast Dry,DRY;TELEGRAM_SENT:Forecast Dry,DRY",OK
2026-06-20 00:40:03,32.0,55.0,20.0,24.0,-4.0,2.1,24.0,24.1,24.6,22.7,-0.0,DRY,ON,20.0,20.0,20.0,Dry Forecast,Forecast dry. Recommend watering soon; pump stays OFF because ML_CONTROL_MODE=recommend.,Forecast Dry,,"Forecast Dry,DRY;TELEGRAM_COOLDOWN:Forecast Dry,DRY",OK
2026-06-20 00:40:08,32.0,55.0,20.0,24.0,-4.0,2.1,24.0,24.1,24.6,22.7,-0.0,DRY,ON,20.0,20.0,20.0,Dry Forecast,Forecast dry. Recommend watering soon; pump stays OFF because ML_CONTROL_MODE=recommend.,Forecast Dry,,"Forecast Dry,DRY;TELEGRAM_SENT:Forecast Dry,DRY",OK
2026-06-20 00:40:13,32.0,55.0,20.0,24.0,-4.0,2.1,24.0,24.1,24.6,22.7,-0.0,DRY,ON,20.0,20.0,20.0,Dry Forecast,Forecast dry. Recommend watering soon; pump stays OFF because ML_CONTROL_MODE=recommend.,Forecast Dry,,"Forecast Dry,DRY;TELEGRAM_COOLDOWN:Forecast Dry,DRY",OK
2026-06-20 00:40:18,32.0,55.0,20.0,24.0,-4.0,2.1,24.0,24.1,24.6,22.7,-0.0,DRY,ON,20.0,20.0,20.0,Dry Forecast,Forecast dry. Recommend watering soon; pump stays OFF because ML_CONTROL_MODE=recommend.,Forecast Dry,,"Forecast Dry,DRY;TELEGRAM_SENT:Forecast Dry,DRY",OK
2026-06-20 00:40:24,32.0,55.0,20.0,24.0,-4.0,2.1,24.0,24.1,24.6,22.7,-0.0,DRY,ON,20.0,20.0,20.0,Dry Forecast,Forecast dry. Recommend watering soon; pump stays OFF because ML_CONTROL_MODE=recommend.,Forecast Dry,,"Forecast Dry,DRY;TELEGRAM_COOLDOWN:Forecast Dry,DRY",OK
2026-06-20 00:40:31,32.0,55.0,20.0,24.0,-4.0,2.1,24.0,24.1,24.6,22.7,-0.0,DRY,ON,20.0,20.0,20.0,Dry Forecast,Forecast dry. Recommend watering soon; pump stays OFF because ML_CONTROL_MODE=recommend.,Forecast Dry,,"Forecast Dry,DRY;TELEGRAM_SENT:Forecast Dry,DRY",OK
2026-06-20 00:40:37,32.0,55.0,20.0,24.0,-4.0,2.1,24.0,24.1,24.6,22.7,-0.0,DRY,ON,20.0,20.0,20.0,Dry Forecast,Forecast dry. Recommend watering soon; pump stays OFF because ML_CONTROL_MODE=recommend.,Forecast Dry,,"Forecast Dry,DRY;TELEGRAM_COOLDOWN:Forecast Dry,DRY",OK
2026-06-20 00:40:42,32.0,55.0,20.0,24.0,-4.0,2.1,24.0,24.1,24.6,22.7,-0.0,DRY,ON,20.0,20.0,20.0,Dry Forecast,Forecast dry. Recommend watering soon; pump stays OFF because ML_CONTROL_MODE=recommend.,Forecast Dry,,"Forecast Dry,DRY;TELEGRAM_SENT:Forecast Dry,DRY",OK
2026-06-20 00:40:48,32.0,55.0,20.0,24.0,-4.0,2.1,24.0,24.1,24.6,22.7,-0.0,DRY,ON,20.0,20.0,20.0,Dry Forecast,Forecast dry. Recommend watering soon; pump stays OFF because ML_CONTROL_MODE=recommend.,Forecast Dry,,"Forecast Dry,DRY;TELEGRAM_COOLDOWN:Forecast Dry,DRY",OK
2026-06-20 00:40:53,32.0,55.0,20.0,24.0,-4.0,2.1,24.0,24.1,24.6,22.7,-0.0,DRY,ON,20.0,20.0,20.0,Dry Forecast,Forecast dry. Recommend watering soon; pump stays OFF because ML_CONTROL_MODE=recommend.,Forecast Dry,,"Forecast Dry,DRY;TELEGRAM_SENT:Forecast Dry,DRY",OK
2026-06-20 00:41:00,32.0,55.0,20.0,24.0,-4.0,2.1,24.0,24.1,24.6,22.7,-0.0,DRY,ON,20.0,20.0,20.0,Dry Forecast,Forecast dry. Recommend watering soon; pump stays OFF because ML_CONTROL_MODE=recommend.,Forecast Dry,,"Forecast Dry,DRY;TELEGRAM_COOLDOWN:Forecast Dry,DRY",OK
2026-06-20 00:41:07,32.0,55.0,20.0,24.0,-4.0,2.1,24.0,24.1,24.6,22.7,-0.0,DRY,ON,20.0,20.0,20.0,Dry Forecast,Forecast dry. Recommend watering soon; pump stays OFF because ML_CONTROL_MODE=recommend.,Forecast Dry,,"Forecast Dry,DRY;TELEGRAM_SENT:Forecast Dry,DRY",OK
2026-06-20 00:41:13,32.0,55.0,20.0,24.0,-4.0,2.1,24.0,24.1,24.6,22.7,-0.0,DRY,ON,20.0,20.0,20.0,Dry Forecast,Forecast dry. Recommend watering soon; pump stays OFF because ML_CONTROL_MODE=recommend.,Forecast Dry,,"Forecast Dry,DRY;TELEGRAM_COOLDOWN:Forecast Dry,DRY",OK
2026-06-20 00:41:18,32.0,55.0,20.0,24.0,-4.0,2.1,24.0,24.1,24.6,22.7,-0.0,DRY,ON,20.0,20.0,20.0,Dry Forecast,Forecast dry. Recommend watering soon; pump stays OFF because ML_CONTROL_MODE=recommend.,Forecast Dry,,"Forecast Dry,DRY;TELEGRAM_SENT:Forecast Dry,DRY",OK
2026-06-20 00:41:24,32.0,55.0,20.0,24.0,-4.0,2.1,24.0,24.1,24.6,22.7,-0.0,DRY,ON,20.0,20.0,20.0,Dry Forecast,Forecast dry. Recommend watering soon; pump stays OFF because ML_CONTROL_MODE=recommend.,Forecast Dry,,"Forecast Dry,DRY;TELEGRAM_COOLDOWN:Forecast Dry,DRY",OK
2026-06-20 00:41:29,32.0,55.0,20.0,24.0,-4.0,2.1,24.0,24.1,24.6,22.7,-0.0,DRY,ON,20.0,20.0,20.0,Dry Forecast,Forecast dry. Recommend watering soon; pump stays OFF because ML_CONTROL_MODE=recommend.,Forecast Dry,,"Forecast Dry,DRY;TELEGRAM_SENT:Forecast Dry,DRY",OK
2026-06-20 00:41:35,32.0,55.0,20.0,24.0,-4.0,2.1,24.0,24.1,24.6,22.7,-0.0,DRY,ON,20.0,20.0,20.0,Dry Forecast,Forecast dry. Recommend watering soon; pump stays OFF because ML_CONTROL_MODE=recommend.,Forecast Dry,,"Forecast Dry,DRY;TELEGRAM_COOLDOWN:Forecast Dry,DRY",OK
2026-06-20 00:41:42,32.0,55.0,20.0,24.0,-4.0,2.1,24.0,24.1,24.6,22.7,-0.0,DRY,ON,20.0,20.0,20.0,Dry Forecast,Forecast dry. Recommend watering soon; pump stays OFF because ML_CONTROL_MODE=recommend.,Forecast Dry,,"Forecast Dry,DRY;TELEGRAM_SENT:Forecast Dry,DRY",OK
2026-06-20 00:41:48,32.0,55.0,20.0,24.0,-4.0,2.1,24.0,24.1,24.6,22.7,-0.0,DRY,ON,20.0,20.0,20.0,Dry Forecast,Forecast dry. Recommend watering soon; pump stays OFF because ML_CONTROL_MODE=recommend.,Forecast Dry,,"Forecast Dry,DRY;TELEGRAM_COOLDOWN:Forecast Dry,DRY",OK
2026-06-20 00:41:53,32.0,55.0,20.0,24.0,-4.0,2.1,24.0,24.1,24.6,22.7,-0.0,DRY,ON,20.0,20.0,20.0,Dry Forecast,Forecast dry. Recommend watering soon; pump stays OFF because ML_CONTROL_MODE=recommend.,Forecast Dry,,"Forecast Dry,DRY;TELEGRAM_SENT:Forecast Dry,DRY",OK
2026-06-20 00:41:59,32.0,55.0,20.0,24.0,-4.0,2.1,24.0,24.1,24.6,22.7,-0.0,DRY,ON,20.0,20.0,20.0,Dry Forecast,Forecast dry. Recommend watering soon; pump stays OFF because ML_CONTROL_MODE=recommend.,Forecast Dry,,"Forecast Dry,DRY;TELEGRAM_COOLDOWN:Forecast Dry,DRY",OK
2026-06-20 00:42:04,32.0,55.0,20.0,24.0,-4.0,2.1,24.0,24.1,24.6,22.7,-0.0,DRY,ON,20.0,20.0,20.0,Dry Forecast,Forecast dry. Recommend watering soon; pump stays OFF because ML_CONTROL_MODE=recommend.,Forecast Dry,,"Forecast Dry,DRY;TELEGRAM_SENT:Forecast Dry,DRY",OK
2026-06-20 00:42:10,32.0,55.0,20.0,24.0,-4.0,2.1,24.0,24.1,24.6,22.7,-0.0,DRY,ON,20.0,20.0,20.0,Dry Forecast,Forecast dry. Recommend watering soon; pump stays OFF because ML_CONTROL_MODE=recommend.,Forecast Dry,,"Forecast Dry,DRY;TELEGRAM_COOLDOWN:Forecast Dry,DRY",OK
2026-06-20 00:42:17,32.0,55.0,20.0,24.0,-4.0,2.1,24.0,24.1,24.6,22.7,-0.0,DRY,ON,20.0,20.0,20.0,Dry Forecast,Forecast dry. Recommend watering soon; pump stays OFF because ML_CONTROL_MODE=recommend.,Forecast Dry,,"Forecast Dry,DRY;TELEGRAM_SENT:Forecast Dry,DRY",OK
2026-06-20 00:42:23,32.0,55.0,20.0,24.0,-4.0,2.1,24.0,24.1,24.6,22.7,-0.0,DRY,ON,20.0,20.0,20.0,Dry Forecast,Forecast dry. Recommend watering soon; pump stays OFF because ML_CONTROL_MODE=recommend.,Forecast Dry,,"Forecast Dry,DRY;TELEGRAM_COOLDOWN:Forecast Dry,DRY",OK
2026-06-20 00:42:28,32.0,55.0,20.0,24.0,-4.0,2.1,24.0,24.1,24.6,22.7,-0.0,DRY,ON,20.0,20.0,20.0,Dry Forecast,Forecast dry. Recommend watering soon; pump stays OFF because ML_CONTROL_MODE=recommend.,Forecast Dry,,"Forecast Dry,DRY;TELEGRAM_SENT:Forecast Dry,DRY",OK
2026-06-20 00:42:34,32.0,55.0,20.0,24.0,-4.0,2.1,24.0,24.1,24.6,22.7,-0.0,DRY,ON,20.0,20.0,20.0,Dry Forecast,Forecast dry. Recommend watering soon; pump stays OFF because ML_CONTROL_MODE=recommend.,Forecast Dry,,"Forecast Dry,DRY;TELEGRAM_COOLDOWN:Forecast Dry,DRY",OK
2026-06-20 00:42:39,32.0,55.0,20.0,24.0,-4.0,2.1,24.0,24.1,24.6,22.7,-0.0,DRY,ON,20.0,20.0,20.0,Dry Forecast,Forecast dry. Recommend watering soon; pump stays OFF because ML_CONTROL_MODE=recommend.,Forecast Dry,,"Forecast Dry,DRY;TELEGRAM_SENT:Forecast Dry,DRY",OK
2026-06-20 00:42:47,32.0,55.0,20.0,24.0,-4.0,2.1,24.0,24.1,24.6,22.7,-0.0,DRY,ON,20.0,20.0,20.0,Dry Forecast,Forecast dry. Recommend watering soon; pump stays OFF because ML_CONTROL_MODE=recommend.,Forecast Dry,,"Forecast Dry,DRY;TELEGRAM_COOLDOWN:Forecast Dry,DRY",OK
2026-06-20 00:42:52,32.0,55.0,20.0,24.0,-4.0,2.1,24.0,24.1,24.6,22.7,-0.0,DRY,ON,20.0,20.0,20.0,Dry Forecast,Forecast dry. Recommend watering soon; pump stays OFF because ML_CONTROL_MODE=recommend.,Forecast Dry,,"Forecast Dry,DRY;TELEGRAM_SENT:Forecast Dry,DRY",OK
2026-06-20 00:42:58,32.0,55.0,20.0,24.0,-4.0,2.1,24.0,24.1,24.6,22.7,-0.0,DRY,ON,20.0,20.0,20.0,Dry Forecast,Forecast dry. Recommend watering soon; pump stays OFF because ML_CONTROL_MODE=recommend.,Forecast Dry,,"Forecast Dry,DRY;TELEGRAM_COOLDOWN:Forecast Dry,DRY",OK
2026-06-20 00:43:03,32.0,55.0,20.0,24.0,-4.0,2.1,24.0,24.1,24.6,22.7,-0.0,DRY,ON,20.0,20.0,20.0,Dry Forecast,Forecast dry. Recommend watering soon; pump stays OFF because ML_CONTROL_MODE=recommend.,Forecast Dry,,"Forecast Dry,DRY;TELEGRAM_SENT:Forecast Dry,DRY",OK
2026-06-20 00:43:08,32.0,55.0,20.0,24.0,-4.0,2.1,24.0,24.1,24.6,22.7,-0.0,DRY,ON,20.0,20.0,20.0,Dry Forecast,Forecast dry. Recommend watering soon; pump stays OFF because ML_CONTROL_MODE=recommend.,Forecast Dry,,"Forecast Dry,DRY;TELEGRAM_COOLDOWN:Forecast Dry,DRY",OK
2026-06-20 00:43:13,32.0,55.0,20.0,24.0,-4.0,2.1,24.0,24.1,24.6,22.7,-0.0,DRY,ON,20.0,20.0,20.0,Dry Forecast,Forecast dry. Recommend watering soon; pump stays OFF because ML_CONTROL_MODE=recommend.,Forecast Dry,,"Forecast Dry,DRY;TELEGRAM_SENT:Forecast Dry,DRY",OK
2026-06-20 00:43:21,32.0,55.0,20.0,24.0,-4.0,2.1,24.0,24.1,24.6,22.7,-0.0,DRY,ON,20.0,20.0,20.0,Dry Forecast,Forecast dry. Recommend watering soon; pump stays OFF because ML_CONTROL_MODE=recommend.,Forecast Dry,,"Forecast Dry,DRY;TELEGRAM_COOLDOWN:Forecast Dry,DRY",OK
2026-06-20 00:43:26,32.0,55.0,20.0,24.0,-4.0,2.1,24.0,24.1,24.6,22.7,-0.0,DRY,ON,20.0,20.0,20.0,Dry Forecast,Forecast dry. Recommend watering soon; pump stays OFF because ML_CONTROL_MODE=recommend.,Forecast Dry,,"Forecast Dry,DRY;TELEGRAM_SENT:Forecast Dry,DRY",OK
2026-06-20 00:43:32,32.0,55.0,20.0,24.0,-4.0,2.1,24.0,24.1,24.6,22.7,-0.0,DRY,ON,20.0,20.0,20.0,Dry Forecast,Forecast dry. Recommend watering soon; pump stays OFF because ML_CONTROL_MODE=recommend.,Forecast Dry,,"Forecast Dry,DRY;TELEGRAM_COOLDOWN:Forecast Dry,DRY",OK
2026-06-20 00:43:38,32.0,55.0,20.0,24.0,-4.0,2.1,24.0,24.1,24.6,22.7,-0.0,DRY,ON,20.0,20.0,20.0,Dry Forecast,Forecast dry. Recommend watering soon; pump stays OFF because ML_CONTROL_MODE=recommend.,Forecast Dry,,"Forecast Dry,DRY;TELEGRAM_SENT:Forecast Dry,DRY",OK
2026-06-20 00:43:43,32.0,55.0,20.0,24.0,-4.0,2.1,24.0,24.1,24.6,22.7,-0.0,DRY,ON,20.0,20.0,20.0,Dry Forecast,Forecast dry. Recommend watering soon; pump stays OFF because ML_CONTROL_MODE=recommend.,Forecast Dry,,"Forecast Dry,DRY;TELEGRAM_COOLDOWN:Forecast Dry,DRY",OK
2026-06-20 00:43:49,32.0,55.0,20.0,24.0,-4.0,2.1,24.0,24.1,24.6,22.7,-0.0,DRY,ON,20.0,20.0,20.0,Dry Forecast,Forecast dry. Recommend watering soon; pump stays OFF because ML_CONTROL_MODE=recommend.,Forecast Dry,,"Forecast Dry,DRY;TELEGRAM_SENT:Forecast Dry,DRY",OK
2026-06-20 00:43:56,32.0,55.0,20.0,24.0,-4.0,2.1,24.0,24.1,24.6,22.7,-0.0,DRY,ON,20.0,20.0,20.0,Dry Forecast,Forecast dry. Recommend watering soon; pump stays OFF because ML_CONTROL_MODE=recommend.,Forecast Dry,,"Forecast Dry,DRY;TELEGRAM_COOLDOWN:Forecast Dry,DRY",OK
2026-06-20 00:44:02,32.0,55.0,20.0,24.0,-4.0,2.1,24.0,24.1,24.6,22.7,-0.0,DRY,ON,20.0,20.0,20.0,Dry Forecast,Forecast dry. Recommend watering soon; pump stays OFF because ML_CONTROL_MODE=recommend.,Forecast Dry,,"Forecast Dry,DRY;TELEGRAM_SENT:Forecast Dry,DRY",OK
2026-06-20 00:44:07,32.0,55.0,20.0,24.0,-4.0,2.1,24.0,24.1,24.6,22.7,-0.0,DRY,ON,20.0,20.0,20.0,Dry Forecast,Forecast dry. Recommend watering soon; pump stays OFF because ML_CONTROL_MODE=recommend.,Forecast Dry,,"Forecast Dry,DRY;TELEGRAM_COOLDOWN:Forecast Dry,DRY",OK
2026-06-20 00:44:13,32.0,55.0,20.0,24.0,-4.0,2.1,24.0,24.1,24.6,22.7,-0.0,DRY,ON,20.0,20.0,20.0,Dry Forecast,Forecast dry. Recommend watering soon; pump stays OFF because ML_CONTROL_MODE=recommend.,Forecast Dry,,"Forecast Dry,DRY;TELEGRAM_SENT:Forecast Dry,DRY",OK
2026-06-20 00:44:18,32.0,55.0,20.0,24.0,-4.0,2.1,24.0,24.1,24.6,22.7,-0.0,DRY,ON,20.0,20.0,20.0,Dry Forecast,Forecast dry. Recommend watering soon; pump stays OFF because ML_CONTROL_MODE=recommend.,Forecast Dry,,"Forecast Dry,DRY;TELEGRAM_COOLDOWN:Forecast Dry,DRY",OK
2026-06-20 00:44:24,32.0,55.0,20.0,24.0,-4.0,2.1,24.0,24.1,24.6,22.7,-0.0,DRY,ON,20.0,20.0,20.0,Dry Forecast,Forecast dry. Recommend watering soon; pump stays OFF because ML_CONTROL_MODE=recommend.,Forecast Dry,,"Forecast Dry,DRY;TELEGRAM_SENT:Forecast Dry,DRY",OK
2026-06-20 00:44:31,32.0,55.0,20.0,24.0,-4.0,2.1,24.0,24.1,24.6,22.7,-0.0,DRY,ON,20.0,20.0,20.0,Dry Forecast,Forecast dry. Recommend watering soon; pump stays OFF because ML_CONTROL_MODE=recommend.,Forecast Dry,,"Forecast Dry,DRY;TELEGRAM_COOLDOWN:Forecast Dry,DRY",OK
2026-06-20 00:44:37,32.0,55.0,20.0,24.0,-4.0,2.1,24.0,24.1,24.6,22.7,-0.0,DRY,ON,20.0,20.0,20.0,Dry Forecast,Forecast dry. Recommend watering soon; pump stays OFF because ML_CONTROL_MODE=recommend.,Forecast Dry,,"Forecast Dry,DRY;TELEGRAM_SENT:Forecast Dry,DRY",OK
2026-06-20 00:44:42,32.0,55.0,20.0,24.0,-4.0,2.1,24.0,24.1,24.6,22.7,-0.0,DRY,ON,20.0,20.0,20.0,Dry Forecast,Forecast dry. Recommend watering soon; pump stays OFF because ML_CONTROL_MODE=recommend.,Forecast Dry,,"Forecast Dry,DRY;TELEGRAM_COOLDOWN:Forecast Dry,DRY",OK
2026-06-20 00:44:47,32.0,55.0,20.0,24.0,-4.0,2.1,24.0,24.1,24.6,22.7,-0.0,DRY,ON,20.0,20.0,20.0,Dry Forecast,Forecast dry. Recommend watering soon; pump stays OFF because ML_CONTROL_MODE=recommend.,Forecast Dry,,"Forecast Dry,DRY;TELEGRAM_SENT:Forecast Dry,DRY",OK
2026-06-20 00:44:53,32.0,55.0,20.0,24.0,-4.0,2.1,24.0,24.1,24.6,22.7,-0.0,DRY,ON,20.0,20.0,20.0,Dry Forecast,Forecast dry. Recommend watering soon; pump stays OFF because ML_CONTROL_MODE=recommend.,Forecast Dry,,"Forecast Dry,DRY;TELEGRAM_COOLDOWN:Forecast Dry,DRY",OK
2026-06-20 00:44:58,32.0,55.0,20.0,24.0,-4.0,2.1,24.0,24.1,24.6,22.7,-0.0,DRY,ON,20.0,20.0,20.0,Dry Forecast,Forecast dry. Recommend watering soon; pump stays OFF because ML_CONTROL_MODE=recommend.,Forecast Dry,,"Forecast Dry,DRY;TELEGRAM_SENT:Forecast Dry,DRY",OK
2026-06-20 00:45:06,32.0,55.0,20.0,24.0,-4.0,2.1,24.0,24.1,24.6,22.7,-0.0,DRY,ON,20.0,20.0,20.0,Dry Forecast,Forecast dry. Recommend watering soon; pump stays OFF because ML_CONTROL_MODE=recommend.,Forecast Dry,,"Forecast Dry,DRY;TELEGRAM_COOLDOWN:Forecast Dry,DRY",OK
2026-06-20 00:45:12,32.0,55.0,20.0,24.0,-4.0,2.1,24.0,24.1,24.6,22.7,-0.0,DRY,ON,20.0,20.0,20.0,Dry Forecast,Forecast dry. Recommend watering soon; pump stays OFF because ML_CONTROL_MODE=recommend.,Forecast Dry,,"Forecast Dry,DRY;TELEGRAM_SENT:Forecast Dry,DRY",OK
2026-06-20 00:45:18,32.0,55.0,20.0,24.0,-4.0,2.1,24.0,24.1,24.6,22.7,-0.0,DRY,ON,20.0,20.0,20.0,Dry Forecast,Forecast dry. Recommend watering soon; pump stays OFF because ML_CONTROL_MODE=recommend.,Forecast Dry,,"Forecast Dry,DRY;TELEGRAM_COOLDOWN:Forecast Dry,DRY",OK
2026-06-20 00:45:23,32.0,55.0,20.0,24.0,-4.0,2.1,24.0,24.1,24.6,22.7,-0.0,DRY,ON,20.0,20.0,20.0,Dry Forecast,Forecast dry. Recommend watering soon; pump stays OFF because ML_CONTROL_MODE=recommend.,Forecast Dry,,"Forecast Dry,DRY;TELEGRAM_SENT:Forecast Dry,DRY",OK
2026-06-20 00:45:28,32.0,55.0,20.0,24.0,-4.0,2.1,24.0,24.1,24.6,22.7,-0.0,DRY,ON,20.0,20.0,20.0,Dry Forecast,Forecast dry. Recommend watering soon; pump stays OFF because ML_CONTROL_MODE=recommend.,Forecast Dry,,"Forecast Dry,DRY;TELEGRAM_COOLDOWN:Forecast Dry,DRY",OK
2026-06-20 00:45:34,32.0,55.0,20.0,24.0,-4.0,2.1,24.0,24.1,24.6,22.7,-0.0,DRY,ON,20.0,20.0,20.0,Dry Forecast,Forecast dry. Recommend watering soon; pump stays OFF because ML_CONTROL_MODE=recommend.,Forecast Dry,,"Forecast Dry,DRY;TELEGRAM_SENT:Forecast Dry,DRY",OK
2026-06-20 00:45:41,32.0,55.0,20.0,24.0,-4.0,2.1,24.0,24.1,24.6,22.7,-0.0,DRY,ON,20.0,20.0,20.0,Dry Forecast,Forecast dry. Recommend watering soon; pump stays OFF because ML_CONTROL_MODE=recommend.,Forecast Dry,,"Forecast Dry,DRY;TELEGRAM_COOLDOWN:Forecast Dry,DRY",OK
2026-06-20 00:45:47,32.0,55.0,20.0,24.0,-4.0,2.1,24.0,24.1,24.6,22.7,-0.0,DRY,ON,20.0,20.0,20.0,Dry Forecast,Forecast dry. Recommend watering soon; pump stays OFF because ML_CONTROL_MODE=recommend.,Forecast Dry,,"Forecast Dry,DRY;TELEGRAM_SENT:Forecast Dry,DRY",OK
2026-06-20 00:45:52,32.0,55.0,20.0,24.0,-4.0,2.1,24.0,24.1,24.6,22.7,-0.0,DRY,ON,20.0,20.0,20.0,Dry Forecast,Forecast dry. Recommend watering soon; pump stays OFF because ML_CONTROL_MODE=recommend.,Forecast Dry,,"Forecast Dry,DRY;TELEGRAM_COOLDOWN:Forecast Dry,DRY",OK
2026-06-20 00:45:57,32.0,55.0,20.0,24.0,-4.0,2.1,24.0,24.1,24.6,22.7,-0.0,DRY,ON,20.0,20.0,20.0,Dry Forecast,Forecast dry. Recommend watering soon; pump stays OFF because ML_CONTROL_MODE=recommend.,Forecast Dry,,"Forecast Dry,DRY;TELEGRAM_SENT:Forecast Dry,DRY",OK
2026-06-20 00:46:03,32.0,55.0,20.0,24.0,-4.0,2.1,24.0,24.1,24.6,22.7,-0.0,DRY,ON,20.0,20.0,20.0,Dry Forecast,Forecast dry. Recommend watering soon; pump stays OFF because ML_CONTROL_MODE=recommend.,Forecast Dry,,"Forecast Dry,DRY;TELEGRAM_COOLDOWN:Forecast Dry,DRY",OK
2026-06-20 00:46:08,32.0,55.0,20.0,24.0,-4.0,2.1,24.0,24.1,24.6,22.7,-0.0,DRY,ON,20.0,20.0,20.0,Dry Forecast,Forecast dry. Recommend watering soon; pump stays OFF because ML_CONTROL_MODE=recommend.,Forecast Dry,,"Forecast Dry,DRY;TELEGRAM_SENT:Forecast Dry,DRY",OK
2026-06-20 00:46:16,32.0,55.0,20.0,24.0,-4.0,2.1,24.0,24.1,24.6,22.7,-0.0,DRY,ON,20.0,20.0,20.0,Dry Forecast,Forecast dry. Recommend watering soon; pump stays OFF because ML_CONTROL_MODE=recommend.,Forecast Dry,,"Forecast Dry,DRY;TELEGRAM_COOLDOWN:Forecast Dry,DRY",OK
2026-06-20 00:46:21,32.0,55.0,20.0,24.0,-4.0,2.1,24.0,24.1,24.6,22.7,-0.0,DRY,ON,20.0,20.0,20.0,Dry Forecast,Forecast dry. Recommend watering soon; pump stays OFF because ML_CONTROL_MODE=recommend.,Forecast Dry,,"Forecast Dry,DRY;TELEGRAM_SENT:Forecast Dry,DRY",OK
2026-06-20 00:46:27,32.0,55.0,20.0,24.0,-4.0,2.1,24.0,24.1,24.6,22.7,-0.0,DRY,ON,20.0,20.0,20.0,Dry Forecast,Forecast dry. Recommend watering soon; pump stays OFF because ML_CONTROL_MODE=recommend.,Forecast Dry,,"Forecast Dry,DRY;TELEGRAM_COOLDOWN:Forecast Dry,DRY",OK
2026-06-20 00:46:32,32.0,55.0,20.0,24.0,-4.0,2.1,24.0,24.1,24.6,22.7,-0.0,DRY,ON,20.0,20.0,20.0,Dry Forecast,Forecast dry. Recommend watering soon; pump stays OFF because ML_CONTROL_MODE=recommend.,Forecast Dry,,"Forecast Dry,DRY;TELEGRAM_SENT:Forecast Dry,DRY",OK
2026-06-20 00:46:38,32.0,55.0,20.0,24.0,-4.0,2.1,24.0,24.1,24.6,22.7,-0.0,DRY,ON,20.0,20.0,20.0,Dry Forecast,Forecast dry. Recommend watering soon; pump stays OFF because ML_CONTROL_MODE=recommend.,Forecast Dry,,"Forecast Dry,DRY;TELEGRAM_COOLDOWN:Forecast Dry,DRY",OK
2026-06-20 00:46:43,32.0,55.0,20.0,24.0,-4.0,2.1,24.0,24.1,24.6,22.7,-0.0,DRY,ON,20.0,20.0,20.0,Dry Forecast,Forecast dry. Recommend watering soon; pump stays OFF because ML_CONTROL_MODE=recommend.,Forecast Dry,,"Forecast Dry,DRY;TELEGRAM_SENT:Forecast Dry,DRY",OK
2026-06-20 00:46:51,32.0,55.0,20.0,24.0,-4.0,2.1,24.0,24.1,24.6,22.7,-0.0,DRY,ON,20.0,20.0,20.0,Dry Forecast,Forecast dry. Recommend watering soon; pump stays OFF because ML_CONTROL_MODE=recommend.,Forecast Dry,,"Forecast Dry,DRY;TELEGRAM_COOLDOWN:Forecast Dry,DRY",OK
2026-06-20 00:46:56,32.0,55.0,20.0,24.0,-4.0,2.1,24.0,24.1,24.6,22.7,-0.0,DRY,ON,20.0,20.0,20.0,Dry Forecast,Forecast dry. Recommend watering soon; pump stays OFF because ML_CONTROL_MODE=recommend.,Forecast Dry,,"Forecast Dry,DRY;TELEGRAM_SENT:Forecast Dry,DRY",OK
2026-06-20 00:47:02,32.0,55.0,20.0,24.0,-4.0,2.1,24.0,24.1,24.6,22.7,-0.0,DRY,ON,20.0,20.0,20.0,Dry Forecast,Forecast dry. Recommend watering soon; pump stays OFF because ML_CONTROL_MODE=recommend.,Forecast Dry,,"Forecast Dry,DRY;TELEGRAM_COOLDOWN:Forecast Dry,DRY",OK
2026-06-20 00:47:07,32.0,55.0,20.0,24.0,-4.0,2.1,24.0,24.1,24.6,22.7,-0.0,DRY,ON,20.0,20.0,20.0,Dry Forecast,Forecast dry. Recommend watering soon; pump stays OFF because ML_CONTROL_MODE=recommend.,Forecast Dry,,"Forecast Dry,DRY;TELEGRAM_SENT:Forecast Dry,DRY",OK
2026-06-20 00:47:13,32.0,55.0,20.0,24.0,-4.0,2.1,24.0,24.1,24.6,22.7,-0.0,DRY,ON,20.0,20.0,20.0,Dry Forecast,Forecast dry. Recommend watering soon; pump stays OFF because ML_CONTROL_MODE=recommend.,Forecast Dry,,"Forecast Dry,DRY;TELEGRAM_COOLDOWN:Forecast Dry,DRY",OK
2026-06-20 00:47:20,32.0,55.0,20.0,24.0,-4.0,2.1,24.0,24.1,24.6,22.7,-0.0,DRY,ON,20.0,20.0,20.0,Dry Forecast,Forecast dry. Recommend watering soon; pump stays OFF because ML_CONTROL_MODE=recommend.,Forecast Dry,,"Forecast Dry,DRY;TELEGRAM_SENT:Forecast Dry,DRY",OK
2026-06-20 00:47:26,32.0,55.0,20.0,24.0,-4.0,2.1,24.0,24.1,24.6,22.7,-0.0,DRY,ON,20.0,20.0,20.0,Dry Forecast,Forecast dry. Recommend watering soon; pump stays OFF because ML_CONTROL_MODE=recommend.,Forecast Dry,,"Forecast Dry,DRY;TELEGRAM_COOLDOWN:Forecast Dry,DRY",OK
2026-06-20 00:47:31,32.0,55.0,20.0,24.0,-4.0,2.1,24.0,24.1,24.6,22.7,-0.0,DRY,ON,20.0,20.0,20.0,Dry Forecast,Forecast dry. Recommend watering soon; pump stays OFF because ML_CONTROL_MODE=recommend.,Forecast Dry,,"Forecast Dry,DRY;TELEGRAM_SENT:Forecast Dry,DRY",OK
2026-06-20 00:47:37,32.0,55.0,20.0,24.0,-4.0,2.1,24.0,24.1,24.6,22.7,-0.0,DRY,ON,20.0,20.0,20.0,Dry Forecast,Forecast dry. Recommend watering soon; pump stays OFF because ML_CONTROL_MODE=recommend.,Forecast Dry,,"Forecast Dry,DRY;TELEGRAM_COOLDOWN:Forecast Dry,DRY",OK
2026-06-20 00:47:42,32.0,55.0,20.0,24.0,-4.0,2.1,24.0,24.1,24.6,22.7,-0.0,DRY,ON,20.0,20.0,20.0,Dry Forecast,Forecast dry. Recommend watering soon; pump stays OFF because ML_CONTROL_MODE=recommend.,Forecast Dry,,"Forecast Dry,DRY;TELEGRAM_SENT:Forecast Dry,DRY",OK
2026-06-20 00:47:48,32.0,55.0,20.0,24.0,-4.0,2.1,24.0,24.1,24.6,22.7,-0.0,DRY,ON,20.0,20.0,20.0,Dry Forecast,Forecast dry. Recommend watering soon; pump stays OFF because ML_CONTROL_MODE=recommend.,Forecast Dry,,"Forecast Dry,DRY;TELEGRAM_COOLDOWN:Forecast Dry,DRY",OK
2026-06-20 00:47:55,32.0,55.0,20.0,24.0,-4.0,2.1,24.0,24.1,24.6,22.7,-0.0,DRY,ON,20.0,20.0,20.0,Dry Forecast,Forecast dry. Recommend watering soon; pump stays OFF because ML_CONTROL_MODE=recommend.,Forecast Dry,,"Forecast Dry,DRY;TELEGRAM_SENT:Forecast Dry,DRY",OK
2026-06-20 00:48:01,32.0,55.0,20.0,24.0,-4.0,2.1,24.0,24.1,24.6,22.7,-0.0,DRY,ON,20.0,20.0,20.0,Dry Forecast,Forecast dry. Recommend watering soon; pump stays OFF because ML_CONTROL_MODE=recommend.,Forecast Dry,,"Forecast Dry,DRY;TELEGRAM_COOLDOWN:Forecast Dry,DRY",OK
2026-06-20 00:48:06,32.0,55.0,20.0,24.0,-4.0,2.1,24.0,24.1,24.6,22.7,-0.0,DRY,ON,20.0,20.0,20.0,Dry Forecast,Forecast dry. Recommend watering soon; pump stays OFF because ML_CONTROL_MODE=recommend.,Forecast Dry,,"Forecast Dry,DRY;TELEGRAM_SENT:Forecast Dry,DRY",OK
2026-06-20 00:48:12,32.0,55.0,20.0,24.0,-4.0,2.1,24.0,24.1,24.6,22.7,-0.0,DRY,ON,20.0,20.0,20.0,Dry Forecast,Forecast dry. Recommend watering soon; pump stays OFF because ML_CONTROL_MODE=recommend.,Forecast Dry,,"Forecast Dry,DRY;TELEGRAM_COOLDOWN:Forecast Dry,DRY",OK
2026-06-20 00:48:17,32.0,55.0,20.0,24.0,-4.0,2.1,24.0,24.1,24.6,22.7,-0.0,DRY,ON,20.0,20.0,20.0,Dry Forecast,Forecast dry. Recommend watering soon; pump stays OFF because ML_CONTROL_MODE=recommend.,Forecast Dry,,"Forecast Dry,DRY;TELEGRAM_SENT:Forecast Dry,DRY",OK
2026-06-20 00:48:23,32.0,55.0,20.0,24.0,-4.0,2.1,24.0,24.1,24.6,22.7,-0.0,DRY,ON,20.0,20.0,20.0,Dry Forecast,Forecast dry. Recommend watering soon; pump stays OFF because ML_CONTROL_MODE=recommend.,Forecast Dry,,"Forecast Dry,DRY;TELEGRAM_COOLDOWN:Forecast Dry,DRY",OK
2026-06-20 00:48:30,32.0,55.0,20.0,24.0,-4.0,2.1,24.0,24.1,24.6,22.7,-0.0,DRY,ON,20.0,20.0,20.0,Dry Forecast,Forecast dry. Recommend watering soon; pump stays OFF because ML_CONTROL_MODE=recommend.,Forecast Dry,,"Forecast Dry,DRY;TELEGRAM_SENT:Forecast Dry,DRY",OK
2026-06-20 00:48:36,32.0,55.0,20.0,24.0,-4.0,2.1,24.0,24.1,24.6,22.7,-0.0,DRY,ON,20.0,20.0,20.0,Dry Forecast,Forecast dry. Recommend watering soon; pump stays OFF because ML_CONTROL_MODE=recommend.,Forecast Dry,,"Forecast Dry,DRY;TELEGRAM_COOLDOWN:Forecast Dry,DRY",OK
2026-06-20 00:48:41,32.0,55.0,20.0,24.0,-4.0,2.1,24.0,24.1,24.6,22.7,-0.0,DRY,ON,20.0,20.0,20.0,Dry Forecast,Forecast dry. Recommend watering soon; pump stays OFF because ML_CONTROL_MODE=recommend.,Forecast Dry,,"Forecast Dry,DRY;TELEGRAM_SENT:Forecast Dry,DRY",OK
2026-06-20 00:48:47,32.0,55.0,20.0,24.0,-4.0,2.1,24.0,24.1,24.6,22.7,-0.0,DRY,ON,20.0,20.0,20.0,Dry Forecast,Forecast dry. Recommend watering soon; pump stays OFF because ML_CONTROL_MODE=recommend.,Forecast Dry,,"Forecast Dry,DRY;TELEGRAM_COOLDOWN:Forecast Dry,DRY",OK
2026-06-20 00:48:52,32.0,55.0,20.0,24.0,-4.0,2.1,24.0,24.1,24.6,22.7,-0.0,DRY,ON,20.0,20.0,20.0,Dry Forecast,Forecast dry. Recommend watering soon; pump stays OFF because ML_CONTROL_MODE=recommend.,Forecast Dry,,"Forecast Dry,DRY;TELEGRAM_SENT:Forecast Dry,DRY",OK
2026-06-20 00:48:57,32.0,55.0,20.0,24.0,-4.0,2.1,24.0,24.1,24.6,22.7,-0.0,DRY,ON,20.0,20.0,20.0,Dry Forecast,Forecast dry. Recommend watering soon; pump stays OFF because ML_CONTROL_MODE=recommend.,Forecast Dry,,"Forecast Dry,DRY;TELEGRAM_COOLDOWN:Forecast Dry,DRY",OK
2026-06-20 00:49:04,32.0,55.0,20.0,24.0,-4.0,2.1,24.0,24.1,24.6,22.7,-0.0,DRY,ON,20.0,20.0,20.0,Dry Forecast,Forecast dry. Recommend watering soon; pump stays OFF because ML_CONTROL_MODE=recommend.,Forecast Dry,,"Forecast Dry,DRY;TELEGRAM_SENT:Forecast Dry,DRY",OK
2026-06-20 00:49:10,32.0,55.0,20.0,24.0,-4.0,2.1,24.0,24.1,24.6,22.7,-0.0,DRY,ON,20.0,20.0,20.0,Dry Forecast,Forecast dry. Recommend watering soon; pump stays OFF because ML_CONTROL_MODE=recommend.,Forecast Dry,,"Forecast Dry,DRY;TELEGRAM_COOLDOWN:Forecast Dry,DRY",OK
2026-06-20 00:49:15,32.0,55.0,20.0,24.0,-4.0,2.1,24.0,24.1,24.6,22.7,-0.0,DRY,ON,20.0,20.0,20.0,Dry Forecast,Forecast dry. Recommend watering soon; pump stays OFF because ML_CONTROL_MODE=recommend.,Forecast Dry,,"Forecast Dry,DRY;TELEGRAM_SENT:Forecast Dry,DRY",OK
2026-06-20 00:49:22,32.0,55.0,20.0,24.0,-4.0,2.1,24.0,24.1,24.6,22.7,-0.0,DRY,ON,20.0,20.0,20.0,Dry Forecast,Forecast dry. Recommend watering soon; pump stays OFF because ML_CONTROL_MODE=recommend.,Forecast Dry,,"Forecast Dry,DRY;TELEGRAM_COOLDOWN:Forecast Dry,DRY",OK
2026-06-20 00:49:27,32.0,55.0,20.0,24.0,-4.0,2.1,24.0,24.1,24.6,22.7,-0.0,DRY,ON,20.0,20.0,20.0,Dry Forecast,Forecast dry. Recommend watering soon; pump stays OFF because ML_CONTROL_MODE=recommend.,Forecast Dry,,"Forecast Dry,DRY;TELEGRAM_SENT:Forecast Dry,DRY",OK
2026-06-20 00:49:33,32.0,55.0,20.0,24.0,-4.0,2.1,24.0,24.1,24.6,22.7,-0.0,DRY,ON,20.0,20.0,20.0,Dry Forecast,Forecast dry. Recommend watering soon; pump stays OFF because ML_CONTROL_MODE=recommend.,Forecast Dry,,"Forecast Dry,DRY;TELEGRAM_COOLDOWN:Forecast Dry,DRY",OK
2026-06-20 00:49:40,32.0,55.0,20.0,24.0,-4.0,2.1,24.0,24.1,24.6,22.7,-0.0,DRY,ON,20.0,20.0,20.0,Dry Forecast,Forecast dry. Recommend watering soon; pump stays OFF because ML_CONTROL_MODE=recommend.,Forecast Dry,,"Forecast Dry,DRY;TELEGRAM_SENT:Forecast Dry,DRY",OK
2026-06-20 00:49:46,32.0,55.0,20.0,24.0,-4.0,2.1,24.0,24.1,24.6,22.7,-0.0,DRY,ON,20.0,20.0,20.0,Dry Forecast,Forecast dry. Recommend watering soon; pump stays OFF because ML_CONTROL_MODE=recommend.,Forecast Dry,,"Forecast Dry,DRY;TELEGRAM_COOLDOWN:Forecast Dry,DRY",OK
2026-06-20 00:49:51,32.0,55.0,20.0,24.0,-4.0,2.1,24.0,24.1,24.6,22.7,-0.0,DRY,ON,20.0,20.0,20.0,Dry Forecast,Forecast dry. Recommend watering soon; pump stays OFF because ML_CONTROL_MODE=recommend.,Forecast Dry,,"Forecast Dry,DRY;TELEGRAM_SENT:Forecast Dry,DRY",OK
2026-06-20 00:49:57,32.0,55.0,20.0,24.0,-4.0,2.1,24.0,24.1,24.6,22.7,-0.0,DRY,ON,20.0,20.0,20.0,Dry Forecast,Forecast dry. Recommend watering soon; pump stays OFF because ML_CONTROL_MODE=recommend.,Forecast Dry,,"Forecast Dry,DRY;TELEGRAM_COOLDOWN:Forecast Dry,DRY",OK
2026-06-20 00:50:02,32.0,55.0,20.0,24.0,-4.0,2.1,24.0,24.1,24.6,22.7,-0.0,DRY,ON,20.0,20.0,20.0,Dry Forecast,Forecast dry. Recommend watering soon; pump stays OFF because ML_CONTROL_MODE=recommend.,Forecast Dry,,"Forecast Dry,DRY;TELEGRAM_SENT:Forecast Dry,DRY",OK
2026-06-20 00:50:07,32.0,55.0,20.0,24.0,-4.0,2.1,24.0,24.1,24.6,22.7,-0.0,DRY,ON,20.0,20.0,20.0,Dry Forecast,Forecast dry. Recommend watering soon; pump stays OFF because ML_CONTROL_MODE=recommend.,Forecast Dry,,"Forecast Dry,DRY;TELEGRAM_COOLDOWN:Forecast Dry,DRY",OK
2026-06-20 00:50:14,32.0,55.0,20.0,24.0,-4.0,2.1,24.0,24.1,24.6,22.7,-0.0,DRY,ON,20.0,20.0,20.0,Dry Forecast,Forecast dry. Recommend watering soon; pump stays OFF because ML_CONTROL_MODE=recommend.,Forecast Dry,,"Forecast Dry,DRY;TELEGRAM_SENT:Forecast Dry,DRY",OK
2026-06-20 00:50:21,32.0,55.0,20.0,24.0,-4.0,2.1,24.0,24.1,24.6,22.7,-0.0,DRY,ON,20.0,20.0,20.0,Dry Forecast,Forecast dry. Recommend watering soon; pump stays OFF because ML_CONTROL_MODE=recommend.,Forecast Dry,,"Forecast Dry,DRY;TELEGRAM_COOLDOWN:Forecast Dry,DRY",OK
2026-06-20 00:50:26,32.0,55.0,20.0,24.0,-4.0,2.1,24.0,24.1,24.6,22.7,-0.0,DRY,ON,20.0,20.0,20.0,Dry Forecast,Forecast dry. Recommend watering soon; pump stays OFF because ML_CONTROL_MODE=recommend.,Forecast Dry,,"Forecast Dry,DRY;TELEGRAM_SENT:Forecast Dry,DRY",OK
2026-06-20 00:50:32,32.0,55.0,20.0,24.0,-4.0,2.1,24.0,24.1,24.6,22.7,-0.0,DRY,ON,20.0,20.0,20.0,Dry Forecast,Forecast dry. Recommend watering soon; pump stays OFF because ML_CONTROL_MODE=recommend.,Forecast Dry,,"Forecast Dry,DRY;TELEGRAM_COOLDOWN:Forecast Dry,DRY",OK
2026-06-20 00:50:37,32.0,55.0,20.0,24.0,-4.0,2.1,24.0,24.1,24.6,22.7,-0.0,DRY,ON,20.0,20.0,20.0,Dry Forecast,Forecast dry. Recommend watering soon; pump stays OFF because ML_CONTROL_MODE=recommend.,Forecast Dry,,"Forecast Dry,DRY;TELEGRAM_SENT:Forecast Dry,DRY",OK
2026-06-20 00:50:43,32.0,55.0,20.0,24.0,-4.0,2.1,24.0,24.1,24.6,22.7,-0.0,DRY,ON,20.0,20.0,20.0,Dry Forecast,Forecast dry. Recommend watering soon; pump stays OFF because ML_CONTROL_MODE=recommend.,Forecast Dry,,"Forecast Dry,DRY;TELEGRAM_COOLDOWN:Forecast Dry,DRY",OK
2026-06-20 00:50:50,32.0,55.0,20.0,24.0,-4.0,2.1,24.0,24.1,24.6,22.7,-0.0,DRY,ON,20.0,20.0,20.0,Dry Forecast,Forecast dry. Recommend watering soon; pump stays OFF because ML_CONTROL_MODE=recommend.,Forecast Dry,,"Forecast Dry,DRY;TELEGRAM_SENT:Forecast Dry,DRY",OK
2026-06-20 00:50:56,32.0,55.0,20.0,24.0,-4.0,2.1,24.0,24.1,24.6,22.7,-0.0,DRY,ON,20.0,20.0,20.0,Dry Forecast,Forecast dry. Recommend watering soon; pump stays OFF because ML_CONTROL_MODE=recommend.,Forecast Dry,,"Forecast Dry,DRY;TELEGRAM_COOLDOWN:Forecast Dry,DRY",OK
2026-06-20 00:51:01,32.0,55.0,20.0,24.0,-4.0,2.1,24.0,24.1,24.6,22.7,-0.0,DRY,ON,20.0,20.0,20.0,Dry Forecast,Forecast dry. Recommend watering soon; pump stays OFF because ML_CONTROL_MODE=recommend.,Forecast Dry,,"Forecast Dry,DRY;TELEGRAM_SENT:Forecast Dry,DRY",OK
2026-06-20 00:51:07,32.0,55.0,20.0,24.0,-4.0,2.1,24.0,24.1,24.6,22.7,-0.0,DRY,ON,20.0,20.0,20.0,Dry Forecast,Forecast dry. Recommend watering soon; pump stays OFF because ML_CONTROL_MODE=recommend.,Forecast Dry,,"Forecast Dry,DRY;TELEGRAM_COOLDOWN:Forecast Dry,DRY",OK
2026-06-20 00:51:12,32.0,55.0,20.0,24.0,-4.0,2.1,24.0,24.1,24.6,22.7,-0.0,DRY,ON,20.0,20.0,20.0,Dry Forecast,Forecast dry. Recommend watering soon; pump stays OFF because ML_CONTROL_MODE=recommend.,Forecast Dry,,"Forecast Dry,DRY;TELEGRAM_SENT:Forecast Dry,DRY",OK
2026-06-20 00:51:18,32.0,55.0,20.0,24.0,-4.0,2.1,24.0,24.1,24.6,22.7,-0.0,DRY,ON,20.0,20.0,20.0,Dry Forecast,Forecast dry. Recommend watering soon; pump stays OFF because ML_CONTROL_MODE=recommend.,Forecast Dry,,"Forecast Dry,DRY;TELEGRAM_COOLDOWN:Forecast Dry,DRY",OK
2026-06-20 00:51:25,32.0,55.0,20.0,24.0,-4.0,2.1,24.0,24.1,24.6,22.7,-0.0,DRY,ON,20.0,20.0,20.0,Dry Forecast,Forecast dry. Recommend watering soon; pump stays OFF because ML_CONTROL_MODE=recommend.,Forecast Dry,,"Forecast Dry,DRY;TELEGRAM_SENT:Forecast Dry,DRY",OK
2026-06-20 00:51:31,32.0,55.0,20.0,24.0,-4.0,2.1,24.0,24.1,24.6,22.7,-0.0,DRY,ON,20.0,20.0,20.0,Dry Forecast,Forecast dry. Recommend watering soon; pump stays OFF because ML_CONTROL_MODE=recommend.,Forecast Dry,,"Forecast Dry,DRY;TELEGRAM_COOLDOWN:Forecast Dry,DRY",OK
2026-06-20 00:51:36,32.0,55.0,20.0,24.0,-4.0,2.1,24.0,24.1,24.6,22.7,-0.0,DRY,ON,20.0,20.0,20.0,Dry Forecast,Forecast dry. Recommend watering soon; pump stays OFF because ML_CONTROL_MODE=recommend.,Forecast Dry,,"Forecast Dry,DRY;TELEGRAM_SENT:Forecast Dry,DRY",OK
2026-06-20 00:51:42,32.0,55.0,20.0,24.0,-4.0,2.1,24.0,24.1,24.6,22.7,-0.0,DRY,ON,20.0,20.0,20.0,Dry Forecast,Forecast dry. Recommend watering soon; pump stays OFF because ML_CONTROL_MODE=recommend.,Forecast Dry,,"Forecast Dry,DRY;TELEGRAM_COOLDOWN:Forecast Dry,DRY",OK
2026-06-20 00:51:47,32.0,55.0,20.0,24.0,-4.0,2.1,24.0,24.1,24.6,22.7,-0.0,DRY,ON,20.0,20.0,20.0,Dry Forecast,Forecast dry. Recommend watering soon; pump stays OFF because ML_CONTROL_MODE=recommend.,Forecast Dry,,"Forecast Dry,DRY;TELEGRAM_SENT:Forecast Dry,DRY",OK
2026-06-20 00:51:55,32.0,55.0,20.0,24.0,-4.0,2.1,24.0,24.1,24.6,22.7,-0.0,DRY,ON,20.0,20.0,20.0,Dry Forecast,Forecast dry. Recommend watering soon; pump stays OFF because ML_CONTROL_MODE=recommend.,Forecast Dry,,"Forecast Dry,DRY;TELEGRAM_COOLDOWN:Forecast Dry,DRY",OK
2026-06-20 00:52:00,32.0,55.0,20.0,24.0,-4.0,2.1,24.0,24.1,24.6,22.7,-0.0,DRY,ON,20.0,20.0,20.0,Dry Forecast,Forecast dry. Recommend watering soon; pump stays OFF because ML_CONTROL_MODE=recommend.,Forecast Dry,,"Forecast Dry,DRY;TELEGRAM_SENT:Forecast Dry,DRY",OK
2026-06-20 00:52:06,32.0,55.0,20.0,24.0,-4.0,2.1,24.0,24.1,24.6,22.7,-0.0,DRY,ON,20.0,20.0,20.0,Dry Forecast,Forecast dry. Recommend watering soon; pump stays OFF because ML_CONTROL_MODE=recommend.,Forecast Dry,,"Forecast Dry,DRY;TELEGRAM_COOLDOWN:Forecast Dry,DRY",OK
2026-06-20 00:52:11,32.0,55.0,20.0,24.0,-4.0,2.1,24.0,24.1,24.6,22.7,-0.0,DRY,ON,20.0,20.0,20.0,Dry Forecast,Forecast dry. Recommend watering soon; pump stays OFF because ML_CONTROL_MODE=recommend.,Forecast Dry,,"Forecast Dry,DRY;TELEGRAM_SENT:Forecast Dry,DRY",OK
2026-06-20 00:52:17,32.0,55.0,20.0,24.0,-4.0,2.1,24.0,24.1,24.6,22.7,-0.0,DRY,ON,20.0,20.0,20.0,Dry Forecast,Forecast dry. Recommend watering soon; pump stays OFF because ML_CONTROL_MODE=recommend.,Forecast Dry,,"Forecast Dry,DRY;TELEGRAM_COOLDOWN:Forecast Dry,DRY",OK
2026-06-20 00:52:22,32.0,55.0,20.0,24.0,-4.0,2.1,24.0,24.1,24.6,22.7,-0.0,DRY,ON,20.0,20.0,20.0,Dry Forecast,Forecast dry. Recommend watering soon; pump stays OFF because ML_CONTROL_MODE=recommend.,Forecast Dry,,"Forecast Dry,DRY;TELEGRAM_SENT:Forecast Dry,DRY",OK
2026-06-20 00:52:30,32.0,55.0,20.0,24.0,-4.0,2.1,24.0,24.1,24.6,22.7,-0.0,DRY,ON,20.0,20.0,20.0,Dry Forecast,Forecast dry. Recommend watering soon; pump stays OFF because ML_CONTROL_MODE=recommend.,Forecast Dry,,"Forecast Dry,DRY;TELEGRAM_COOLDOWN:Forecast Dry,DRY",OK
2026-06-20 00:52:35,32.0,55.0,20.0,24.0,-4.0,2.1,24.0,24.1,24.6,22.7,-0.0,DRY,ON,20.0,20.0,20.0,Dry Forecast,Forecast dry. Recommend watering soon; pump stays OFF because ML_CONTROL_MODE=recommend.,Forecast Dry,,"Forecast Dry,DRY;TELEGRAM_SENT:Forecast Dry,DRY",OK
2026-06-20 00:52:41,32.0,55.0,20.0,24.0,-4.0,2.1,24.0,24.1,24.6,22.7,-0.0,DRY,ON,20.0,20.0,20.0,Dry Forecast,Forecast dry. Recommend watering soon; pump stays OFF because ML_CONTROL_MODE=recommend.,Forecast Dry,,"Forecast Dry,DRY;TELEGRAM_COOLDOWN:Forecast Dry,DRY",OK
2026-06-20 00:52:46,32.0,55.0,20.0,24.0,-4.0,2.1,24.0,24.1,24.6,22.7,-0.0,DRY,ON,20.0,20.0,20.0,Dry Forecast,Forecast dry. Recommend watering soon; pump stays OFF because ML_CONTROL_MODE=recommend.,Forecast Dry,,"Forecast Dry,DRY;TELEGRAM_SENT:Forecast Dry,DRY",OK
2026-06-20 00:52:52,32.0,55.0,20.0,24.0,-4.0,2.1,24.0,24.1,24.6,22.7,-0.0,DRY,ON,20.0,20.0,20.0,Dry Forecast,Forecast dry. Recommend watering soon; pump stays OFF because ML_CONTROL_MODE=recommend.,Forecast Dry,,"Forecast Dry,DRY;TELEGRAM_COOLDOWN:Forecast Dry,DRY",OK
2026-06-20 00:52:57,32.0,55.0,20.0,24.0,-4.0,2.1,24.0,24.1,24.6,22.7,-0.0,DRY,ON,20.0,20.0,20.0,Dry Forecast,Forecast dry. Recommend watering soon; pump stays OFF because ML_CONTROL_MODE=recommend.,Forecast Dry,,"Forecast Dry,DRY;TELEGRAM_SENT:Forecast Dry,DRY",OK
2026-06-20 00:53:05,32.0,55.0,20.0,24.0,-4.0,2.1,24.0,24.1,24.6,22.7,-0.0,DRY,ON,20.0,20.0,20.0,Dry Forecast,Forecast dry. Recommend watering soon; pump stays OFF because ML_CONTROL_MODE=recommend.,Forecast Dry,,"Forecast Dry,DRY;TELEGRAM_COOLDOWN:Forecast Dry,DRY",OK
2026-06-20 00:53:10,32.0,55.0,20.0,24.0,-4.0,2.1,24.0,24.1,24.6,22.7,-0.0,DRY,ON,20.0,20.0,20.0,Dry Forecast,Forecast dry. Recommend watering soon; pump stays OFF because ML_CONTROL_MODE=recommend.,Forecast Dry,,"Forecast Dry,DRY;TELEGRAM_SENT:Forecast Dry,DRY",OK
2026-06-20 00:53:16,32.0,55.0,20.0,24.0,-4.0,2.1,24.0,24.1,24.6,22.7,-0.0,DRY,ON,20.0,20.0,20.0,Dry Forecast,Forecast dry. Recommend watering soon; pump stays OFF because ML_CONTROL_MODE=recommend.,Forecast Dry,,"Forecast Dry,DRY;TELEGRAM_COOLDOWN:Forecast Dry,DRY",OK
2026-06-20 00:53:21,32.0,55.0,20.0,24.0,-4.0,2.1,24.0,24.1,24.6,22.7,-0.0,DRY,ON,20.0,20.0,20.0,Dry Forecast,Forecast dry. Recommend watering soon; pump stays OFF because ML_CONTROL_MODE=recommend.,Forecast Dry,,"Forecast Dry,DRY;TELEGRAM_SENT:Forecast Dry,DRY",OK
2026-06-20 00:53:27,32.0,55.0,20.0,24.0,-4.0,2.1,24.0,24.1,24.6,22.7,-0.0,DRY,ON,20.0,20.0,20.0,Dry Forecast,Forecast dry. Recommend watering soon; pump stays OFF because ML_CONTROL_MODE=recommend.,Forecast Dry,,"Forecast Dry,DRY;TELEGRAM_COOLDOWN:Forecast Dry,DRY",OK
2026-06-20 00:53:32,32.0,55.0,20.0,24.0,-4.0,2.1,24.0,24.1,24.6,22.7,-0.0,DRY,ON,20.0,20.0,20.0,Dry Forecast,Forecast dry. Recommend watering soon; pump stays OFF because ML_CONTROL_MODE=recommend.,Forecast Dry,,"Forecast Dry,DRY;TELEGRAM_SENT:Forecast Dry,DRY",OK
2026-06-20 00:53:40,32.0,55.0,20.0,24.0,-4.0,2.1,24.0,24.1,24.6,22.7,-0.0,DRY,ON,20.0,20.0,20.0,Dry Forecast,Forecast dry. Recommend watering soon; pump stays OFF because ML_CONTROL_MODE=recommend.,Forecast Dry,,"Forecast Dry,DRY;TELEGRAM_COOLDOWN:Forecast Dry,DRY",OK
2026-06-20 00:53:45,32.0,55.0,20.0,24.0,-4.0,2.1,24.0,24.1,24.6,22.7,-0.0,DRY,ON,20.0,20.0,20.0,Dry Forecast,Forecast dry. Recommend watering soon; pump stays OFF because ML_CONTROL_MODE=recommend.,Forecast Dry,,"Forecast Dry,DRY;TELEGRAM_SENT:Forecast Dry,DRY",OK
2026-06-20 00:53:53,32.0,55.0,20.0,24.0,-4.0,2.1,24.0,24.1,24.6,22.7,-0.0,DRY,ON,20.0,20.0,20.0,Dry Forecast,Forecast dry. Recommend watering soon; pump stays OFF because ML_CONTROL_MODE=recommend.,Forecast Dry,,"Forecast Dry,DRY;TELEGRAM_COOLDOWN:Forecast Dry,DRY",OK
2026-06-20 00:53:58,32.0,55.0,20.0,24.0,-4.0,2.1,24.0,24.1,24.6,22.7,-0.0,DRY,ON,20.0,20.0,20.0,Dry Forecast,Forecast dry. Recommend watering soon; pump stays OFF because ML_CONTROL_MODE=recommend.,Forecast Dry,,"Forecast Dry,DRY;TELEGRAM_SENT:Forecast Dry,DRY",OK
2026-06-20 00:54:04,32.0,55.0,20.0,24.0,-4.0,2.1,24.0,24.1,24.6,22.7,-0.0,DRY,ON,20.0,20.0,20.0,Dry Forecast,Forecast dry. Recommend watering soon; pump stays OFF because ML_CONTROL_MODE=recommend.,Forecast Dry,,"Forecast Dry,DRY;TELEGRAM_COOLDOWN:Forecast Dry,DRY",OK
2026-06-20 00:54:09,32.0,55.0,20.0,24.0,-4.0,2.1,24.0,24.1,24.6,22.7,-0.0,DRY,ON,20.0,20.0,20.0,Dry Forecast,Forecast dry. Recommend watering soon; pump stays OFF because ML_CONTROL_MODE=recommend.,Forecast Dry,,"Forecast Dry,DRY;TELEGRAM_SENT:Forecast Dry,DRY",OK
2026-06-20 00:54:17,32.0,55.0,20.0,24.0,-4.0,2.1,24.0,24.1,24.6,22.7,-0.0,DRY,ON,20.0,20.0,20.0,Dry Forecast,Forecast dry. Recommend watering soon; pump stays OFF because ML_CONTROL_MODE=recommend.,Forecast Dry,,"Forecast Dry,DRY;TELEGRAM_COOLDOWN:Forecast Dry,DRY",OK
2026-06-20 00:54:22,32.0,55.0,20.0,24.0,-4.0,2.1,24.0,24.1,24.6,22.7,-0.0,DRY,ON,20.0,20.0,20.0,Dry Forecast,Forecast dry. Recommend watering soon; pump stays OFF because ML_CONTROL_MODE=recommend.,Forecast Dry,,"Forecast Dry,DRY;TELEGRAM_SENT:Forecast Dry,DRY",OK
2026-06-20 00:54:28,32.0,55.0,20.0,24.0,-4.0,2.1,24.0,24.1,24.6,22.7,-0.0,DRY,ON,20.0,20.0,20.0,Dry Forecast,Forecast dry. Recommend watering soon; pump stays OFF because ML_CONTROL_MODE=recommend.,Forecast Dry,,"Forecast Dry,DRY;TELEGRAM_COOLDOWN:Forecast Dry,DRY",OK
2026-06-20 00:54:43,32.0,55.0,20.0,24.0,-4.0,2.1,24.0,24.1,24.6,22.7,-0.0,DRY,ON,20.0,20.0,20.0,Dry Forecast,Forecast dry. Recommend watering soon; pump stays OFF because ML_CONTROL_MODE=recommend.,Forecast Dry,,"Forecast Dry,DRY;TELEGRAM_SENT:Forecast Dry,DRY",OK
2026-06-20 00:54:51,32.0,55.0,20.0,24.0,-4.0,2.1,24.0,24.1,24.6,22.7,-0.0,DRY,ON,20.0,20.0,20.0,Dry Forecast,Forecast dry. Recommend watering soon; pump stays OFF because ML_CONTROL_MODE=recommend.,Forecast Dry,,"Forecast Dry,DRY;TELEGRAM_COOLDOWN:Forecast Dry,DRY",OK
2026-06-20 00:54:56,32.0,55.0,20.0,24.0,-4.0,2.1,24.0,24.1,24.6,22.7,-0.0,DRY,ON,20.0,20.0,20.0,Dry Forecast,Forecast dry. Recommend watering soon; pump stays OFF because ML_CONTROL_MODE=recommend.,Forecast Dry,,"Forecast Dry,DRY;TELEGRAM_SENT:Forecast Dry,DRY",OK
2026-06-20 00:55:01,32.0,55.0,20.0,24.0,-4.0,2.1,24.0,24.1,24.6,22.7,-0.0,DRY,ON,20.0,20.0,20.0,Dry Forecast,Forecast dry. Recommend watering soon; pump stays OFF because ML_CONTROL_MODE=recommend.,Forecast Dry,,"Forecast Dry,DRY;TELEGRAM_COOLDOWN:Forecast Dry,DRY",OK
2026-06-20 00:55:06,32.0,55.0,20.0,24.0,-4.0,2.1,24.0,24.1,24.6,22.7,-0.0,DRY,ON,20.0,20.0,20.0,Dry Forecast,Forecast dry. Recommend watering soon; pump stays OFF because ML_CONTROL_MODE=recommend.,Forecast Dry,,"Forecast Dry,DRY;TELEGRAM_SENT:Forecast Dry,DRY",OK
2026-06-20 00:55:12,32.0,55.0,20.0,24.0,-4.0,2.1,24.0,24.1,24.6,22.7,-0.0,DRY,ON,20.0,20.0,20.0,Dry Forecast,Forecast dry. Recommend watering soon; pump stays OFF because ML_CONTROL_MODE=recommend.,Forecast Dry,,"Forecast Dry,DRY;TELEGRAM_COOLDOWN:Forecast Dry,DRY",OK
2026-06-20 00:55:17,32.0,55.0,20.0,24.0,-4.0,2.1,24.0,24.1,24.6,22.7,-0.0,DRY,ON,20.0,20.0,20.0,Dry Forecast,Forecast dry. Recommend watering soon; pump stays OFF because ML_CONTROL_MODE=recommend.,Forecast Dry,,"Forecast Dry,DRY;TELEGRAM_SENT:Forecast Dry,DRY",OK
2026-06-20 00:55:26,32.0,55.0,20.0,24.0,-4.0,2.1,24.0,24.1,24.6,22.7,-0.0,DRY,ON,20.0,20.0,20.0,Dry Forecast,Forecast dry. Recommend watering soon; pump stays OFF because ML_CONTROL_MODE=recommend.,Forecast Dry,,"Forecast Dry,DRY;TELEGRAM_COOLDOWN:Forecast Dry,DRY",OK
2026-06-20 00:55:31,32.0,55.0,20.0,24.0,-4.0,2.1,24.0,24.1,24.6,22.7,-0.0,DRY,ON,20.0,20.0,20.0,Dry Forecast,Forecast dry. Recommend watering soon; pump stays OFF because ML_CONTROL_MODE=recommend.,Forecast Dry,,"Forecast Dry,DRY;TELEGRAM_SENT:Forecast Dry,DRY",OK
2026-06-20 00:55:37,32.0,55.0,20.0,24.0,-4.0,2.1,24.0,24.1,24.6,22.7,-0.0,DRY,ON,20.0,20.0,20.0,Dry Forecast,Forecast dry. Recommend watering soon; pump stays OFF because ML_CONTROL_MODE=recommend.,Forecast Dry,,"Forecast Dry,DRY;TELEGRAM_COOLDOWN:Forecast Dry,DRY",OK
2026-06-20 00:55:42,32.0,55.0,20.0,24.0,-4.0,2.1,24.0,24.1,24.6,22.7,-0.0,DRY,ON,20.0,20.0,20.0,Dry Forecast,Forecast dry. Recommend watering soon; pump stays OFF because ML_CONTROL_MODE=recommend.,Forecast Dry,,"Forecast Dry,DRY;TELEGRAM_SENT:Forecast Dry,DRY",OK
2026-06-20 00:55:48,32.0,55.0,20.0,24.0,-4.0,2.1,24.0,24.1,24.6,22.7,-0.0,DRY,ON,20.0,20.0,20.0,Dry Forecast,Forecast dry. Recommend watering soon; pump stays OFF because ML_CONTROL_MODE=recommend.,Forecast Dry,,"Forecast Dry,DRY;TELEGRAM_COOLDOWN:Forecast Dry,DRY",OK
2026-06-20 00:55:55,32.0,55.0,20.0,24.0,-4.0,2.1,24.0,24.1,24.6,22.7,-0.0,DRY,ON,20.0,20.0,20.0,Dry Forecast,Forecast dry. Recommend watering soon; pump stays OFF because ML_CONTROL_MODE=recommend.,Forecast Dry,,"Forecast Dry,DRY;TELEGRAM_SENT:Forecast Dry,DRY",OK
2026-06-20 00:56:01,32.0,55.0,20.0,24.0,-4.0,2.1,24.0,24.1,24.6,22.7,-0.0,DRY,ON,20.0,20.0,20.0,Dry Forecast,Forecast dry. Recommend watering soon; pump stays OFF because ML_CONTROL_MODE=recommend.,Forecast Dry,,"Forecast Dry,DRY;TELEGRAM_COOLDOWN:Forecast Dry,DRY",OK
2026-06-20 00:56:06,32.0,55.0,20.0,24.0,-4.0,2.1,24.0,24.1,24.6,22.7,-0.0,DRY,ON,20.0,20.0,20.0,Dry Forecast,Forecast dry. Recommend watering soon; pump stays OFF because ML_CONTROL_MODE=recommend.,Forecast Dry,,"Forecast Dry,DRY;TELEGRAM_SENT:Forecast Dry,DRY",OK
2026-06-20 00:56:11,32.0,55.0,20.0,24.0,-4.0,2.1,24.0,24.1,24.6,22.7,-0.0,DRY,ON,20.0,20.0,20.0,Dry Forecast,Forecast dry. Recommend watering soon; pump stays OFF because ML_CONTROL_MODE=recommend.,Forecast Dry,,"Forecast Dry,DRY;TELEGRAM_COOLDOWN:Forecast Dry,DRY",OK
2026-06-20 00:56:17,32.0,55.0,20.0,24.0,-4.0,2.1,24.0,24.1,24.6,22.7,-0.0,DRY,ON,20.0,20.0,20.0,Dry Forecast,Forecast dry. Recommend watering soon; pump stays OFF because ML_CONTROL_MODE=recommend.,Forecast Dry,,"Forecast Dry,DRY;TELEGRAM_SENT:Forecast Dry,DRY",OK
2026-06-20 00:56:22,32.0,55.0,20.0,24.0,-4.0,2.1,24.0,24.1,24.6,22.7,-0.0,DRY,ON,20.0,20.0,20.0,Dry Forecast,Forecast dry. Recommend watering soon; pump stays OFF because ML_CONTROL_MODE=recommend.,Forecast Dry,,"Forecast Dry,DRY;TELEGRAM_COOLDOWN:Forecast Dry,DRY",OK
2026-06-20 00:56:29,32.0,55.0,20.0,24.0,-4.0,2.1,24.0,24.1,24.6,22.7,-0.0,DRY,ON,20.0,20.0,20.0,Dry Forecast,Forecast dry. Recommend watering soon; pump stays OFF because ML_CONTROL_MODE=recommend.,Forecast Dry,,"Forecast Dry,DRY;TELEGRAM_SENT:Forecast Dry,DRY",OK
2026-06-20 00:56:35,32.0,55.0,20.0,24.0,-4.0,2.1,24.0,24.1,24.6,22.7,-0.0,DRY,ON,20.0,20.0,20.0,Dry Forecast,Forecast dry. Recommend watering soon; pump stays OFF because ML_CONTROL_MODE=recommend.,Forecast Dry,,"Forecast Dry,DRY;TELEGRAM_COOLDOWN:Forecast Dry,DRY",OK
2026-06-20 00:56:40,32.0,55.0,20.0,24.0,-4.0,2.1,24.0,24.1,24.6,22.7,-0.0,DRY,ON,20.0,20.0,20.0,Dry Forecast,Forecast dry. Recommend watering soon; pump stays OFF because ML_CONTROL_MODE=recommend.,Forecast Dry,,"Forecast Dry,DRY;TELEGRAM_SENT:Forecast Dry,DRY",OK
2026-06-20 00:56:46,32.0,55.0,20.0,24.0,-4.0,2.1,24.0,24.1,24.6,22.7,-0.0,DRY,ON,20.0,20.0,20.0,Dry Forecast,Forecast dry. Recommend watering soon; pump stays OFF because ML_CONTROL_MODE=recommend.,Forecast Dry,,"Forecast Dry,DRY;TELEGRAM_COOLDOWN:Forecast Dry,DRY",OK
2026-06-20 00:56:51,32.0,55.0,20.0,24.0,-4.0,2.1,24.0,24.1,24.6,22.7,-0.0,DRY,ON,20.0,20.0,20.0,Dry Forecast,Forecast dry. Recommend watering soon; pump stays OFF because ML_CONTROL_MODE=recommend.,Forecast Dry,,"Forecast Dry,DRY;TELEGRAM_SENT:Forecast Dry,DRY",OK
2026-06-20 00:56:57,32.0,55.0,20.0,24.0,-4.0,2.1,24.0,24.1,24.6,22.7,-0.0,DRY,ON,20.0,20.0,20.0,Dry Forecast,Forecast dry. Recommend watering soon; pump stays OFF because ML_CONTROL_MODE=recommend.,Forecast Dry,,"Forecast Dry,DRY;TELEGRAM_COOLDOWN:Forecast Dry,DRY",OK
2026-06-20 00:57:04,32.0,55.0,20.0,24.0,-4.0,2.1,24.0,24.1,24.6,22.7,-0.0,DRY,ON,20.0,20.0,20.0,Dry Forecast,Forecast dry. Recommend watering soon; pump stays OFF because ML_CONTROL_MODE=recommend.,Forecast Dry,,"Forecast Dry,DRY;TELEGRAM_SENT:Forecast Dry,DRY",OK
2026-06-20 00:57:10,32.0,55.0,20.0,24.0,-4.0,2.1,24.0,24.1,24.6,22.7,-0.0,DRY,ON,20.0,20.0,20.0,Dry Forecast,Forecast dry. Recommend watering soon; pump stays OFF because ML_CONTROL_MODE=recommend.,Forecast Dry,,"Forecast Dry,DRY;TELEGRAM_COOLDOWN:Forecast Dry,DRY",OK
2026-06-20 00:57:15,32.0,55.0,20.0,24.0,-4.0,2.1,24.0,24.1,24.6,22.7,-0.0,DRY,ON,20.0,20.0,20.0,Dry Forecast,Forecast dry. Recommend watering soon; pump stays OFF because ML_CONTROL_MODE=recommend.,Forecast Dry,,"Forecast Dry,DRY;TELEGRAM_SENT:Forecast Dry,DRY",OK
2026-06-20 00:57:21,32.0,55.0,20.0,24.0,-4.0,2.1,24.0,24.1,24.6,22.7,-0.0,DRY,ON,20.0,20.0,20.0,Dry Forecast,Forecast dry. Recommend watering soon; pump stays OFF because ML_CONTROL_MODE=recommend.,Forecast Dry,,"Forecast Dry,DRY;TELEGRAM_COOLDOWN:Forecast Dry,DRY",OK
2026-06-20 00:57:26,32.0,55.0,20.0,24.0,-4.0,2.1,24.0,24.1,24.6,22.7,-0.0,DRY,ON,20.0,20.0,20.0,Dry Forecast,Forecast dry. Recommend watering soon; pump stays OFF because ML_CONTROL_MODE=recommend.,Forecast Dry,,"Forecast Dry,DRY;TELEGRAM_SENT:Forecast Dry,DRY",OK
2026-06-20 00:57:31,32.0,55.0,20.0,24.0,-4.0,2.1,24.0,24.1,24.6,22.7,-0.0,DRY,ON,20.0,20.0,20.0,Dry Forecast,Forecast dry. Recommend watering soon; pump stays OFF because ML_CONTROL_MODE=recommend.,Forecast Dry,,"Forecast Dry,DRY;TELEGRAM_COOLDOWN:Forecast Dry,DRY",OK
2026-06-20 00:57:38,32.0,55.0,20.0,24.0,-4.0,2.1,24.0,24.1,24.6,22.7,-0.0,DRY,ON,20.0,20.0,20.0,Dry Forecast,Forecast dry. Recommend watering soon; pump stays OFF because ML_CONTROL_MODE=recommend.,Forecast Dry,,"Forecast Dry,DRY;TELEGRAM_SENT:Forecast Dry,DRY",OK
2026-06-20 00:57:44,32.0,55.0,20.0,24.0,-4.0,2.1,24.0,24.1,24.6,22.7,-0.0,DRY,ON,20.0,20.0,20.0,Dry Forecast,Forecast dry. Recommend watering soon; pump stays OFF because ML_CONTROL_MODE=recommend.,Forecast Dry,,"Forecast Dry,DRY;TELEGRAM_COOLDOWN:Forecast Dry,DRY",OK
2026-06-20 00:57:49,32.0,55.0,20.0,24.0,-4.0,2.1,24.0,24.1,24.6,22.7,-0.0,DRY,ON,20.0,20.0,20.0,Dry Forecast,Forecast dry. Recommend watering soon; pump stays OFF because ML_CONTROL_MODE=recommend.,Forecast Dry,,"Forecast Dry,DRY;TELEGRAM_SENT:Forecast Dry,DRY",OK
2026-06-20 00:57:55,32.0,55.0,20.0,24.0,-4.0,2.1,24.0,24.1,24.6,22.7,-0.0,DRY,ON,20.0,20.0,20.0,Dry Forecast,Forecast dry. Recommend watering soon; pump stays OFF because ML_CONTROL_MODE=recommend.,Forecast Dry,,"Forecast Dry,DRY;TELEGRAM_COOLDOWN:Forecast Dry,DRY",OK
2026-06-20 00:58:00,32.0,55.0,20.0,24.0,-4.0,2.1,24.0,24.1,24.6,22.7,-0.0,DRY,ON,20.0,20.0,20.0,Dry Forecast,Forecast dry. Recommend watering soon; pump stays OFF because ML_CONTROL_MODE=recommend.,Forecast Dry,,"Forecast Dry,DRY;TELEGRAM_SENT:Forecast Dry,DRY",OK
2026-06-20 00:58:06,32.0,55.0,20.0,24.0,-4.0,2.1,24.0,24.1,24.6,22.7,-0.0,DRY,ON,20.0,20.0,20.0,Dry Forecast,Forecast dry. Recommend watering soon; pump stays OFF because ML_CONTROL_MODE=recommend.,Forecast Dry,,"Forecast Dry,DRY;TELEGRAM_COOLDOWN:Forecast Dry,DRY",OK
2026-06-20 00:58:13,32.0,55.0,20.0,24.0,-4.0,2.1,24.0,24.1,24.6,22.7,-0.0,DRY,ON,20.0,20.0,20.0,Dry Forecast,Forecast dry. Recommend watering soon; pump stays OFF because ML_CONTROL_MODE=recommend.,Forecast Dry,,"Forecast Dry,DRY;TELEGRAM_SENT:Forecast Dry,DRY",OK
2026-06-20 00:58:19,32.0,55.0,20.0,24.0,-4.0,2.1,24.0,24.1,24.6,22.7,-0.0,DRY,ON,20.0,20.0,20.0,Dry Forecast,Forecast dry. Recommend watering soon; pump stays OFF because ML_CONTROL_MODE=recommend.,Forecast Dry,,"Forecast Dry,DRY;TELEGRAM_COOLDOWN:Forecast Dry,DRY",OK
2026-06-20 00:58:24,32.0,55.0,20.0,24.0,-4.0,2.1,24.0,24.1,24.6,22.7,-0.0,DRY,ON,20.0,20.0,20.0,Dry Forecast,Forecast dry. Recommend watering soon; pump stays OFF because ML_CONTROL_MODE=recommend.,Forecast Dry,,"Forecast Dry,DRY;TELEGRAM_SENT:Forecast Dry,DRY",OK
2026-06-20 00:58:30,32.0,55.0,20.0,24.0,-4.0,2.1,24.0,24.1,24.6,22.7,-0.0,DRY,ON,20.0,20.0,20.0,Dry Forecast,Forecast dry. Recommend watering soon; pump stays OFF because ML_CONTROL_MODE=recommend.,Forecast Dry,,"Forecast Dry,DRY;TELEGRAM_COOLDOWN:Forecast Dry,DRY",OK
2026-06-20 00:58:35,32.0,55.0,20.0,24.0,-4.0,2.1,24.0,24.1,24.6,22.7,-0.0,DRY,ON,20.0,20.0,20.0,Dry Forecast,Forecast dry. Recommend watering soon; pump stays OFF because ML_CONTROL_MODE=recommend.,Forecast Dry,,"Forecast Dry,DRY;TELEGRAM_SENT:Forecast Dry,DRY",OK
2026-06-20 00:58:42,32.0,55.0,20.0,24.0,-4.0,2.1,24.0,24.1,24.6,22.7,-0.0,DRY,ON,20.0,20.0,20.0,Dry Forecast,Forecast dry. Recommend watering soon; pump stays OFF because ML_CONTROL_MODE=recommend.,Forecast Dry,,"Forecast Dry,DRY;TELEGRAM_COOLDOWN:Forecast Dry,DRY",OK
2026-06-20 00:58:49,32.0,55.0,20.0,24.0,-4.0,2.1,24.0,24.1,24.6,22.7,-0.0,DRY,ON,20.0,20.0,20.0,Dry Forecast,Forecast dry. Recommend watering soon; pump stays OFF because ML_CONTROL_MODE=recommend.,Forecast Dry,,"Forecast Dry,DRY;TELEGRAM_SENT:Forecast Dry,DRY",OK
2026-06-20 00:58:55,32.0,55.0,20.0,24.0,-4.0,2.1,24.0,24.1,24.6,22.7,-0.0,DRY,ON,20.0,20.0,20.0,Dry Forecast,Forecast dry. Recommend watering soon; pump stays OFF because ML_CONTROL_MODE=recommend.,Forecast Dry,,"Forecast Dry,DRY;TELEGRAM_COOLDOWN:Forecast Dry,DRY",OK
2026-06-20 00:59:00,32.0,55.0,20.0,24.0,-4.0,2.1,24.0,24.1,24.6,22.7,-0.0,DRY,ON,20.0,20.0,20.0,Dry Forecast,Forecast dry. Recommend watering soon; pump stays OFF because ML_CONTROL_MODE=recommend.,Forecast Dry,,"Forecast Dry,DRY;TELEGRAM_SENT:Forecast Dry,DRY",OK
2026-06-20 00:59:06,32.0,55.0,20.0,24.0,-4.0,2.1,24.0,24.1,24.6,22.7,-0.0,DRY,ON,20.0,20.0,20.0,Dry Forecast,Forecast dry. Recommend watering soon; pump stays OFF because ML_CONTROL_MODE=recommend.,Forecast Dry,,"Forecast Dry,DRY;TELEGRAM_COOLDOWN:Forecast Dry,DRY",OK
2026-06-20 00:59:11,32.0,55.0,20.0,24.0,-4.0,2.1,24.0,24.1,24.6,22.7,-0.0,DRY,ON,20.0,20.0,20.0,Dry Forecast,Forecast dry. Recommend watering soon; pump stays OFF because ML_CONTROL_MODE=recommend.,Forecast Dry,,"Forecast Dry,DRY;TELEGRAM_SENT:Forecast Dry,DRY",OK
2026-06-20 00:59:19,32.0,55.0,20.0,24.0,-4.0,2.1,24.0,24.1,24.6,22.7,-0.0,DRY,ON,20.0,20.0,20.0,Dry Forecast,Forecast dry. Recommend watering soon; pump stays OFF because ML_CONTROL_MODE=recommend.,Forecast Dry,,"Forecast Dry,DRY;TELEGRAM_COOLDOWN:Forecast Dry,DRY",OK
2026-06-20 00:59:24,32.0,55.0,20.0,24.0,-4.0,2.1,24.0,24.1,24.6,22.7,-0.0,DRY,ON,20.0,20.0,20.0,Dry Forecast,Forecast dry. Recommend watering soon; pump stays OFF because ML_CONTROL_MODE=recommend.,Forecast Dry,,"Forecast Dry,DRY;TELEGRAM_SENT:Forecast Dry,DRY",OK
2026-06-20 00:59:30,32.0,55.0,20.0,24.0,-4.0,2.1,24.0,24.1,24.6,22.7,-0.0,DRY,ON,20.0,20.0,20.0,Dry Forecast,Forecast dry. Recommend watering soon; pump stays OFF because ML_CONTROL_MODE=recommend.,Forecast Dry,,"Forecast Dry,DRY;TELEGRAM_COOLDOWN:Forecast Dry,DRY",OK
2026-06-20 00:59:35,32.0,55.0,20.0,24.0,-4.0,2.1,24.0,24.1,24.6,22.7,-0.0,DRY,ON,20.0,20.0,20.0,Dry Forecast,Forecast dry. Recommend watering soon; pump stays OFF because ML_CONTROL_MODE=recommend.,Forecast Dry,,"Forecast Dry,DRY;TELEGRAM_SENT:Forecast Dry,DRY",OK
2026-06-20 00:59:42,32.0,55.0,20.0,24.0,-4.0,2.1,24.0,24.1,24.6,22.7,-0.0,DRY,ON,20.0,20.0,20.0,Dry Forecast,Forecast dry. Recommend watering soon; pump stays OFF because ML_CONTROL_MODE=recommend.,Forecast Dry,,"Forecast Dry,DRY;TELEGRAM_COOLDOWN:Forecast Dry,DRY",OK
2026-06-20 00:59:47,32.0,55.0,20.0,24.0,-4.0,2.1,24.0,24.1,24.6,22.7,-0.0,DRY,ON,20.0,20.0,20.0,Dry Forecast,Forecast dry. Recommend watering soon; pump stays OFF because ML_CONTROL_MODE=recommend.,Forecast Dry,,"Forecast Dry,DRY;TELEGRAM_SENT:Forecast Dry,DRY",OK
2026-06-20 00:59:55,32.0,55.0,20.0,24.0,-4.0,2.1,24.0,24.1,24.6,22.7,-0.0,DRY,ON,20.0,20.0,20.0,Dry Forecast,Forecast dry. Recommend watering soon; pump stays OFF because ML_CONTROL_MODE=recommend.,Forecast Dry,,"Forecast Dry,DRY;TELEGRAM_COOLDOWN:Forecast Dry,DRY",OK
2026-06-20 01:00:00,32.0,55.0,20.0,24.0,-4.0,2.1,24.0,24.1,24.6,22.7,-0.0,DRY,ON,20.0,20.0,20.0,Dry Forecast,Forecast dry. Recommend watering soon; pump stays OFF because ML_CONTROL_MODE=recommend.,Forecast Dry,,"Forecast Dry,DRY;TELEGRAM_SENT:Forecast Dry,DRY",OK
2026-06-20 01:00:06,32.0,55.0,20.0,24.0,-4.0,2.1,24.0,24.1,24.6,22.7,-0.0,DRY,ON,20.0,20.0,20.0,Dry Forecast,Forecast dry. Recommend watering soon; pump stays OFF because ML_CONTROL_MODE=recommend.,Forecast Dry,,"Forecast Dry,DRY;TELEGRAM_COOLDOWN:Forecast Dry,DRY",OK
2026-06-20 01:00:11,32.0,55.0,20.0,24.0,-4.0,2.1,24.0,24.1,24.6,22.7,-0.0,DRY,ON,20.0,20.0,20.0,Dry Forecast,Forecast dry. Recommend watering soon; pump stays OFF because ML_CONTROL_MODE=recommend.,Forecast Dry,,"Forecast Dry,DRY;TELEGRAM_SENT:Forecast Dry,DRY",OK
2026-06-20 01:00:17,32.0,55.0,20.0,24.0,-4.0,2.1,24.0,24.1,24.6,22.7,-0.0,DRY,ON,20.0,20.0,20.0,Dry Forecast,Forecast dry. Recommend watering soon; pump stays OFF because ML_CONTROL_MODE=recommend.,Forecast Dry,,"Forecast Dry,DRY;TELEGRAM_COOLDOWN:Forecast Dry,DRY",OK
2026-06-20 01:00:22,32.0,55.0,20.0,24.0,-4.0,2.1,24.0,24.1,24.6,22.7,-0.0,DRY,ON,20.0,20.0,20.0,Dry Forecast,Forecast dry. Recommend watering soon; pump stays OFF because ML_CONTROL_MODE=recommend.,Forecast Dry,,"Forecast Dry,DRY;TELEGRAM_SENT:Forecast Dry,DRY",OK
2026-06-20 01:00:29,32.0,55.0,20.0,24.0,-4.0,2.1,24.0,24.1,24.6,22.7,-0.0,DRY,ON,20.0,20.0,20.0,Dry Forecast,Forecast dry. Recommend watering soon; pump stays OFF because ML_CONTROL_MODE=recommend.,Forecast Dry,,"Forecast Dry,DRY;TELEGRAM_COOLDOWN:Forecast Dry,DRY",OK
2026-06-20 01:00:34,32.0,55.0,20.0,24.0,-4.0,2.1,24.0,24.1,24.6,22.7,-0.0,DRY,ON,20.0,20.0,20.0,Dry Forecast,Forecast dry. Recommend watering soon; pump stays OFF because ML_CONTROL_MODE=recommend.,Forecast Dry,,"Forecast Dry,DRY;TELEGRAM_SENT:Forecast Dry,DRY",OK
2026-06-20 01:00:40,32.0,55.0,20.0,24.0,-4.0,2.1,24.0,24.1,24.6,22.7,-0.0,DRY,ON,20.0,20.0,20.0,Dry Forecast,Forecast dry. Recommend watering soon; pump stays OFF because ML_CONTROL_MODE=recommend.,Forecast Dry,,"Forecast Dry,DRY;TELEGRAM_COOLDOWN:Forecast Dry,DRY",OK
2026-06-20 01:00:45,32.0,55.0,20.0,24.0,-4.0,2.1,24.0,24.1,24.6,22.7,-0.0,DRY,ON,20.0,20.0,20.0,Dry Forecast,Forecast dry. Recommend watering soon; pump stays OFF because ML_CONTROL_MODE=recommend.,Forecast Dry,,"Forecast Dry,DRY;TELEGRAM_SENT:Forecast Dry,DRY",OK
2026-06-20 01:00:51,32.0,55.0,20.0,24.0,-4.0,2.1,24.0,24.1,24.6,22.7,-0.0,DRY,ON,20.0,20.0,20.0,Dry Forecast,Forecast dry. Recommend watering soon; pump stays OFF because ML_CONTROL_MODE=recommend.,Forecast Dry,,"Forecast Dry,DRY;TELEGRAM_COOLDOWN:Forecast Dry,DRY",OK
2026-06-20 01:00:56,32.0,55.0,20.0,24.0,-4.0,2.1,24.0,24.1,24.6,22.7,-0.0,DRY,ON,20.0,20.0,20.0,Dry Forecast,Forecast dry. Recommend watering soon; pump stays OFF because ML_CONTROL_MODE=recommend.,Forecast Dry,,"Forecast Dry,DRY;TELEGRAM_SENT:Forecast Dry,DRY",OK
2026-06-20 01:01:04,32.0,55.0,20.0,24.0,-4.0,2.1,24.0,24.1,24.6,22.7,-0.0,DRY,ON,20.0,20.0,20.0,Dry Forecast,Forecast dry. Recommend watering soon; pump stays OFF because ML_CONTROL_MODE=recommend.,Forecast Dry,,"Forecast Dry,DRY;TELEGRAM_COOLDOWN:Forecast Dry,DRY",OK
2026-06-20 01:01:09,32.0,55.0,20.0,24.0,-4.0,2.1,24.0,24.1,24.6,22.7,-0.0,DRY,ON,20.0,20.0,20.0,Dry Forecast,Forecast dry. Recommend watering soon; pump stays OFF because ML_CONTROL_MODE=recommend.,Forecast Dry,,"Forecast Dry,DRY;TELEGRAM_SENT:Forecast Dry,DRY",OK
2026-06-20 01:01:15,32.0,55.0,20.0,24.0,-4.0,2.1,24.0,24.1,24.6,22.7,-0.0,DRY,ON,20.0,20.0,20.0,Dry Forecast,Forecast dry. Recommend watering soon; pump stays OFF because ML_CONTROL_MODE=recommend.,Forecast Dry,,"Forecast Dry,DRY;TELEGRAM_COOLDOWN:Forecast Dry,DRY",OK
2026-06-20 01:01:20,32.0,55.0,20.0,24.0,-4.0,2.1,24.0,24.1,24.6,22.7,-0.0,DRY,ON,20.0,20.0,20.0,Dry Forecast,Forecast dry. Recommend watering soon; pump stays OFF because ML_CONTROL_MODE=recommend.,Forecast Dry,,"Forecast Dry,DRY;TELEGRAM_SENT:Forecast Dry,DRY",OK
2026-06-20 01:01:26,32.0,55.0,20.0,24.0,-4.0,2.1,24.0,24.1,24.6,22.7,-0.0,DRY,ON,20.0,20.0,20.0,Dry Forecast,Forecast dry. Recommend watering soon; pump stays OFF because ML_CONTROL_MODE=recommend.,Forecast Dry,,"Forecast Dry,DRY;TELEGRAM_COOLDOWN:Forecast Dry,DRY",OK
2026-06-20 01:01:31,32.0,55.0,20.0,24.0,-4.0,2.1,24.0,24.1,24.6,22.7,-0.0,DRY,ON,20.0,20.0,20.0,Dry Forecast,Forecast dry. Recommend watering soon; pump stays OFF because ML_CONTROL_MODE=recommend.,Forecast Dry,,"Forecast Dry,DRY;TELEGRAM_SENT:Forecast Dry,DRY",OK
2026-06-20 01:01:39,32.0,55.0,20.0,24.0,-4.0,2.1,24.0,24.1,24.6,22.7,-0.0,DRY,ON,20.0,20.0,20.0,Dry Forecast,Forecast dry. Recommend watering soon; pump stays OFF because ML_CONTROL_MODE=recommend.,Forecast Dry,,"Forecast Dry,DRY;TELEGRAM_COOLDOWN:Forecast Dry,DRY",OK
2026-06-20 01:01:44,32.0,55.0,20.0,24.0,-4.0,2.1,24.0,24.1,24.6,22.7,-0.0,DRY,ON,20.0,20.0,20.0,Dry Forecast,Forecast dry. Recommend watering soon; pump stays OFF because ML_CONTROL_MODE=recommend.,Forecast Dry,,"Forecast Dry,DRY;TELEGRAM_SENT:Forecast Dry,DRY",OK
2026-06-20 01:01:51,32.0,55.0,20.0,24.0,-4.0,2.1,24.0,24.1,24.6,22.7,-0.0,DRY,ON,20.0,20.0,20.0,Dry Forecast,Forecast dry. Recommend watering soon; pump stays OFF because ML_CONTROL_MODE=recommend.,Forecast Dry,,"Forecast Dry,DRY;TELEGRAM_COOLDOWN:Forecast Dry,DRY",OK
2026-06-20 01:01:58,32.0,55.0,20.0,24.0,-4.0,2.1,24.0,24.1,24.6,22.7,-0.0,DRY,ON,20.0,20.0,20.0,Dry Forecast,Forecast dry. Recommend watering soon; pump stays OFF because ML_CONTROL_MODE=recommend.,Forecast Dry,,"Forecast Dry,DRY;TELEGRAM_SENT:Forecast Dry,DRY",OK
2026-06-20 01:02:04,32.0,55.0,20.0,24.0,-4.0,2.1,24.0,24.1,24.6,22.7,-0.0,DRY,ON,20.0,20.0,20.0,Dry Forecast,Forecast dry. Recommend watering soon; pump stays OFF because ML_CONTROL_MODE=recommend.,Forecast Dry,,"Forecast Dry,DRY;TELEGRAM_COOLDOWN:Forecast Dry,DRY",OK
2026-06-20 01:02:11,32.0,55.0,20.0,24.0,-4.0,2.1,24.0,24.1,24.6,22.7,-0.0,DRY,ON,20.0,20.0,20.0,Dry Forecast,Forecast dry. Recommend watering soon; pump stays OFF because ML_CONTROL_MODE=recommend.,Forecast Dry,,"Forecast Dry,DRY;TELEGRAM_SENT:Forecast Dry,DRY",OK
2026-06-20 01:02:17,32.0,55.0,20.0,24.0,-4.0,2.1,24.0,24.1,24.6,22.7,-0.0,DRY,ON,20.0,20.0,20.0,Dry Forecast,Forecast dry. Recommend watering soon; pump stays OFF because ML_CONTROL_MODE=recommend.,Forecast Dry,,"Forecast Dry,DRY;TELEGRAM_COOLDOWN:Forecast Dry,DRY",OK
2026-06-20 01:02:22,32.0,55.0,20.0,24.0,-4.0,2.1,24.0,24.1,24.6,22.7,-0.0,DRY,ON,20.0,20.0,20.0,Dry Forecast,Forecast dry. Recommend watering soon; pump stays OFF because ML_CONTROL_MODE=recommend.,Forecast Dry,,"Forecast Dry,DRY;TELEGRAM_SENT:Forecast Dry,DRY",OK
2026-06-20 01:02:28,32.0,55.0,20.0,24.0,-4.0,2.1,24.0,24.1,24.6,22.7,-0.0,DRY,ON,20.0,20.0,20.0,Dry Forecast,Forecast dry. Recommend watering soon; pump stays OFF because ML_CONTROL_MODE=recommend.,Forecast Dry,,"Forecast Dry,DRY;TELEGRAM_COOLDOWN:Forecast Dry,DRY",OK
2026-06-20 01:02:33,32.0,55.0,20.0,24.0,-4.0,2.1,24.0,24.1,24.6,22.7,-0.0,DRY,ON,20.0,20.0,20.0,Dry Forecast,Forecast dry. Recommend watering soon; pump stays OFF because ML_CONTROL_MODE=recommend.,Forecast Dry,,"Forecast Dry,DRY;TELEGRAM_SENT:Forecast Dry,DRY",OK
2026-06-20 01:02:39,32.0,55.0,20.0,24.0,-4.0,2.1,24.0,24.1,24.6,22.7,-0.0,DRY,ON,20.0,20.0,20.0,Dry Forecast,Forecast dry. Recommend watering soon; pump stays OFF because ML_CONTROL_MODE=recommend.,Forecast Dry,,"Forecast Dry,DRY;TELEGRAM_COOLDOWN:Forecast Dry,DRY",OK
2026-06-20 01:02:45,32.0,55.0,20.0,24.0,-4.0,2.1,24.0,24.1,24.6,22.7,-0.0,DRY,ON,20.0,20.0,20.0,Dry Forecast,Forecast dry. Recommend watering soon; pump stays OFF because ML_CONTROL_MODE=recommend.,Forecast Dry,,"Forecast Dry,DRY;TELEGRAM_SENT:Forecast Dry,DRY",OK
2026-06-20 01:02:51,32.0,55.0,20.0,24.0,-4.0,2.1,24.0,24.1,24.6,22.7,-0.0,DRY,ON,20.0,20.0,20.0,Dry Forecast,Forecast dry. Recommend watering soon; pump stays OFF because ML_CONTROL_MODE=recommend.,Forecast Dry,,"Forecast Dry,DRY;TELEGRAM_COOLDOWN:Forecast Dry,DRY",OK
2026-06-20 01:02:56,32.0,55.0,20.0,24.0,-4.0,2.1,24.0,24.1,24.6,22.7,-0.0,DRY,ON,20.0,20.0,20.0,Dry Forecast,Forecast dry. Recommend watering soon; pump stays OFF because ML_CONTROL_MODE=recommend.,Forecast Dry,,"Forecast Dry,DRY;TELEGRAM_SENT:Forecast Dry,DRY",OK
2026-06-20 01:03:02,32.0,55.0,20.0,24.0,-4.0,2.1,24.0,24.1,24.6,22.7,-0.0,DRY,ON,20.0,20.0,20.0,Dry Forecast,Forecast dry. Recommend watering soon; pump stays OFF because ML_CONTROL_MODE=recommend.,Forecast Dry,,"Forecast Dry,DRY;TELEGRAM_COOLDOWN:Forecast Dry,DRY",OK
2026-06-20 01:03:07,32.0,55.0,20.0,24.0,-4.0,2.1,24.0,24.1,24.6,22.7,-0.0,DRY,ON,20.0,20.0,20.0,Dry Forecast,Forecast dry. Recommend watering soon; pump stays OFF because ML_CONTROL_MODE=recommend.,Forecast Dry,,"Forecast Dry,DRY;TELEGRAM_SENT:Forecast Dry,DRY",OK
2026-06-20 01:03:13,32.0,55.0,20.0,24.0,-4.0,2.1,24.0,24.1,24.6,22.7,-0.0,DRY,ON,20.0,20.0,20.0,Dry Forecast,Forecast dry. Recommend watering soon; pump stays OFF because ML_CONTROL_MODE=recommend.,Forecast Dry,,"Forecast Dry,DRY;TELEGRAM_COOLDOWN:Forecast Dry,DRY",OK
2026-06-20 01:03:20,32.0,55.0,20.0,24.0,-4.0,2.1,24.0,24.1,24.6,22.7,-0.0,DRY,ON,20.0,20.0,20.0,Dry Forecast,Forecast dry. Recommend watering soon; pump stays OFF because ML_CONTROL_MODE=recommend.,Forecast Dry,,"Forecast Dry,DRY;TELEGRAM_SENT:Forecast Dry,DRY",OK
2026-06-20 01:03:26,32.0,55.0,20.0,24.0,-4.0,2.1,24.0,24.1,24.6,22.7,-0.0,DRY,ON,20.0,20.0,20.0,Dry Forecast,Forecast dry. Recommend watering soon; pump stays OFF because ML_CONTROL_MODE=recommend.,Forecast Dry,,"Forecast Dry,DRY;TELEGRAM_COOLDOWN:Forecast Dry,DRY",OK
2026-06-20 01:03:31,32.0,55.0,20.0,24.0,-4.0,2.1,24.0,24.1,24.6,22.7,-0.0,DRY,ON,20.0,20.0,20.0,Dry Forecast,Forecast dry. Recommend watering soon; pump stays OFF because ML_CONTROL_MODE=recommend.,Forecast Dry,,"Forecast Dry,DRY;TELEGRAM_SENT:Forecast Dry,DRY",OK
2026-06-20 01:03:37,32.0,55.0,20.0,24.0,-4.0,2.1,24.0,24.1,24.6,22.7,-0.0,DRY,ON,20.0,20.0,20.0,Dry Forecast,Forecast dry. Recommend watering soon; pump stays OFF because ML_CONTROL_MODE=recommend.,Forecast Dry,,"Forecast Dry,DRY;TELEGRAM_COOLDOWN:Forecast Dry,DRY",OK
2026-06-20 01:03:42,32.0,55.0,20.0,24.0,-4.0,2.1,24.0,24.1,24.6,22.7,-0.0,DRY,ON,20.0,20.0,20.0,Dry Forecast,Forecast dry. Recommend watering soon; pump stays OFF because ML_CONTROL_MODE=recommend.,Forecast Dry,,"Forecast Dry,DRY;TELEGRAM_SENT:Forecast Dry,DRY",OK
2026-06-20 01:03:47,32.0,55.0,20.0,24.0,-4.0,2.1,24.0,24.1,24.6,22.7,-0.0,DRY,ON,20.0,20.0,20.0,Dry Forecast,Forecast dry. Recommend watering soon; pump stays OFF because ML_CONTROL_MODE=recommend.,Forecast Dry,,"Forecast Dry,DRY;TELEGRAM_COOLDOWN:Forecast Dry,DRY",OK
2026-06-20 01:03:54,32.0,55.0,20.0,24.0,-4.0,2.1,24.0,24.1,24.6,22.7,-0.0,DRY,ON,20.0,20.0,20.0,Dry Forecast,Forecast dry. Recommend watering soon; pump stays OFF because ML_CONTROL_MODE=recommend.,Forecast Dry,,"Forecast Dry,DRY;TELEGRAM_SENT:Forecast Dry,DRY",OK
2026-06-20 01:04:00,32.0,55.0,20.0,24.0,-4.0,2.1,24.0,24.1,24.6,22.7,-0.0,DRY,ON,20.0,20.0,20.0,Dry Forecast,Forecast dry. Recommend watering soon; pump stays OFF because ML_CONTROL_MODE=recommend.,Forecast Dry,,"Forecast Dry,DRY;TELEGRAM_COOLDOWN:Forecast Dry,DRY",OK
2026-06-20 01:04:05,32.0,55.0,20.0,24.0,-4.0,2.1,24.0,24.1,24.6,22.7,-0.0,DRY,ON,20.0,20.0,20.0,Dry Forecast,Forecast dry. Recommend watering soon; pump stays OFF because ML_CONTROL_MODE=recommend.,Forecast Dry,,"Forecast Dry,DRY;TELEGRAM_SENT:Forecast Dry,DRY",OK
2026-06-20 01:04:11,32.0,55.0,20.0,24.0,-4.0,2.1,24.0,24.1,24.6,22.7,-0.0,DRY,ON,20.0,20.0,20.0,Dry Forecast,Forecast dry. Recommend watering soon; pump stays OFF because ML_CONTROL_MODE=recommend.,Forecast Dry,,"Forecast Dry,DRY;TELEGRAM_COOLDOWN:Forecast Dry,DRY",OK
2026-06-20 01:04:16,32.0,55.0,20.0,24.0,-4.0,2.1,24.0,24.1,24.6,22.7,-0.0,DRY,ON,20.0,20.0,20.0,Dry Forecast,Forecast dry. Recommend watering soon; pump stays OFF because ML_CONTROL_MODE=recommend.,Forecast Dry,,"Forecast Dry,DRY;TELEGRAM_SENT:Forecast Dry,DRY",OK
2026-06-20 01:04:22,32.0,55.0,20.0,24.0,-4.0,2.1,24.0,24.1,24.6,22.7,-0.0,DRY,ON,20.0,20.0,20.0,Dry Forecast,Forecast dry. Recommend watering soon; pump stays OFF because ML_CONTROL_MODE=recommend.,Forecast Dry,,"Forecast Dry,DRY;TELEGRAM_COOLDOWN:Forecast Dry,DRY",OK
2026-06-20 01:04:29,32.0,55.0,20.0,24.0,-4.0,2.1,24.0,24.1,24.6,22.7,-0.0,DRY,ON,20.0,20.0,20.0,Dry Forecast,Forecast dry. Recommend watering soon; pump stays OFF because ML_CONTROL_MODE=recommend.,Forecast Dry,,"Forecast Dry,DRY;TELEGRAM_SENT:Forecast Dry,DRY",OK
2026-06-20 01:04:35,32.0,55.0,20.0,24.0,-4.0,2.1,24.0,24.1,24.6,22.7,-0.0,DRY,ON,20.0,20.0,20.0,Dry Forecast,Forecast dry. Recommend watering soon; pump stays OFF because ML_CONTROL_MODE=recommend.,Forecast Dry,,"Forecast Dry,DRY;TELEGRAM_COOLDOWN:Forecast Dry,DRY",OK
2026-06-20 01:04:40,32.0,55.0,20.0,24.0,-4.0,2.1,24.0,24.1,24.6,22.7,-0.0,DRY,ON,20.0,20.0,20.0,Dry Forecast,Forecast dry. Recommend watering soon; pump stays OFF because ML_CONTROL_MODE=recommend.,Forecast Dry,,"Forecast Dry,DRY;TELEGRAM_SENT:Forecast Dry,DRY",OK
2026-06-20 01:04:46,32.0,55.0,20.0,24.0,-4.0,2.1,24.0,24.1,24.6,22.7,-0.0,DRY,ON,20.0,20.0,20.0,Dry Forecast,Forecast dry. Recommend watering soon; pump stays OFF because ML_CONTROL_MODE=recommend.,Forecast Dry,,"Forecast Dry,DRY;TELEGRAM_COOLDOWN:Forecast Dry,DRY",OK
2026-06-20 01:04:51,32.0,55.0,20.0,24.0,-4.0,2.1,24.0,24.1,24.6,22.7,-0.0,DRY,ON,20.0,20.0,20.0,Dry Forecast,Forecast dry. Recommend watering soon; pump stays OFF because ML_CONTROL_MODE=recommend.,Forecast Dry,,"Forecast Dry,DRY;TELEGRAM_SENT:Forecast Dry,DRY",OK
2026-06-20 01:05:01,32.0,55.0,20.0,24.0,-4.0,2.1,24.0,24.1,24.6,22.7,-0.0,DRY,ON,20.0,20.0,20.0,Dry Forecast,Forecast dry. Recommend watering soon; pump stays OFF because ML_CONTROL_MODE=recommend.,Forecast Dry,,"Forecast Dry,DRY;TELEGRAM_COOLDOWN:Forecast Dry,DRY",OK
2026-06-20 01:05:06,32.0,55.0,20.0,24.0,-4.0,2.1,24.0,24.1,24.6,22.7,-0.0,DRY,ON,20.0,20.0,20.0,Dry Forecast,Forecast dry. Recommend watering soon; pump stays OFF because ML_CONTROL_MODE=recommend.,Forecast Dry,,"Forecast Dry,DRY;TELEGRAM_SENT:Forecast Dry,DRY",OK
2026-06-20 01:05:12,32.0,55.0,20.0,24.0,-4.0,2.1,24.0,24.1,24.6,22.7,-0.0,DRY,ON,20.0,20.0,20.0,Dry Forecast,Forecast dry. Recommend watering soon; pump stays OFF because ML_CONTROL_MODE=recommend.,Forecast Dry,,"Forecast Dry,DRY;TELEGRAM_COOLDOWN:Forecast Dry,DRY",OK
2026-06-20 01:05:17,32.0,55.0,20.0,24.0,-4.0,2.1,24.0,24.1,24.6,22.7,-0.0,DRY,ON,20.0,20.0,20.0,Dry Forecast,Forecast dry. Recommend watering soon; pump stays OFF because ML_CONTROL_MODE=recommend.,Forecast Dry,,"Forecast Dry,DRY;TELEGRAM_SENT:Forecast Dry,DRY",OK
2026-06-20 01:05:23,32.0,55.0,20.0,24.0,-4.0,2.1,24.0,24.1,24.6,22.7,-0.0,DRY,ON,20.0,20.0,20.0,Dry Forecast,Forecast dry. Recommend watering soon; pump stays OFF because ML_CONTROL_MODE=recommend.,Forecast Dry,,"Forecast Dry,DRY;TELEGRAM_COOLDOWN:Forecast Dry,DRY",OK
2026-06-20 01:05:28,32.0,55.0,20.0,24.0,-4.0,2.1,24.0,24.1,24.6,22.7,-0.0,DRY,ON,20.0,20.0,20.0,Dry Forecast,Forecast dry. Recommend watering soon; pump stays OFF because ML_CONTROL_MODE=recommend.,Forecast Dry,,"Forecast Dry,DRY;TELEGRAM_SENT:Forecast Dry,DRY",OK
2026-06-20 01:05:36,32.0,55.0,20.0,24.0,-4.0,2.1,24.0,24.1,24.6,22.7,-0.0,DRY,ON,20.0,20.0,20.0,Dry Forecast,Forecast dry. Recommend watering soon; pump stays OFF because ML_CONTROL_MODE=recommend.,Forecast Dry,,"Forecast Dry,DRY;TELEGRAM_COOLDOWN:Forecast Dry,DRY",OK
2026-06-20 01:05:41,32.0,55.0,20.0,24.0,-4.0,2.1,24.0,24.1,24.6,22.7,-0.0,DRY,ON,20.0,20.0,20.0,Dry Forecast,Forecast dry. Recommend watering soon; pump stays OFF because ML_CONTROL_MODE=recommend.,Forecast Dry,,"Forecast Dry,DRY;TELEGRAM_SENT:Forecast Dry,DRY",OK
2026-06-20 01:05:47,32.0,55.0,20.0,24.0,-4.0,2.1,24.0,24.1,24.6,22.7,-0.0,DRY,ON,20.0,20.0,20.0,Dry Forecast,Forecast dry. Recommend watering soon; pump stays OFF because ML_CONTROL_MODE=recommend.,Forecast Dry,,"Forecast Dry,DRY;TELEGRAM_COOLDOWN:Forecast Dry,DRY",OK
2026-06-20 01:05:52,32.0,55.0,20.0,24.0,-4.0,2.1,24.0,24.1,24.6,22.7,-0.0,DRY,ON,20.0,20.0,20.0,Dry Forecast,Forecast dry. Recommend watering soon; pump stays OFF because ML_CONTROL_MODE=recommend.,Forecast Dry,,"Forecast Dry,DRY;TELEGRAM_SENT:Forecast Dry,DRY",OK
2026-06-20 01:05:58,32.0,55.0,20.0,24.0,-4.0,2.1,24.0,24.1,24.6,22.7,-0.0,DRY,ON,20.0,20.0,20.0,Dry Forecast,Forecast dry. Recommend watering soon; pump stays OFF because ML_CONTROL_MODE=recommend.,Forecast Dry,,"Forecast Dry,DRY;TELEGRAM_COOLDOWN:Forecast Dry,DRY",OK
2026-06-20 01:06:03,32.0,55.0,20.0,24.0,-4.0,2.1,24.0,24.1,24.6,22.7,-0.0,DRY,ON,20.0,20.0,20.0,Dry Forecast,Forecast dry. Recommend watering soon; pump stays OFF because ML_CONTROL_MODE=recommend.,Forecast Dry,,"Forecast Dry,DRY;TELEGRAM_SENT:Forecast Dry,DRY",OK
2026-06-20 01:06:11,32.0,55.0,20.0,24.0,-4.0,2.1,24.0,24.1,24.6,22.7,-0.0,DRY,ON,20.0,20.0,20.0,Dry Forecast,Forecast dry. Recommend watering soon; pump stays OFF because ML_CONTROL_MODE=recommend.,Forecast Dry,,"Forecast Dry,DRY;TELEGRAM_COOLDOWN:Forecast Dry,DRY",OK
2026-06-20 01:06:16,32.0,55.0,20.0,24.0,-4.0,2.1,24.0,24.1,24.6,22.7,-0.0,DRY,ON,20.0,20.0,20.0,Dry Forecast,Forecast dry. Recommend watering soon; pump stays OFF because ML_CONTROL_MODE=recommend.,Forecast Dry,,"Forecast Dry,DRY;TELEGRAM_SENT:Forecast Dry,DRY",OK
2026-06-20 01:06:22,32.0,55.0,20.0,24.0,-4.0,2.1,24.0,24.1,24.6,22.7,-0.0,DRY,ON,20.0,20.0,20.0,Dry Forecast,Forecast dry. Recommend watering soon; pump stays OFF because ML_CONTROL_MODE=recommend.,Forecast Dry,,"Forecast Dry,DRY;TELEGRAM_COOLDOWN:Forecast Dry,DRY",OK
2026-06-20 01:06:27,32.0,55.0,20.0,24.0,-4.0,2.1,24.0,24.1,24.6,22.7,-0.0,DRY,ON,20.0,20.0,20.0,Dry Forecast,Forecast dry. Recommend watering soon; pump stays OFF because ML_CONTROL_MODE=recommend.,Forecast Dry,,"Forecast Dry,DRY;TELEGRAM_SENT:Forecast Dry,DRY",OK
2026-06-20 01:06:33,32.0,55.0,20.0,24.0,-4.0,2.1,24.0,24.1,24.6,22.7,-0.0,DRY,ON,20.0,20.0,20.0,Dry Forecast,Forecast dry. Recommend watering soon; pump stays OFF because ML_CONTROL_MODE=recommend.,Forecast Dry,,"Forecast Dry,DRY;TELEGRAM_COOLDOWN:Forecast Dry,DRY",OK
2026-06-20 01:06:38,32.0,55.0,20.0,24.0,-4.0,2.1,24.0,24.1,24.6,22.7,-0.0,DRY,ON,20.0,20.0,20.0,Dry Forecast,Forecast dry. Recommend watering soon; pump stays OFF because ML_CONTROL_MODE=recommend.,Forecast Dry,,"Forecast Dry,DRY;TELEGRAM_SENT:Forecast Dry,DRY",OK
2026-06-20 01:06:46,32.0,55.0,20.0,24.0,-4.0,2.1,24.0,24.1,24.6,22.7,-0.0,DRY,ON,20.0,20.0,20.0,Dry Forecast,Forecast dry. Recommend watering soon; pump stays OFF because ML_CONTROL_MODE=recommend.,Forecast Dry,,"Forecast Dry,DRY;TELEGRAM_COOLDOWN:Forecast Dry,DRY",OK
2026-06-20 01:06:51,32.0,55.0,20.0,24.0,-4.0,2.1,24.0,24.1,24.6,22.7,-0.0,DRY,ON,20.0,20.0,20.0,Dry Forecast,Forecast dry. Recommend watering soon; pump stays OFF because ML_CONTROL_MODE=recommend.,Forecast Dry,,"Forecast Dry,DRY;TELEGRAM_SENT:Forecast Dry,DRY",OK
2026-06-20 01:06:57,32.0,55.0,20.0,24.0,-4.0,2.1,24.0,24.1,24.6,22.7,-0.0,DRY,ON,20.0,20.0,20.0,Dry Forecast,Forecast dry. Recommend watering soon; pump stays OFF because ML_CONTROL_MODE=recommend.,Forecast Dry,,"Forecast Dry,DRY;TELEGRAM_COOLDOWN:Forecast Dry,DRY",OK
2026-06-20 01:07:02,32.0,55.0,20.0,24.0,-4.0,2.1,24.0,24.1,24.6,22.7,-0.0,DRY,ON,20.0,20.0,20.0,Dry Forecast,Forecast dry. Recommend watering soon; pump stays OFF because ML_CONTROL_MODE=recommend.,Forecast Dry,,"Forecast Dry,DRY;TELEGRAM_SENT:Forecast Dry,DRY",OK
2026-06-20 01:07:07,32.0,55.0,20.0,24.0,-4.0,2.1,24.0,24.1,24.6,22.7,-0.0,DRY,ON,20.0,20.0,20.0,Dry Forecast,Forecast dry. Recommend watering soon; pump stays OFF because ML_CONTROL_MODE=recommend.,Forecast Dry,,"Forecast Dry,DRY;TELEGRAM_COOLDOWN:Forecast Dry,DRY",OK
2026-06-20 01:07:12,32.0,55.0,20.0,24.0,-4.0,2.1,24.0,24.1,24.6,22.7,-0.0,DRY,ON,20.0,20.0,20.0,Dry Forecast,Forecast dry. Recommend watering soon; pump stays OFF because ML_CONTROL_MODE=recommend.,Forecast Dry,,"Forecast Dry,DRY;TELEGRAM_SENT:Forecast Dry,DRY",OK
2026-06-20 01:07:21,32.0,55.0,20.0,24.0,-4.0,2.1,24.0,24.1,24.6,22.7,-0.0,DRY,ON,20.0,20.0,20.0,Dry Forecast,Forecast dry. Recommend watering soon; pump stays OFF because ML_CONTROL_MODE=recommend.,Forecast Dry,,"Forecast Dry,DRY;TELEGRAM_COOLDOWN:Forecast Dry,DRY",OK
2026-06-20 01:07:26,32.0,55.0,20.0,24.0,-4.0,2.1,24.0,24.1,24.6,22.7,-0.0,DRY,ON,20.0,20.0,20.0,Dry Forecast,Forecast dry. Recommend watering soon; pump stays OFF because ML_CONTROL_MODE=recommend.,Forecast Dry,,"Forecast Dry,DRY;TELEGRAM_SENT:Forecast Dry,DRY",OK
2026-06-20 01:07:32,32.0,55.0,20.0,24.0,-4.0,2.1,24.0,24.1,24.6,22.7,-0.0,DRY,ON,20.0,20.0,20.0,Dry Forecast,Forecast dry. Recommend watering soon; pump stays OFF because ML_CONTROL_MODE=recommend.,Forecast Dry,,"Forecast Dry,DRY;TELEGRAM_COOLDOWN:Forecast Dry,DRY",OK
2026-06-20 01:07:37,32.0,55.0,20.0,24.0,-4.0,2.1,24.0,24.1,24.6,22.7,-0.0,DRY,ON,20.0,20.0,20.0,Dry Forecast,Forecast dry. Recommend watering soon; pump stays OFF because ML_CONTROL_MODE=recommend.,Forecast Dry,,"Forecast Dry,DRY;TELEGRAM_SENT:Forecast Dry,DRY",OK
2026-06-20 01:07:44,32.0,55.0,20.0,24.0,-4.0,2.1,24.0,24.1,24.6,22.7,-0.0,DRY,ON,20.0,20.0,20.0,Dry Forecast,Forecast dry. Recommend watering soon; pump stays OFF because ML_CONTROL_MODE=recommend.,Forecast Dry,,"Forecast Dry,DRY;TELEGRAM_COOLDOWN:Forecast Dry,DRY",OK
2026-06-20 01:07:49,32.0,55.0,20.0,24.0,-4.0,2.1,24.0,24.1,24.6,22.7,-0.0,DRY,ON,20.0,20.0,20.0,Dry Forecast,Forecast dry. Recommend watering soon; pump stays OFF because ML_CONTROL_MODE=recommend.,Forecast Dry,,"Forecast Dry,DRY;TELEGRAM_SENT:Forecast Dry,DRY",OK
2026-06-20 01:07:57,32.0,55.0,20.0,24.0,-4.0,2.1,24.0,24.1,24.6,22.7,-0.0,DRY,ON,20.0,20.0,20.0,Dry Forecast,Forecast dry. Recommend watering soon; pump stays OFF because ML_CONTROL_MODE=recommend.,Forecast Dry,,"Forecast Dry,DRY;TELEGRAM_COOLDOWN:Forecast Dry,DRY",OK
2026-06-20 01:08:02,32.0,55.0,20.0,24.0,-4.0,2.1,24.0,24.1,24.6,22.7,-0.0,DRY,ON,20.0,20.0,20.0,Dry Forecast,Forecast dry. Recommend watering soon; pump stays OFF because ML_CONTROL_MODE=recommend.,Forecast Dry,,"Forecast Dry,DRY;TELEGRAM_SENT:Forecast Dry,DRY",OK
2026-06-20 01:08:08,32.0,55.0,20.0,24.0,-4.0,2.1,24.0,24.1,24.6,22.7,-0.0,DRY,ON,20.0,20.0,20.0,Dry Forecast,Forecast dry. Recommend watering soon; pump stays OFF because ML_CONTROL_MODE=recommend.,Forecast Dry,,"Forecast Dry,DRY;TELEGRAM_COOLDOWN:Forecast Dry,DRY",OK
2026-06-20 01:08:13,32.0,55.0,20.0,24.0,-4.0,2.1,24.0,24.1,24.6,22.7,-0.0,DRY,ON,20.0,20.0,20.0,Dry Forecast,Forecast dry. Recommend watering soon; pump stays OFF because ML_CONTROL_MODE=recommend.,Forecast Dry,,"Forecast Dry,DRY;TELEGRAM_SENT:Forecast Dry,DRY",OK
2026-06-20 01:08:18,32.0,55.0,20.0,24.0,-4.0,2.1,24.0,24.1,24.6,22.7,-0.0,DRY,ON,20.0,20.0,20.0,Dry Forecast,Forecast dry. Recommend watering soon; pump stays OFF because ML_CONTROL_MODE=recommend.,Forecast Dry,,"Forecast Dry,DRY;TELEGRAM_COOLDOWN:Forecast Dry,DRY",OK
2026-06-20 01:08:25,32.0,55.0,20.0,24.0,-4.0,2.1,24.0,24.1,24.6,22.7,-0.0,DRY,ON,20.0,20.0,20.0,Dry Forecast,Forecast dry. Recommend watering soon; pump stays OFF because ML_CONTROL_MODE=recommend.,Forecast Dry,,"Forecast Dry,DRY;TELEGRAM_SENT:Forecast Dry,DRY",OK
2026-06-20 01:08:31,32.0,55.0,20.0,24.0,-4.0,2.1,24.0,24.1,24.6,22.7,-0.0,DRY,ON,20.0,20.0,20.0,Dry Forecast,Forecast dry. Recommend watering soon; pump stays OFF because ML_CONTROL_MODE=recommend.,Forecast Dry,,"Forecast Dry,DRY;TELEGRAM_COOLDOWN:Forecast Dry,DRY",OK
2026-06-20 01:08:36,32.0,55.0,20.0,24.0,-4.0,2.1,24.0,24.1,24.6,22.7,-0.0,DRY,ON,20.0,20.0,20.0,Dry Forecast,Forecast dry. Recommend watering soon; pump stays OFF because ML_CONTROL_MODE=recommend.,Forecast Dry,,"Forecast Dry,DRY;TELEGRAM_SENT:Forecast Dry,DRY",OK
2026-06-20 01:08:42,32.0,55.0,20.0,24.0,-4.0,2.1,24.0,24.1,24.6,22.7,-0.0,DRY,ON,20.0,20.0,20.0,Dry Forecast,Forecast dry. Recommend watering soon; pump stays OFF because ML_CONTROL_MODE=recommend.,Forecast Dry,,"Forecast Dry,DRY;TELEGRAM_COOLDOWN:Forecast Dry,DRY",OK
2026-06-20 01:08:47,32.0,55.0,20.0,24.0,-4.0,2.1,24.0,24.1,24.6,22.7,-0.0,DRY,ON,20.0,20.0,20.0,Dry Forecast,Forecast dry. Recommend watering soon; pump stays OFF because ML_CONTROL_MODE=recommend.,Forecast Dry,,"Forecast Dry,DRY;TELEGRAM_SENT:Forecast Dry,DRY",OK
2026-06-20 01:08:53,32.0,55.0,20.0,24.0,-4.0,2.1,24.0,24.1,24.6,22.7,-0.0,DRY,ON,20.0,20.0,20.0,Dry Forecast,Forecast dry. Recommend watering soon; pump stays OFF because ML_CONTROL_MODE=recommend.,Forecast Dry,,"Forecast Dry,DRY;TELEGRAM_COOLDOWN:Forecast Dry,DRY",OK
2026-06-20 01:09:00,32.0,55.0,20.0,24.0,-4.0,2.1,24.0,24.1,24.6,22.7,-0.0,DRY,ON,20.0,20.0,20.0,Dry Forecast,Forecast dry. Recommend watering soon; pump stays OFF because ML_CONTROL_MODE=recommend.,Forecast Dry,,"Forecast Dry,DRY;TELEGRAM_SENT:Forecast Dry,DRY",OK
2026-06-20 01:09:07,32.0,55.0,20.0,24.0,-4.0,2.1,24.0,24.1,24.6,22.7,-0.0,DRY,ON,20.0,20.0,20.0,Dry Forecast,Forecast dry. Recommend watering soon; pump stays OFF because ML_CONTROL_MODE=recommend.,Forecast Dry,,"Forecast Dry,DRY;TELEGRAM_COOLDOWN:Forecast Dry,DRY",OK
2026-06-20 01:09:12,32.0,55.0,20.0,24.0,-4.0,2.1,24.0,24.1,24.6,22.7,-0.0,DRY,ON,20.0,20.0,20.0,Dry Forecast,Forecast dry. Recommend watering soon; pump stays OFF because ML_CONTROL_MODE=recommend.,Forecast Dry,,"Forecast Dry,DRY;TELEGRAM_SENT:Forecast Dry,DRY",OK
2026-06-20 01:09:17,32.0,55.0,20.0,24.0,-4.0,2.1,24.0,24.1,24.6,22.7,-0.0,DRY,ON,20.0,20.0,20.0,Dry Forecast,Forecast dry. Recommend watering soon; pump stays OFF because ML_CONTROL_MODE=recommend.,Forecast Dry,,"Forecast Dry,DRY;TELEGRAM_COOLDOWN:Forecast Dry,DRY",OK
2026-06-20 01:09:22,32.0,55.0,20.0,24.0,-4.0,2.1,24.0,24.1,24.6,22.7,-0.0,DRY,ON,20.0,20.0,20.0,Dry Forecast,Forecast dry. Recommend watering soon; pump stays OFF because ML_CONTROL_MODE=recommend.,Forecast Dry,,"Forecast Dry,DRY;TELEGRAM_SENT:Forecast Dry,DRY",OK
2026-06-20 01:09:28,32.0,55.0,20.0,24.0,-4.0,2.1,24.0,24.1,24.6,22.7,-0.0,DRY,ON,20.0,20.0,20.0,Dry Forecast,Forecast dry. Recommend watering soon; pump stays OFF because ML_CONTROL_MODE=recommend.,Forecast Dry,,"Forecast Dry,DRY;TELEGRAM_COOLDOWN:Forecast Dry,DRY",OK
2026-06-20 01:09:35,32.0,55.0,20.0,24.0,-4.0,2.1,24.0,24.1,24.6,22.7,-0.0,DRY,ON,20.0,20.0,20.0,Dry Forecast,Forecast dry. Recommend watering soon; pump stays OFF because ML_CONTROL_MODE=recommend.,Forecast Dry,,"Forecast Dry,DRY;TELEGRAM_SENT:Forecast Dry,DRY",OK
2026-06-20 01:09:41,32.0,55.0,20.0,24.0,-4.0,2.1,24.0,24.1,24.6,22.7,-0.0,DRY,ON,20.0,20.0,20.0,Dry Forecast,Forecast dry. Recommend watering soon; pump stays OFF because ML_CONTROL_MODE=recommend.,Forecast Dry,,"Forecast Dry,DRY;TELEGRAM_COOLDOWN:Forecast Dry,DRY",OK
2026-06-20 01:09:46,32.0,55.0,20.0,24.0,-4.0,2.1,24.0,24.1,24.6,22.7,-0.0,DRY,ON,20.0,20.0,20.0,Dry Forecast,Forecast dry. Recommend watering soon; pump stays OFF because ML_CONTROL_MODE=recommend.,Forecast Dry,,"Forecast Dry,DRY;TELEGRAM_SENT:Forecast Dry,DRY",OK
2026-06-20 01:09:52,32.0,55.0,20.0,24.0,-4.0,2.1,24.0,24.1,24.6,22.7,-0.0,DRY,ON,20.0,20.0,20.0,Dry Forecast,Forecast dry. Recommend watering soon; pump stays OFF because ML_CONTROL_MODE=recommend.,Forecast Dry,,"Forecast Dry,DRY;TELEGRAM_COOLDOWN:Forecast Dry,DRY",OK
2026-06-20 01:09:57,32.0,55.0,20.0,24.0,-4.0,2.1,24.0,24.1,24.6,22.7,-0.0,DRY,ON,20.0,20.0,20.0,Dry Forecast,Forecast dry. Recommend watering soon; pump stays OFF because ML_CONTROL_MODE=recommend.,Forecast Dry,,"Forecast Dry,DRY;TELEGRAM_SENT:Forecast Dry,DRY",OK
2026-06-20 01:10:03,32.0,55.0,20.0,24.0,-4.0,2.1,24.0,24.1,24.6,22.7,-0.0,DRY,ON,20.0,20.0,20.0,Dry Forecast,Forecast dry. Recommend watering soon; pump stays OFF because ML_CONTROL_MODE=recommend.,Forecast Dry,,"Forecast Dry,DRY;TELEGRAM_COOLDOWN:Forecast Dry,DRY",OK
2026-06-20 01:10:10,32.0,55.0,20.0,24.0,-4.0,2.1,24.0,24.1,24.6,22.7,-0.0,DRY,ON,20.0,20.0,20.0,Dry Forecast,Forecast dry. Recommend watering soon; pump stays OFF because ML_CONTROL_MODE=recommend.,Forecast Dry,,"Forecast Dry,DRY;TELEGRAM_SENT:Forecast Dry,DRY",OK
2026-06-20 01:10:16,32.0,55.0,20.0,24.0,-4.0,2.1,24.0,24.1,24.6,22.7,-0.0,DRY,ON,20.0,20.0,20.0,Dry Forecast,Forecast dry. Recommend watering soon; pump stays OFF because ML_CONTROL_MODE=recommend.,Forecast Dry,,"Forecast Dry,DRY;TELEGRAM_COOLDOWN:Forecast Dry,DRY",OK
2026-06-20 01:10:21,32.0,55.0,20.0,24.0,-4.0,2.1,24.0,24.1,24.6,22.7,-0.0,DRY,ON,20.0,20.0,20.0,Dry Forecast,Forecast dry. Recommend watering soon; pump stays OFF because ML_CONTROL_MODE=recommend.,Forecast Dry,,"Forecast Dry,DRY;TELEGRAM_SENT:Forecast Dry,DRY",OK
2026-06-20 01:10:27,32.0,55.0,20.0,24.0,-4.0,2.1,24.0,24.1,24.6,22.7,-0.0,DRY,ON,20.0,20.0,20.0,Dry Forecast,Forecast dry. Recommend watering soon; pump stays OFF because ML_CONTROL_MODE=recommend.,Forecast Dry,,"Forecast Dry,DRY;TELEGRAM_COOLDOWN:Forecast Dry,DRY",OK
2026-06-20 01:10:32,32.0,55.0,20.0,24.0,-4.0,2.1,24.0,24.1,24.6,22.7,-0.0,DRY,ON,20.0,20.0,20.0,Dry Forecast,Forecast dry. Recommend watering soon; pump stays OFF because ML_CONTROL_MODE=recommend.,Forecast Dry,,"Forecast Dry,DRY;TELEGRAM_SENT:Forecast Dry,DRY",OK
2026-06-20 01:10:38,32.0,55.0,20.0,24.0,-4.0,2.1,24.0,24.1,24.6,22.7,-0.0,DRY,ON,20.0,20.0,20.0,Dry Forecast,Forecast dry. Recommend watering soon; pump stays OFF because ML_CONTROL_MODE=recommend.,Forecast Dry,,"Forecast Dry,DRY;TELEGRAM_COOLDOWN:Forecast Dry,DRY",OK
2026-06-20 01:10:45,32.0,55.0,20.0,24.0,-4.0,2.1,24.0,24.1,24.6,22.7,-0.0,DRY,ON,20.0,20.0,20.0,Dry Forecast,Forecast dry. Recommend watering soon; pump stays OFF because ML_CONTROL_MODE=recommend.,Forecast Dry,,"Forecast Dry,DRY;TELEGRAM_SENT:Forecast Dry,DRY",OK
2026-06-20 01:10:52,32.0,55.0,20.0,24.0,-4.0,2.1,24.0,24.1,24.6,22.7,-0.0,DRY,ON,20.0,20.0,20.0,Dry Forecast,Forecast dry. Recommend watering soon; pump stays OFF because ML_CONTROL_MODE=recommend.,Forecast Dry,,"Forecast Dry,DRY;TELEGRAM_COOLDOWN:Forecast Dry,DRY",OK
2026-06-20 01:10:57,32.0,55.0,20.0,24.0,-4.0,2.1,24.0,24.1,24.6,22.7,-0.0,DRY,ON,20.0,20.0,20.0,Dry Forecast,Forecast dry. Recommend watering soon; pump stays OFF because ML_CONTROL_MODE=recommend.,Forecast Dry,,"Forecast Dry,DRY;TELEGRAM_SENT:Forecast Dry,DRY",OK
2026-06-20 01:11:03,32.0,55.0,20.0,24.0,-4.0,2.1,24.0,24.1,24.6,22.7,-0.0,DRY,ON,20.0,20.0,20.0,Dry Forecast,Forecast dry. Recommend watering soon; pump stays OFF because ML_CONTROL_MODE=recommend.,Forecast Dry,,"Forecast Dry,DRY;TELEGRAM_COOLDOWN:Forecast Dry,DRY",OK
2026-06-20 01:11:08,32.0,55.0,20.0,24.0,-4.0,2.1,24.0,24.1,24.6,22.7,-0.0,DRY,ON,20.0,20.0,20.0,Dry Forecast,Forecast dry. Recommend watering soon; pump stays OFF because ML_CONTROL_MODE=recommend.,Forecast Dry,,"Forecast Dry,DRY;TELEGRAM_SENT:Forecast Dry,DRY",OK
2026-06-20 01:11:13,32.0,55.0,20.0,24.0,-4.0,2.1,24.0,24.1,24.6,22.7,-0.0,DRY,ON,20.0,20.0,20.0,Dry Forecast,Forecast dry. Recommend watering soon; pump stays OFF because ML_CONTROL_MODE=recommend.,Forecast Dry,,"Forecast Dry,DRY;TELEGRAM_COOLDOWN:Forecast Dry,DRY",OK
2026-06-20 01:11:20,32.0,55.0,20.0,24.0,-4.0,2.1,24.0,24.1,24.6,22.7,-0.0,DRY,ON,20.0,20.0,20.0,Dry Forecast,Forecast dry. Recommend watering soon; pump stays OFF because ML_CONTROL_MODE=recommend.,Forecast Dry,,"Forecast Dry,DRY;TELEGRAM_SENT:Forecast Dry,DRY",OK
2026-06-20 01:11:26,32.0,55.0,20.0,24.0,-4.0,2.1,24.0,24.1,24.6,22.7,-0.0,DRY,ON,20.0,20.0,20.0,Dry Forecast,Forecast dry. Recommend watering soon; pump stays OFF because ML_CONTROL_MODE=recommend.,Forecast Dry,,"Forecast Dry,DRY;TELEGRAM_COOLDOWN:Forecast Dry,DRY",OK
2026-06-20 01:11:32,32.0,55.0,20.0,24.0,-4.0,2.1,24.0,24.1,24.6,22.7,-0.0,DRY,ON,20.0,20.0,20.0,Dry Forecast,Forecast dry. Recommend watering soon; pump stays OFF because ML_CONTROL_MODE=recommend.,Forecast Dry,,"Forecast Dry,DRY;TELEGRAM_SENT:Forecast Dry,DRY",OK
2026-06-20 01:11:37,32.0,55.0,20.0,24.0,-4.0,2.1,24.0,24.1,24.6,22.7,-0.0,DRY,ON,20.0,20.0,20.0,Dry Forecast,Forecast dry. Recommend watering soon; pump stays OFF because ML_CONTROL_MODE=recommend.,Forecast Dry,,"Forecast Dry,DRY;TELEGRAM_COOLDOWN:Forecast Dry,DRY",OK
2026-06-20 01:11:42,32.0,55.0,20.0,24.0,-4.0,2.1,24.0,24.1,24.6,22.7,-0.0,DRY,ON,20.0,20.0,20.0,Dry Forecast,Forecast dry. Recommend watering soon; pump stays OFF because ML_CONTROL_MODE=recommend.,Forecast Dry,,"Forecast Dry,DRY;TELEGRAM_SENT:Forecast Dry,DRY",OK
2026-06-20 01:11:50,32.0,55.0,20.0,24.0,-4.0,2.1,24.0,24.1,24.6,22.7,-0.0,DRY,ON,20.0,20.0,20.0,Dry Forecast,Forecast dry. Recommend watering soon; pump stays OFF because ML_CONTROL_MODE=recommend.,Forecast Dry,,"Forecast Dry,DRY;TELEGRAM_COOLDOWN:Forecast Dry,DRY",OK
2026-06-20 01:11:55,32.0,55.0,20.0,24.0,-4.0,2.1,24.0,24.1,24.6,22.7,-0.0,DRY,ON,20.0,20.0,20.0,Dry Forecast,Forecast dry. Recommend watering soon; pump stays OFF because ML_CONTROL_MODE=recommend.,Forecast Dry,,"Forecast Dry,DRY;TELEGRAM_SENT:Forecast Dry,DRY",OK
2026-06-20 01:12:01,32.0,55.0,20.0,24.0,-4.0,2.1,24.0,24.1,24.6,22.7,-0.0,DRY,ON,20.0,20.0,20.0,Dry Forecast,Forecast dry. Recommend watering soon; pump stays OFF because ML_CONTROL_MODE=recommend.,Forecast Dry,,"Forecast Dry,DRY;TELEGRAM_COOLDOWN:Forecast Dry,DRY",OK
2026-06-20 01:12:06,32.0,55.0,20.0,24.0,-4.0,2.1,24.0,24.1,24.6,22.7,-0.0,DRY,ON,20.0,20.0,20.0,Dry Forecast,Forecast dry. Recommend watering soon; pump stays OFF because ML_CONTROL_MODE=recommend.,Forecast Dry,,"Forecast Dry,DRY;TELEGRAM_SENT:Forecast Dry,DRY",OK
2026-06-20 01:12:12,32.0,55.0,20.0,24.0,-4.0,2.1,24.0,24.1,24.6,22.7,-0.0,DRY,ON,20.0,20.0,20.0,Dry Forecast,Forecast dry. Recommend watering soon; pump stays OFF because ML_CONTROL_MODE=recommend.,Forecast Dry,,"Forecast Dry,DRY;TELEGRAM_COOLDOWN:Forecast Dry,DRY",OK
2026-06-20 01:12:17,32.0,55.0,20.0,24.0,-4.0,2.1,24.0,24.1,24.6,22.7,-0.0,DRY,ON,20.0,20.0,20.0,Dry Forecast,Forecast dry. Recommend watering soon; pump stays OFF because ML_CONTROL_MODE=recommend.,Forecast Dry,,"Forecast Dry,DRY;TELEGRAM_SENT:Forecast Dry,DRY",OK
2026-06-20 01:12:25,32.0,55.0,20.0,24.0,-4.0,2.1,24.0,24.1,24.6,22.7,-0.0,DRY,ON,20.0,20.0,20.0,Dry Forecast,Forecast dry. Recommend watering soon; pump stays OFF because ML_CONTROL_MODE=recommend.,Forecast Dry,,"Forecast Dry,DRY;TELEGRAM_COOLDOWN:Forecast Dry,DRY",OK
2026-06-20 01:12:30,32.0,55.0,20.0,24.0,-4.0,2.1,24.0,24.1,24.6,22.7,-0.0,DRY,ON,20.0,20.0,20.0,Dry Forecast,Forecast dry. Recommend watering soon; pump stays OFF because ML_CONTROL_MODE=recommend.,Forecast Dry,,"Forecast Dry,DRY;TELEGRAM_SENT:Forecast Dry,DRY",OK
2026-06-20 01:12:36,32.0,55.0,20.0,24.0,-4.0,2.1,24.0,24.1,24.6,22.7,-0.0,DRY,ON,20.0,20.0,20.0,Dry Forecast,Forecast dry. Recommend watering soon; pump stays OFF because ML_CONTROL_MODE=recommend.,Forecast Dry,,"Forecast Dry,DRY;TELEGRAM_COOLDOWN:Forecast Dry,DRY",OK
2026-06-20 01:12:41,32.0,55.0,20.0,24.0,-4.0,2.1,24.0,24.1,24.6,22.7,-0.0,DRY,ON,20.0,20.0,20.0,Dry Forecast,Forecast dry. Recommend watering soon; pump stays OFF because ML_CONTROL_MODE=recommend.,Forecast Dry,,"Forecast Dry,DRY;TELEGRAM_SENT:Forecast Dry,DRY",OK
2026-06-20 01:12:47,32.0,55.0,20.0,24.0,-4.0,2.1,24.0,24.1,24.6,22.7,-0.0,DRY,ON,20.0,20.0,20.0,Dry Forecast,Forecast dry. Recommend watering soon; pump stays OFF because ML_CONTROL_MODE=recommend.,Forecast Dry,,"Forecast Dry,DRY;TELEGRAM_COOLDOWN:Forecast Dry,DRY",OK
2026-06-20 01:12:52,32.0,55.0,20.0,24.0,-4.0,2.1,24.0,24.1,24.6,22.7,-0.0,DRY,ON,20.0,20.0,20.0,Dry Forecast,Forecast dry. Recommend watering soon; pump stays OFF because ML_CONTROL_MODE=recommend.,Forecast Dry,,"Forecast Dry,DRY;TELEGRAM_SENT:Forecast Dry,DRY",OK
2026-06-20 01:12:59,32.0,55.0,20.0,24.0,-4.0,2.1,24.0,24.1,24.6,22.7,-0.0,DRY,ON,20.0,20.0,20.0,Dry Forecast,Forecast dry. Recommend watering soon; pump stays OFF because ML_CONTROL_MODE=recommend.,Forecast Dry,,"Forecast Dry,DRY;TELEGRAM_COOLDOWN:Forecast Dry,DRY",OK
2026-06-20 01:13:04,32.0,55.0,20.0,24.0,-4.0,2.1,24.0,24.1,24.6,22.7,-0.0,DRY,ON,20.0,20.0,20.0,Dry Forecast,Forecast dry. Recommend watering soon; pump stays OFF because ML_CONTROL_MODE=recommend.,Forecast Dry,,"Forecast Dry,DRY;TELEGRAM_SENT:Forecast Dry,DRY",OK
2026-06-20 01:13:10,32.0,55.0,20.0,24.0,-4.0,2.1,24.0,24.1,24.6,22.7,-0.0,DRY,ON,20.0,20.0,20.0,Dry Forecast,Forecast dry. Recommend watering soon; pump stays OFF because ML_CONTROL_MODE=recommend.,Forecast Dry,,"Forecast Dry,DRY;TELEGRAM_COOLDOWN:Forecast Dry,DRY",OK
2026-06-20 01:13:15,32.0,55.0,20.0,24.0,-4.0,2.1,24.0,24.1,24.6,22.7,-0.0,DRY,ON,20.0,20.0,20.0,Dry Forecast,Forecast dry. Recommend watering soon; pump stays OFF because ML_CONTROL_MODE=recommend.,Forecast Dry,,"Forecast Dry,DRY;TELEGRAM_SENT:Forecast Dry,DRY",OK
2026-06-20 01:13:21,32.0,55.0,20.0,24.0,-4.0,2.1,24.0,24.1,24.6,22.7,-0.0,DRY,ON,20.0,20.0,20.0,Dry Forecast,Forecast dry. Recommend watering soon; pump stays OFF because ML_CONTROL_MODE=recommend.,Forecast Dry,,"Forecast Dry,DRY;TELEGRAM_COOLDOWN:Forecast Dry,DRY",OK
2026-06-20 01:13:26,32.0,55.0,20.0,24.0,-4.0,2.1,24.0,24.1,24.6,22.7,-0.0,DRY,ON,20.0,20.0,20.0,Dry Forecast,Forecast dry. Recommend watering soon; pump stays OFF because ML_CONTROL_MODE=recommend.,Forecast Dry,,"Forecast Dry,DRY;TELEGRAM_SENT:Forecast Dry,DRY",OK
2026-06-20 01:13:34,32.0,55.0,20.0,24.0,-4.0,2.1,24.0,24.1,24.6,22.7,-0.0,DRY,ON,20.0,20.0,20.0,Dry Forecast,Forecast dry. Recommend watering soon; pump stays OFF because ML_CONTROL_MODE=recommend.,Forecast Dry,,"Forecast Dry,DRY;TELEGRAM_COOLDOWN:Forecast Dry,DRY",OK
2026-06-20 01:13:39,32.0,55.0,20.0,24.0,-4.0,2.1,24.0,24.1,24.6,22.7,-0.0,DRY,ON,20.0,20.0,20.0,Dry Forecast,Forecast dry. Recommend watering soon; pump stays OFF because ML_CONTROL_MODE=recommend.,Forecast Dry,,"Forecast Dry,DRY;TELEGRAM_SENT:Forecast Dry,DRY",OK
2026-06-20 01:13:45,32.0,55.0,20.0,24.0,-4.0,2.1,24.0,24.1,24.6,22.7,-0.0,DRY,ON,20.0,20.0,20.0,Dry Forecast,Forecast dry. Recommend watering soon; pump stays OFF because ML_CONTROL_MODE=recommend.,Forecast Dry,,"Forecast Dry,DRY;TELEGRAM_COOLDOWN:Forecast Dry,DRY",OK
2026-06-20 01:13:50,32.0,55.0,20.0,24.0,-4.0,2.1,24.0,24.1,24.6,22.7,-0.0,DRY,ON,20.0,20.0,20.0,Dry Forecast,Forecast dry. Recommend watering soon; pump stays OFF because ML_CONTROL_MODE=recommend.,Forecast Dry,,"Forecast Dry,DRY;TELEGRAM_SENT:Forecast Dry,DRY",OK
2026-06-20 01:13:56,32.0,55.0,20.0,24.0,-4.0,2.1,24.0,24.1,24.6,22.7,-0.0,DRY,ON,20.0,20.0,20.0,Dry Forecast,Forecast dry. Recommend watering soon; pump stays OFF because ML_CONTROL_MODE=recommend.,Forecast Dry,,"Forecast Dry,DRY;TELEGRAM_COOLDOWN:Forecast Dry,DRY",OK
2026-06-20 01:14:01,32.0,55.0,20.0,24.0,-4.0,2.1,24.0,24.1,24.6,22.7,-0.0,DRY,ON,20.0,20.0,20.0,Dry Forecast,Forecast dry. Recommend watering soon; pump stays OFF because ML_CONTROL_MODE=recommend.,Forecast Dry,,"Forecast Dry,DRY;TELEGRAM_SENT:Forecast Dry,DRY",OK
2026-06-20 01:14:09,32.0,55.0,20.0,24.0,-4.0,2.1,24.0,24.1,24.6,22.7,-0.0,DRY,ON,20.0,20.0,20.0,Dry Forecast,Forecast dry. Recommend watering soon; pump stays OFF because ML_CONTROL_MODE=recommend.,Forecast Dry,,"Forecast Dry,DRY;TELEGRAM_COOLDOWN:Forecast Dry,DRY",OK
2026-06-20 01:14:14,32.0,55.0,20.0,24.0,-4.0,2.1,24.0,24.1,24.6,22.7,-0.0,DRY,ON,20.0,20.0,20.0,Dry Forecast,Forecast dry. Recommend watering soon; pump stays OFF because ML_CONTROL_MODE=recommend.,Forecast Dry,,"Forecast Dry,DRY;TELEGRAM_SENT:Forecast Dry,DRY",OK
2026-06-20 01:14:20,32.0,55.0,20.0,24.0,-4.0,2.1,24.0,24.1,24.6,22.7,-0.0,DRY,ON,20.0,20.0,20.0,Dry Forecast,Forecast dry. Recommend watering soon; pump stays OFF because ML_CONTROL_MODE=recommend.,Forecast Dry,,"Forecast Dry,DRY;TELEGRAM_COOLDOWN:Forecast Dry,DRY",OK
2026-06-20 01:14:25,32.0,55.0,20.0,24.0,-4.0,2.1,24.0,24.1,24.6,22.7,-0.0,DRY,ON,20.0,20.0,20.0,Dry Forecast,Forecast dry. Recommend watering soon; pump stays OFF because ML_CONTROL_MODE=recommend.,Forecast Dry,,"Forecast Dry,DRY;TELEGRAM_SENT:Forecast Dry,DRY",OK
2026-06-20 01:14:31,32.0,55.0,20.0,24.0,-4.0,2.1,24.0,24.1,24.6,22.7,-0.0,DRY,ON,20.0,20.0,20.0,Dry Forecast,Forecast dry. Recommend watering soon; pump stays OFF because ML_CONTROL_MODE=recommend.,Forecast Dry,,"Forecast Dry,DRY;TELEGRAM_COOLDOWN:Forecast Dry,DRY",OK
2026-06-20 01:14:36,32.0,55.0,20.0,24.0,-4.0,2.1,24.0,24.1,24.6,22.7,-0.0,DRY,ON,20.0,20.0,20.0,Dry Forecast,Forecast dry. Recommend watering soon; pump stays OFF because ML_CONTROL_MODE=recommend.,Forecast Dry,,"Forecast Dry,DRY;TELEGRAM_SENT:Forecast Dry,DRY",OK
2026-06-20 01:14:43,32.0,55.0,20.0,24.0,-4.0,2.1,24.0,24.1,24.6,22.7,-0.0,DRY,ON,20.0,20.0,20.0,Dry Forecast,Forecast dry. Recommend watering soon; pump stays OFF because ML_CONTROL_MODE=recommend.,Forecast Dry,,"Forecast Dry,DRY;TELEGRAM_COOLDOWN:Forecast Dry,DRY",OK
2026-06-20 01:14:48,32.0,55.0,20.0,24.0,-4.0,2.1,24.0,24.1,24.6,22.7,-0.0,DRY,ON,20.0,20.0,20.0,Dry Forecast,Forecast dry. Recommend watering soon; pump stays OFF because ML_CONTROL_MODE=recommend.,Forecast Dry,,"Forecast Dry,DRY;TELEGRAM_SENT:Forecast Dry,DRY",OK
2026-06-20 01:14:54,32.0,55.0,20.0,24.0,-4.0,2.1,24.0,24.1,24.6,22.7,-0.0,DRY,ON,20.0,20.0,20.0,Dry Forecast,Forecast dry. Recommend watering soon; pump stays OFF because ML_CONTROL_MODE=recommend.,Forecast Dry,,"Forecast Dry,DRY;TELEGRAM_COOLDOWN:Forecast Dry,DRY",OK
2026-06-20 01:14:59,32.0,55.0,20.0,24.0,-4.0,2.1,24.0,24.1,24.6,22.7,-0.0,DRY,ON,20.0,20.0,20.0,Dry Forecast,Forecast dry. Recommend watering soon; pump stays OFF because ML_CONTROL_MODE=recommend.,Forecast Dry,,"Forecast Dry,DRY;TELEGRAM_SENT:Forecast Dry,DRY",OK
2026-06-20 01:15:05,32.0,55.0,20.0,24.0,-4.0,2.1,24.0,24.1,24.6,22.7,-0.0,DRY,ON,20.0,20.0,20.0,Dry Forecast,Forecast dry. Recommend watering soon; pump stays OFF because ML_CONTROL_MODE=recommend.,Forecast Dry,,"Forecast Dry,DRY;TELEGRAM_COOLDOWN:Forecast Dry,DRY",OK
2026-06-20 01:15:10,32.0,55.0,20.0,24.0,-4.0,2.1,24.0,24.1,24.6,22.7,-0.0,DRY,ON,20.0,20.0,20.0,Dry Forecast,Forecast dry. Recommend watering soon; pump stays OFF because ML_CONTROL_MODE=recommend.,Forecast Dry,,"Forecast Dry,DRY;TELEGRAM_SENT:Forecast Dry,DRY",OK
2026-06-20 01:15:18,32.0,55.0,20.0,24.0,-4.0,2.1,24.0,24.1,24.6,22.7,-0.0,DRY,ON,20.0,20.0,20.0,Dry Forecast,Forecast dry. Recommend watering soon; pump stays OFF because ML_CONTROL_MODE=recommend.,Forecast Dry,,"Forecast Dry,DRY;TELEGRAM_COOLDOWN:Forecast Dry,DRY",OK
2026-06-20 01:15:23,32.0,55.0,20.0,24.0,-4.0,2.1,24.0,24.1,24.6,22.7,-0.0,DRY,ON,20.0,20.0,20.0,Dry Forecast,Forecast dry. Recommend watering soon; pump stays OFF because ML_CONTROL_MODE=recommend.,Forecast Dry,,"Forecast Dry,DRY;TELEGRAM_SENT:Forecast Dry,DRY",OK
2026-06-20 01:15:29,32.0,55.0,20.0,24.0,-4.0,2.1,24.0,24.1,24.6,22.7,-0.0,DRY,ON,20.0,20.0,20.0,Dry Forecast,Forecast dry. Recommend watering soon; pump stays OFF because ML_CONTROL_MODE=recommend.,Forecast Dry,,"Forecast Dry,DRY;TELEGRAM_COOLDOWN:Forecast Dry,DRY",OK
2026-06-20 01:15:34,32.0,55.0,20.0,24.0,-4.0,2.1,24.0,24.1,24.6,22.7,-0.0,DRY,ON,20.0,20.0,20.0,Dry Forecast,Forecast dry. Recommend watering soon; pump stays OFF because ML_CONTROL_MODE=recommend.,Forecast Dry,,"Forecast Dry,DRY;TELEGRAM_SENT:Forecast Dry,DRY",OK
2026-06-20 01:15:40,32.0,55.0,20.0,24.0,-4.0,2.1,24.0,24.1,24.6,22.7,-0.0,DRY,ON,20.0,20.0,20.0,Dry Forecast,Forecast dry. Recommend watering soon; pump stays OFF because ML_CONTROL_MODE=recommend.,Forecast Dry,,"Forecast Dry,DRY;TELEGRAM_COOLDOWN:Forecast Dry,DRY",OK
2026-06-20 01:15:45,32.0,55.0,20.0,24.0,-4.0,2.1,24.0,24.1,24.6,22.7,-0.0,DRY,ON,20.0,20.0,20.0,Dry Forecast,Forecast dry. Recommend watering soon; pump stays OFF because ML_CONTROL_MODE=recommend.,Forecast Dry,,"Forecast Dry,DRY;TELEGRAM_SENT:Forecast Dry,DRY",OK
2026-06-20 01:15:53,32.0,55.0,20.0,24.0,-4.0,2.1,24.0,24.1,24.6,22.7,-0.0,DRY,ON,20.0,20.0,20.0,Dry Forecast,Forecast dry. Recommend watering soon; pump stays OFF because ML_CONTROL_MODE=recommend.,Forecast Dry,,"Forecast Dry,DRY;TELEGRAM_COOLDOWN:Forecast Dry,DRY",OK
2026-06-20 01:15:58,32.0,55.0,20.0,24.0,-4.0,2.1,24.0,24.1,24.6,22.7,-0.0,DRY,ON,20.0,20.0,20.0,Dry Forecast,Forecast dry. Recommend watering soon; pump stays OFF because ML_CONTROL_MODE=recommend.,Forecast Dry,,"Forecast Dry,DRY;TELEGRAM_SENT:Forecast Dry,DRY",OK
2026-06-20 01:16:04,32.0,55.0,20.0,24.0,-4.0,2.1,24.0,24.1,24.6,22.7,-0.0,DRY,ON,20.0,20.0,20.0,Dry Forecast,Forecast dry. Recommend watering soon; pump stays OFF because ML_CONTROL_MODE=recommend.,Forecast Dry,,"Forecast Dry,DRY;TELEGRAM_COOLDOWN:Forecast Dry,DRY",OK
2026-06-20 01:16:09,32.0,55.0,20.0,24.0,-4.0,2.1,24.0,24.1,24.6,22.7,-0.0,DRY,ON,20.0,20.0,20.0,Dry Forecast,Forecast dry. Recommend watering soon; pump stays OFF because ML_CONTROL_MODE=recommend.,Forecast Dry,,"Forecast Dry,DRY;TELEGRAM_SENT:Forecast Dry,DRY",OK
2026-06-20 01:16:15,32.0,55.0,20.0,24.0,-4.0,2.1,24.0,24.1,24.6,22.7,-0.0,DRY,ON,20.0,20.0,20.0,Dry Forecast,Forecast dry. Recommend watering soon; pump stays OFF because ML_CONTROL_MODE=recommend.,Forecast Dry,,"Forecast Dry,DRY;TELEGRAM_COOLDOWN:Forecast Dry,DRY",OK
2026-06-20 01:16:20,32.0,55.0,20.0,24.0,-4.0,2.1,24.0,24.1,24.6,22.7,-0.0,DRY,ON,20.0,20.0,20.0,Dry Forecast,Forecast dry. Recommend watering soon; pump stays OFF because ML_CONTROL_MODE=recommend.,Forecast Dry,,"Forecast Dry,DRY;TELEGRAM_SENT:Forecast Dry,DRY",OK
2026-06-20 01:16:28,32.0,55.0,20.0,24.0,-4.0,2.1,24.0,24.1,24.6,22.7,-0.0,DRY,ON,20.0,20.0,20.0,Dry Forecast,Forecast dry. Recommend watering soon; pump stays OFF because ML_CONTROL_MODE=recommend.,Forecast Dry,,"Forecast Dry,DRY;TELEGRAM_COOLDOWN:Forecast Dry,DRY",OK
2026-06-20 01:16:33,32.0,55.0,20.0,24.0,-4.0,2.1,24.0,24.1,24.6,22.7,-0.0,DRY,ON,20.0,20.0,20.0,Dry Forecast,Forecast dry. Recommend watering soon; pump stays OFF because ML_CONTROL_MODE=recommend.,Forecast Dry,,"Forecast Dry,DRY;TELEGRAM_SENT:Forecast Dry,DRY",OK
2026-06-20 01:16:39,32.0,55.0,20.0,24.0,-4.0,2.1,24.0,24.1,24.6,22.7,-0.0,DRY,ON,20.0,20.0,20.0,Dry Forecast,Forecast dry. Recommend watering soon; pump stays OFF because ML_CONTROL_MODE=recommend.,Forecast Dry,,"Forecast Dry,DRY;TELEGRAM_COOLDOWN:Forecast Dry,DRY",OK
2026-06-20 01:16:44,32.0,55.0,20.0,24.0,-4.0,2.1,24.0,24.1,24.6,22.7,-0.0,DRY,ON,20.0,20.0,20.0,Dry Forecast,Forecast dry. Recommend watering soon; pump stays OFF because ML_CONTROL_MODE=recommend.,Forecast Dry,,"Forecast Dry,DRY;TELEGRAM_SENT:Forecast Dry,DRY",OK
2026-06-20 01:16:50,32.0,55.0,20.0,24.0,-4.0,2.1,24.0,24.1,24.6,22.7,-0.0,DRY,ON,20.0,20.0,20.0,Dry Forecast,Forecast dry. Recommend watering soon; pump stays OFF because ML_CONTROL_MODE=recommend.,Forecast Dry,,"Forecast Dry,DRY;TELEGRAM_COOLDOWN:Forecast Dry,DRY",OK
2026-06-20 01:16:55,32.0,55.0,20.0,24.0,-4.0,2.1,24.0,24.1,24.6,22.7,-0.0,DRY,ON,20.0,20.0,20.0,Dry Forecast,Forecast dry. Recommend watering soon; pump stays OFF because ML_CONTROL_MODE=recommend.,Forecast Dry,,"Forecast Dry,DRY;TELEGRAM_SENT:Forecast Dry,DRY",OK
2026-06-20 01:17:03,32.0,55.0,20.0,24.0,-4.0,2.1,24.0,24.1,24.6,22.7,-0.0,DRY,ON,20.0,20.0,20.0,Dry Forecast,Forecast dry. Recommend watering soon; pump stays OFF because ML_CONTROL_MODE=recommend.,Forecast Dry,,"Forecast Dry,DRY;TELEGRAM_COOLDOWN:Forecast Dry,DRY",OK
2026-06-20 01:17:08,32.0,55.0,20.0,24.0,-4.0,2.1,24.0,24.1,24.6,22.7,-0.0,DRY,ON,20.0,20.0,20.0,Dry Forecast,Forecast dry. Recommend watering soon; pump stays OFF because ML_CONTROL_MODE=recommend.,Forecast Dry,,"Forecast Dry,DRY;TELEGRAM_SENT:Forecast Dry,DRY",OK
2026-06-20 01:17:14,32.0,55.0,20.0,24.0,-4.0,2.1,24.0,24.1,24.6,22.7,-0.0,DRY,ON,20.0,20.0,20.0,Dry Forecast,Forecast dry. Recommend watering soon; pump stays OFF because ML_CONTROL_MODE=recommend.,Forecast Dry,,"Forecast Dry,DRY;TELEGRAM_COOLDOWN:Forecast Dry,DRY",OK
2026-06-20 01:17:19,32.0,55.0,20.0,24.0,-4.0,2.1,24.0,24.1,24.6,22.7,-0.0,DRY,ON,20.0,20.0,20.0,Dry Forecast,Forecast dry. Recommend watering soon; pump stays OFF because ML_CONTROL_MODE=recommend.,Forecast Dry,,"Forecast Dry,DRY;TELEGRAM_SENT:Forecast Dry,DRY",OK
2026-06-20 01:17:26,32.0,55.0,20.0,24.0,-4.0,2.1,24.0,24.1,24.6,22.7,-0.0,DRY,ON,20.0,20.0,20.0,Dry Forecast,Forecast dry. Recommend watering soon; pump stays OFF because ML_CONTROL_MODE=recommend.,Forecast Dry,,"Forecast Dry,DRY;TELEGRAM_COOLDOWN:Forecast Dry,DRY",OK
2026-06-20 01:17:32,32.0,55.0,20.0,24.0,-4.0,2.1,24.0,24.1,24.6,22.7,-0.0,DRY,ON,20.0,20.0,20.0,Dry Forecast,Forecast dry. Recommend watering soon; pump stays OFF because ML_CONTROL_MODE=recommend.,Forecast Dry,,"Forecast Dry,DRY;TELEGRAM_SENT:Forecast Dry,DRY",OK
2026-06-20 01:17:38,32.0,55.0,20.0,24.0,-4.0,2.1,24.0,24.1,24.6,22.7,-0.0,DRY,ON,20.0,20.0,20.0,Dry Forecast,Forecast dry. Recommend watering soon; pump stays OFF because ML_CONTROL_MODE=recommend.,Forecast Dry,,"Forecast Dry,DRY;TELEGRAM_COOLDOWN:Forecast Dry,DRY",OK
2026-06-20 01:17:43,32.0,55.0,20.0,24.0,-4.0,2.1,24.0,24.1,24.6,22.7,-0.0,DRY,ON,20.0,20.0,20.0,Dry Forecast,Forecast dry. Recommend watering soon; pump stays OFF because ML_CONTROL_MODE=recommend.,Forecast Dry,,"Forecast Dry,DRY;TELEGRAM_SENT:Forecast Dry,DRY",OK
2026-06-20 01:17:49,32.0,55.0,20.0,24.0,-4.0,2.1,24.0,24.1,24.6,22.7,-0.0,DRY,ON,20.0,20.0,20.0,Dry Forecast,Forecast dry. Recommend watering soon; pump stays OFF because ML_CONTROL_MODE=recommend.,Forecast Dry,,"Forecast Dry,DRY;TELEGRAM_COOLDOWN:Forecast Dry,DRY",OK
2026-06-20 01:17:54,32.0,55.0,20.0,24.0,-4.0,2.1,24.0,24.1,24.6,22.7,-0.0,DRY,ON,20.0,20.0,20.0,Dry Forecast,Forecast dry. Recommend watering soon; pump stays OFF because ML_CONTROL_MODE=recommend.,Forecast Dry,,"Forecast Dry,DRY;TELEGRAM_SENT:Forecast Dry,DRY",OK
2026-06-20 01:18:00,32.0,55.0,20.0,24.0,-4.0,2.1,24.0,24.1,24.6,22.7,-0.0,DRY,ON,20.0,20.0,20.0,Dry Forecast,Forecast dry. Recommend watering soon; pump stays OFF because ML_CONTROL_MODE=recommend.,Forecast Dry,,"Forecast Dry,DRY;TELEGRAM_COOLDOWN:Forecast Dry,DRY",OK
2026-06-20 01:18:07,32.0,55.0,20.0,24.0,-4.0,2.1,24.0,24.1,24.6,22.7,-0.0,DRY,ON,20.0,20.0,20.0,Dry Forecast,Forecast dry. Recommend watering soon; pump stays OFF because ML_CONTROL_MODE=recommend.,Forecast Dry,,"Forecast Dry,DRY;TELEGRAM_SENT:Forecast Dry,DRY",OK
2026-06-20 01:18:13,32.0,55.0,20.0,24.0,-4.0,2.1,24.0,24.1,24.6,22.7,-0.0,DRY,ON,20.0,20.0,20.0,Dry Forecast,Forecast dry. Recommend watering soon; pump stays OFF because ML_CONTROL_MODE=recommend.,Forecast Dry,,"Forecast Dry,DRY;TELEGRAM_COOLDOWN:Forecast Dry,DRY",OK
2026-06-20 01:18:18,32.0,55.0,20.0,24.0,-4.0,2.1,24.0,24.1,24.6,22.7,-0.0,DRY,ON,20.0,20.0,20.0,Dry Forecast,Forecast dry. Recommend watering soon; pump stays OFF because ML_CONTROL_MODE=recommend.,Forecast Dry,,"Forecast Dry,DRY;TELEGRAM_SENT:Forecast Dry,DRY",OK
2026-06-20 01:18:23,32.0,55.0,20.0,24.0,-4.0,2.1,24.0,24.1,24.6,22.7,-0.0,DRY,ON,20.0,20.0,20.0,Dry Forecast,Forecast dry. Recommend watering soon; pump stays OFF because ML_CONTROL_MODE=recommend.,Forecast Dry,,"Forecast Dry,DRY;TELEGRAM_COOLDOWN:Forecast Dry,DRY",OK
2026-06-20 01:18:29,32.0,55.0,20.0,24.0,-4.0,2.1,24.0,24.1,24.6,22.7,-0.0,DRY,ON,20.0,20.0,20.0,Dry Forecast,Forecast dry. Recommend watering soon; pump stays OFF because ML_CONTROL_MODE=recommend.,Forecast Dry,,"Forecast Dry,DRY;TELEGRAM_SENT:Forecast Dry,DRY",OK
2026-06-20 01:18:34,32.0,55.0,20.0,24.0,-4.0,2.1,24.0,24.1,24.6,22.7,-0.0,DRY,ON,20.0,20.0,20.0,Dry Forecast,Forecast dry. Recommend watering soon; pump stays OFF because ML_CONTROL_MODE=recommend.,Forecast Dry,,"Forecast Dry,DRY;TELEGRAM_COOLDOWN:Forecast Dry,DRY",OK
2026-06-20 01:18:41,32.0,55.0,20.0,24.0,-4.0,2.1,24.0,24.1,24.6,22.7,-0.0,DRY,ON,20.0,20.0,20.0,Dry Forecast,Forecast dry. Recommend watering soon; pump stays OFF because ML_CONTROL_MODE=recommend.,Forecast Dry,,"Forecast Dry,DRY;TELEGRAM_SENT:Forecast Dry,DRY",OK
2026-06-20 01:18:47,32.0,55.0,20.0,24.0,-4.0,2.1,24.0,24.1,24.6,22.7,-0.0,DRY,ON,20.0,20.0,20.0,Dry Forecast,Forecast dry. Recommend watering soon; pump stays OFF because ML_CONTROL_MODE=recommend.,Forecast Dry,,"Forecast Dry,DRY;TELEGRAM_COOLDOWN:Forecast Dry,DRY",OK
2026-06-20 01:18:52,32.0,55.0,20.0,24.0,-4.0,2.1,24.0,24.1,24.6,22.7,-0.0,DRY,ON,20.0,20.0,20.0,Dry Forecast,Forecast dry. Recommend watering soon; pump stays OFF because ML_CONTROL_MODE=recommend.,Forecast Dry,,"Forecast Dry,DRY;TELEGRAM_SENT:Forecast Dry,DRY",OK
2026-06-20 01:18:59,32.0,55.0,20.0,24.0,-4.0,2.1,24.0,24.1,24.6,22.7,-0.0,DRY,ON,20.0,20.0,20.0,Dry Forecast,Forecast dry. Recommend watering soon; pump stays OFF because ML_CONTROL_MODE=recommend.,Forecast Dry,,"Forecast Dry,DRY;TELEGRAM_COOLDOWN:Forecast Dry,DRY",OK
2026-06-20 01:19:04,32.0,55.0,20.0,24.0,-4.0,2.1,24.0,24.1,24.6,22.7,-0.0,DRY,ON,20.0,20.0,20.0,Dry Forecast,Forecast dry. Recommend watering soon; pump stays OFF because ML_CONTROL_MODE=recommend.,Forecast Dry,,"Forecast Dry,DRY;TELEGRAM_SENT:Forecast Dry,DRY",OK
2026-06-20 01:19:10,32.0,55.0,20.0,24.0,-4.0,2.1,24.0,24.1,24.6,22.7,-0.0,DRY,ON,20.0,20.0,20.0,Dry Forecast,Forecast dry. Recommend watering soon; pump stays OFF because ML_CONTROL_MODE=recommend.,Forecast Dry,,"Forecast Dry,DRY;TELEGRAM_COOLDOWN:Forecast Dry,DRY",OK
2026-06-20 01:19:17,32.0,55.0,20.0,24.0,-4.0,2.1,24.0,24.1,24.6,22.7,-0.0,DRY,ON,20.0,20.0,20.0,Dry Forecast,Forecast dry. Recommend watering soon; pump stays OFF because ML_CONTROL_MODE=recommend.,Forecast Dry,,"Forecast Dry,DRY;TELEGRAM_SENT:Forecast Dry,DRY",OK
2026-06-20 01:19:23,32.0,55.0,20.0,24.0,-4.0,2.1,24.0,24.1,24.6,22.7,-0.0,DRY,ON,20.0,20.0,20.0,Dry Forecast,Forecast dry. Recommend watering soon; pump stays OFF because ML_CONTROL_MODE=recommend.,Forecast Dry,,"Forecast Dry,DRY;TELEGRAM_COOLDOWN:Forecast Dry,DRY",OK
2026-06-20 01:19:28,32.0,55.0,20.0,24.0,-4.0,2.1,24.0,24.1,24.6,22.7,-0.0,DRY,ON,20.0,20.0,20.0,Dry Forecast,Forecast dry. Recommend watering soon; pump stays OFF because ML_CONTROL_MODE=recommend.,Forecast Dry,,"Forecast Dry,DRY;TELEGRAM_SENT:Forecast Dry,DRY",OK
2026-06-20 01:19:33,32.0,55.0,20.0,24.0,-4.0,2.1,24.0,24.1,24.6,22.7,-0.0,DRY,ON,20.0,20.0,20.0,Dry Forecast,Forecast dry. Recommend watering soon; pump stays OFF because ML_CONTROL_MODE=recommend.,Forecast Dry,,"Forecast Dry,DRY;TELEGRAM_COOLDOWN:Forecast Dry,DRY",OK
2026-06-20 01:19:38,32.0,55.0,20.0,24.0,-4.0,2.1,24.0,24.1,24.6,22.7,-0.0,DRY,ON,20.0,20.0,20.0,Dry Forecast,Forecast dry. Recommend watering soon; pump stays OFF because ML_CONTROL_MODE=recommend.,Forecast Dry,,"Forecast Dry,DRY;TELEGRAM_SENT:Forecast Dry,DRY",OK
2026-06-20 01:19:44,32.0,55.0,20.0,24.0,-4.0,2.1,24.0,24.1,24.6,22.7,-0.0,DRY,ON,20.0,20.0,20.0,Dry Forecast,Forecast dry. Recommend watering soon; pump stays OFF because ML_CONTROL_MODE=recommend.,Forecast Dry,,"Forecast Dry,DRY;TELEGRAM_COOLDOWN:Forecast Dry,DRY",OK
2026-06-20 01:19:51,32.0,55.0,20.0,24.0,-4.0,2.1,24.0,24.1,24.6,22.7,-0.0,DRY,ON,20.0,20.0,20.0,Dry Forecast,Forecast dry. Recommend watering soon; pump stays OFF because ML_CONTROL_MODE=recommend.,Forecast Dry,,"Forecast Dry,DRY;TELEGRAM_SENT:Forecast Dry,DRY",OK
2026-06-20 01:19:57,32.0,55.0,20.0,24.0,-4.0,2.1,24.0,24.1,24.6,22.7,-0.0,DRY,ON,20.0,20.0,20.0,Dry Forecast,Forecast dry. Recommend watering soon; pump stays OFF because ML_CONTROL_MODE=recommend.,Forecast Dry,,"Forecast Dry,DRY;TELEGRAM_COOLDOWN:Forecast Dry,DRY",OK
2026-06-20 01:20:02,32.0,55.0,20.0,24.0,-4.0,2.1,24.0,24.1,24.6,22.7,-0.0,DRY,ON,20.0,20.0,20.0,Dry Forecast,Forecast dry. Recommend watering soon; pump stays OFF because ML_CONTROL_MODE=recommend.,Forecast Dry,,"Forecast Dry,DRY;TELEGRAM_SENT:Forecast Dry,DRY",OK
2026-06-20 01:20:08,32.0,55.0,20.0,24.0,-4.0,2.1,24.0,24.1,24.6,22.7,-0.0,DRY,ON,20.0,20.0,20.0,Dry Forecast,Forecast dry. Recommend watering soon; pump stays OFF because ML_CONTROL_MODE=recommend.,Forecast Dry,,"Forecast Dry,DRY;TELEGRAM_COOLDOWN:Forecast Dry,DRY",OK
2026-06-20 01:20:13,32.0,55.0,20.0,24.0,-4.0,2.1,24.0,24.1,24.6,22.7,-0.0,DRY,ON,20.0,20.0,20.0,Dry Forecast,Forecast dry. Recommend watering soon; pump stays OFF because ML_CONTROL_MODE=recommend.,Forecast Dry,,"Forecast Dry,DRY;TELEGRAM_SENT:Forecast Dry,DRY",OK
2026-06-20 01:20:19,32.0,55.0,20.0,24.0,-4.0,2.1,24.0,24.1,24.6,22.7,-0.0,DRY,ON,20.0,20.0,20.0,Dry Forecast,Forecast dry. Recommend watering soon; pump stays OFF because ML_CONTROL_MODE=recommend.,Forecast Dry,,"Forecast Dry,DRY;TELEGRAM_COOLDOWN:Forecast Dry,DRY",OK
2026-06-20 01:20:25,32.0,55.0,20.0,24.0,-4.0,2.1,24.0,24.1,24.6,22.7,-0.0,DRY,ON,20.0,20.0,20.0,Dry Forecast,Forecast dry. Recommend watering soon; pump stays OFF because ML_CONTROL_MODE=recommend.,Forecast Dry,,"Forecast Dry,DRY;TELEGRAM_SENT:Forecast Dry,DRY",OK
2026-06-20 01:20:31,32.0,55.0,20.0,24.0,-4.0,2.1,24.0,24.1,24.6,22.7,-0.0,DRY,ON,20.0,20.0,20.0,Dry Forecast,Forecast dry. Recommend watering soon; pump stays OFF because ML_CONTROL_MODE=recommend.,Forecast Dry,,"Forecast Dry,DRY;TELEGRAM_COOLDOWN:Forecast Dry,DRY",OK
2026-06-20 01:20:36,32.0,55.0,20.0,24.0,-4.0,2.1,24.0,24.1,24.6,22.7,-0.0,DRY,ON,20.0,20.0,20.0,Dry Forecast,Forecast dry. Recommend watering soon; pump stays OFF because ML_CONTROL_MODE=recommend.,Forecast Dry,,"Forecast Dry,DRY;TELEGRAM_SENT:Forecast Dry,DRY",OK
2026-06-20 01:20:42,32.0,55.0,20.0,24.0,-4.0,2.1,24.0,24.1,24.6,22.7,-0.0,DRY,ON,20.0,20.0,20.0,Dry Forecast,Forecast dry. Recommend watering soon; pump stays OFF because ML_CONTROL_MODE=recommend.,Forecast Dry,,"Forecast Dry,DRY;TELEGRAM_COOLDOWN:Forecast Dry,DRY",OK
2026-06-20 01:20:47,32.0,55.0,20.0,24.0,-4.0,2.1,24.0,24.1,24.6,22.7,-0.0,DRY,ON,20.0,20.0,20.0,Dry Forecast,Forecast dry. Recommend watering soon; pump stays OFF because ML_CONTROL_MODE=recommend.,Forecast Dry,,"Forecast Dry,DRY;TELEGRAM_SENT:Forecast Dry,DRY",OK
2026-06-20 01:20:56,32.0,55.0,20.0,24.0,-4.0,2.1,24.0,24.1,24.6,22.7,-0.0,DRY,ON,20.0,20.0,20.0,Dry Forecast,Forecast dry. Recommend watering soon; pump stays OFF because ML_CONTROL_MODE=recommend.,Forecast Dry,,"Forecast Dry,DRY;TELEGRAM_COOLDOWN:Forecast Dry,DRY",OK
2026-06-20 01:21:01,32.0,55.0,20.0,24.0,-4.0,2.1,24.0,24.1,24.6,22.7,-0.0,DRY,ON,20.0,20.0,20.0,Dry Forecast,Forecast dry. Recommend watering soon; pump stays OFF because ML_CONTROL_MODE=recommend.,Forecast Dry,,"Forecast Dry,DRY;TELEGRAM_SENT:Forecast Dry,DRY",OK
2026-06-20 01:21:06,32.0,55.0,20.0,24.0,-4.0,2.1,24.0,24.1,24.6,22.7,-0.0,DRY,ON,20.0,20.0,20.0,Dry Forecast,Forecast dry. Recommend watering soon; pump stays OFF because ML_CONTROL_MODE=recommend.,Forecast Dry,,"Forecast Dry,DRY;TELEGRAM_COOLDOWN:Forecast Dry,DRY",OK
2026-06-20 01:21:12,32.0,55.0,20.0,24.0,-4.0,2.1,24.0,24.1,24.6,22.7,-0.0,DRY,ON,20.0,20.0,20.0,Dry Forecast,Forecast dry. Recommend watering soon; pump stays OFF because ML_CONTROL_MODE=recommend.,Forecast Dry,,"Forecast Dry,DRY;TELEGRAM_SENT:Forecast Dry,DRY",OK
2026-06-20 01:21:17,32.0,55.0,20.0,24.0,-4.0,2.1,24.0,24.1,24.6,22.7,-0.0,DRY,ON,20.0,20.0,20.0,Dry Forecast,Forecast dry. Recommend watering soon; pump stays OFF because ML_CONTROL_MODE=recommend.,Forecast Dry,,"Forecast Dry,DRY;TELEGRAM_COOLDOWN:Forecast Dry,DRY",OK
2026-06-20 01:21:22,32.0,55.0,20.0,24.0,-4.0,2.1,24.0,24.1,24.6,22.7,-0.0,DRY,ON,20.0,20.0,20.0,Dry Forecast,Forecast dry. Recommend watering soon; pump stays OFF because ML_CONTROL_MODE=recommend.,Forecast Dry,,"Forecast Dry,DRY;TELEGRAM_SENT:Forecast Dry,DRY",OK
2026-06-20 01:21:30,32.0,55.0,20.0,24.0,-4.0,2.1,24.0,24.1,24.6,22.7,-0.0,DRY,ON,20.0,20.0,20.0,Dry Forecast,Forecast dry. Recommend watering soon; pump stays OFF because ML_CONTROL_MODE=recommend.,Forecast Dry,,"Forecast Dry,DRY;TELEGRAM_COOLDOWN:Forecast Dry,DRY",OK
2026-06-20 01:21:35,32.0,55.0,20.0,24.0,-4.0,2.1,24.0,24.1,24.6,22.7,-0.0,DRY,ON,20.0,20.0,20.0,Dry Forecast,Forecast dry. Recommend watering soon; pump stays OFF because ML_CONTROL_MODE=recommend.,Forecast Dry,,"Forecast Dry,DRY;TELEGRAM_SENT:Forecast Dry,DRY",OK
2026-06-20 01:21:41,32.0,55.0,20.0,24.0,-4.0,2.1,24.0,24.1,24.6,22.7,-0.0,DRY,ON,20.0,20.0,20.0,Dry Forecast,Forecast dry. Recommend watering soon; pump stays OFF because ML_CONTROL_MODE=recommend.,Forecast Dry,,"Forecast Dry,DRY;TELEGRAM_COOLDOWN:Forecast Dry,DRY",OK
2026-06-20 01:21:46,32.0,55.0,20.0,24.0,-4.0,2.1,24.0,24.1,24.6,22.7,-0.0,DRY,ON,20.0,20.0,20.0,Dry Forecast,Forecast dry. Recommend watering soon; pump stays OFF because ML_CONTROL_MODE=recommend.,Forecast Dry,,"Forecast Dry,DRY;TELEGRAM_SENT:Forecast Dry,DRY",OK
2026-06-20 01:21:52,32.0,55.0,20.0,24.0,-4.0,2.1,24.0,24.1,24.6,22.7,-0.0,DRY,ON,20.0,20.0,20.0,Dry Forecast,Forecast dry. Recommend watering soon; pump stays OFF because ML_CONTROL_MODE=recommend.,Forecast Dry,,"Forecast Dry,DRY;TELEGRAM_COOLDOWN:Forecast Dry,DRY",OK
2026-06-20 01:21:57,32.0,55.0,20.0,24.0,-4.0,2.1,24.0,24.1,24.6,22.7,-0.0,DRY,ON,20.0,20.0,20.0,Dry Forecast,Forecast dry. Recommend watering soon; pump stays OFF because ML_CONTROL_MODE=recommend.,Forecast Dry,,"Forecast Dry,DRY;TELEGRAM_SENT:Forecast Dry,DRY",OK
2026-06-20 01:22:04,32.0,55.0,20.0,24.0,-4.0,2.1,24.0,24.1,24.6,22.7,-0.0,DRY,ON,20.0,20.0,20.0,Dry Forecast,Forecast dry. Recommend watering soon; pump stays OFF because ML_CONTROL_MODE=recommend.,Forecast Dry,,"Forecast Dry,DRY;TELEGRAM_COOLDOWN:Forecast Dry,DRY",OK
2026-06-20 01:22:09,32.0,55.0,20.0,24.0,-4.0,2.1,24.0,24.1,24.6,22.7,-0.0,DRY,ON,20.0,20.0,20.0,Dry Forecast,Forecast dry. Recommend watering soon; pump stays OFF because ML_CONTROL_MODE=recommend.,Forecast Dry,,"Forecast Dry,DRY;TELEGRAM_SENT:Forecast Dry,DRY",OK
2026-06-20 01:22:15,32.0,55.0,20.0,24.0,-4.0,2.1,24.0,24.1,24.6,22.7,-0.0,DRY,ON,20.0,20.0,20.0,Dry Forecast,Forecast dry. Recommend watering soon; pump stays OFF because ML_CONTROL_MODE=recommend.,Forecast Dry,,"Forecast Dry,DRY;TELEGRAM_COOLDOWN:Forecast Dry,DRY",OK
2026-06-20 01:22:20,32.0,55.0,20.0,24.0,-4.0,2.1,24.0,24.1,24.6,22.7,-0.0,DRY,ON,20.0,20.0,20.0,Dry Forecast,Forecast dry. Recommend watering soon; pump stays OFF because ML_CONTROL_MODE=recommend.,Forecast Dry,,"Forecast Dry,DRY;TELEGRAM_SENT:Forecast Dry,DRY",OK
2026-06-20 01:22:26,32.0,55.0,20.0,24.0,-4.0,2.1,24.0,24.1,24.6,22.7,-0.0,DRY,ON,20.0,20.0,20.0,Dry Forecast,Forecast dry. Recommend watering soon; pump stays OFF because ML_CONTROL_MODE=recommend.,Forecast Dry,,"Forecast Dry,DRY;TELEGRAM_COOLDOWN:Forecast Dry,DRY",OK
2026-06-20 01:22:31,32.0,55.0,20.0,24.0,-4.0,2.1,24.0,24.1,24.6,22.7,-0.0,DRY,ON,20.0,20.0,20.0,Dry Forecast,Forecast dry. Recommend watering soon; pump stays OFF because ML_CONTROL_MODE=recommend.,Forecast Dry,,"Forecast Dry,DRY;TELEGRAM_SENT:Forecast Dry,DRY",OK
2026-06-20 01:22:39,32.0,55.0,20.0,24.0,-4.0,2.1,24.0,24.1,24.6,22.7,-0.0,DRY,ON,20.0,20.0,20.0,Dry Forecast,Forecast dry. Recommend watering soon; pump stays OFF because ML_CONTROL_MODE=recommend.,Forecast Dry,,"Forecast Dry,DRY;TELEGRAM_COOLDOWN:Forecast Dry,DRY",OK
2026-06-20 01:22:44,32.0,55.0,20.0,24.0,-4.0,2.1,24.0,24.1,24.6,22.7,-0.0,DRY,ON,20.0,20.0,20.0,Dry Forecast,Forecast dry. Recommend watering soon; pump stays OFF because ML_CONTROL_MODE=recommend.,Forecast Dry,,"Forecast Dry,DRY;TELEGRAM_SENT:Forecast Dry,DRY",OK
2026-06-20 01:22:50,32.0,55.0,20.0,24.0,-4.0,2.1,24.0,24.1,24.6,22.7,-0.0,DRY,ON,20.0,20.0,20.0,Dry Forecast,Forecast dry. Recommend watering soon; pump stays OFF because ML_CONTROL_MODE=recommend.,Forecast Dry,,"Forecast Dry,DRY;TELEGRAM_COOLDOWN:Forecast Dry,DRY",OK
2026-06-20 01:22:55,32.0,55.0,20.0,24.0,-4.0,2.1,24.0,24.1,24.6,22.7,-0.0,DRY,ON,20.0,20.0,20.0,Dry Forecast,Forecast dry. Recommend watering soon; pump stays OFF because ML_CONTROL_MODE=recommend.,Forecast Dry,,"Forecast Dry,DRY;TELEGRAM_SENT:Forecast Dry,DRY",OK
2026-06-20 01:23:00,32.0,55.0,20.0,24.0,-4.0,2.1,24.0,24.1,24.6,22.7,-0.0,DRY,ON,20.0,20.0,20.0,Dry Forecast,Forecast dry. Recommend watering soon; pump stays OFF because ML_CONTROL_MODE=recommend.,Forecast Dry,,"Forecast Dry,DRY;TELEGRAM_COOLDOWN:Forecast Dry,DRY",OK
2026-06-20 01:23:05,32.0,55.0,20.0,24.0,-4.0,2.1,24.0,24.1,24.6,22.7,-0.0,DRY,ON,20.0,20.0,20.0,Dry Forecast,Forecast dry. Recommend watering soon; pump stays OFF because ML_CONTROL_MODE=recommend.,Forecast Dry,,"Forecast Dry,DRY;TELEGRAM_SENT:Forecast Dry,DRY",OK
2026-06-20 01:23:13,32.0,55.0,20.0,24.0,-4.0,2.1,24.0,24.1,24.6,22.7,-0.0,DRY,ON,20.0,20.0,20.0,Dry Forecast,Forecast dry. Recommend watering soon; pump stays OFF because ML_CONTROL_MODE=recommend.,Forecast Dry,,"Forecast Dry,DRY;TELEGRAM_COOLDOWN:Forecast Dry,DRY",OK
2026-06-20 01:23:18,32.0,55.0,20.0,24.0,-4.0,2.1,24.0,24.1,24.6,22.7,-0.0,DRY,ON,20.0,20.0,20.0,Dry Forecast,Forecast dry. Recommend watering soon; pump stays OFF because ML_CONTROL_MODE=recommend.,Forecast Dry,,"Forecast Dry,DRY;TELEGRAM_SENT:Forecast Dry,DRY",OK
2026-06-20 01:23:24,32.0,55.0,20.0,24.0,-4.0,2.1,24.0,24.1,24.6,22.7,-0.0,DRY,ON,20.0,20.0,20.0,Dry Forecast,Forecast dry. Recommend watering soon; pump stays OFF because ML_CONTROL_MODE=recommend.,Forecast Dry,,"Forecast Dry,DRY;TELEGRAM_COOLDOWN:Forecast Dry,DRY",OK
2026-06-20 01:23:29,32.0,55.0,20.0,24.0,-4.0,2.1,24.0,24.1,24.6,22.7,-0.0,DRY,ON,20.0,20.0,20.0,Dry Forecast,Forecast dry. Recommend watering soon; pump stays OFF because ML_CONTROL_MODE=recommend.,Forecast Dry,,"Forecast Dry,DRY;TELEGRAM_SENT:Forecast Dry,DRY",OK
2026-06-20 01:23:35,32.0,55.0,20.0,24.0,-4.0,2.1,24.0,24.1,24.6,22.7,-0.0,DRY,ON,20.0,20.0,20.0,Dry Forecast,Forecast dry. Recommend watering soon; pump stays OFF because ML_CONTROL_MODE=recommend.,Forecast Dry,,"Forecast Dry,DRY;TELEGRAM_COOLDOWN:Forecast Dry,DRY",OK
2026-06-20 01:23:40,32.0,55.0,20.0,24.0,-4.0,2.1,24.0,24.1,24.6,22.7,-0.0,DRY,ON,20.0,20.0,20.0,Dry Forecast,Forecast dry. Recommend watering soon; pump stays OFF because ML_CONTROL_MODE=recommend.,Forecast Dry,,"Forecast Dry,DRY;TELEGRAM_SENT:Forecast Dry,DRY",OK
2026-06-20 01:23:49,32.0,55.0,20.0,24.0,-4.0,2.1,24.0,24.1,24.6,22.7,-0.0,DRY,ON,20.0,20.0,20.0,Dry Forecast,Forecast dry. Recommend watering soon; pump stays OFF because ML_CONTROL_MODE=recommend.,Forecast Dry,,"Forecast Dry,DRY;TELEGRAM_COOLDOWN:Forecast Dry,DRY",OK
2026-06-20 01:23:54,32.0,55.0,20.0,24.0,-4.0,2.1,24.0,24.1,24.6,22.7,-0.0,DRY,ON,20.0,20.0,20.0,Dry Forecast,Forecast dry. Recommend watering soon; pump stays OFF because ML_CONTROL_MODE=recommend.,Forecast Dry,,"Forecast Dry,DRY;TELEGRAM_SENT:Forecast Dry,DRY",OK
2026-06-20 01:23:59,32.0,55.0,20.0,24.0,-4.0,2.1,24.0,24.1,24.6,22.7,-0.0,DRY,ON,20.0,20.0,20.0,Dry Forecast,Forecast dry. Recommend watering soon; pump stays OFF because ML_CONTROL_MODE=recommend.,Forecast Dry,,"Forecast Dry,DRY;TELEGRAM_COOLDOWN:Forecast Dry,DRY",OK
2026-06-20 01:24:04,32.0,55.0,20.0,24.0,-4.0,2.1,24.0,24.1,24.6,22.7,-0.0,DRY,ON,20.0,20.0,20.0,Dry Forecast,Forecast dry. Recommend watering soon; pump stays OFF because ML_CONTROL_MODE=recommend.,Forecast Dry,,"Forecast Dry,DRY;TELEGRAM_SENT:Forecast Dry,DRY",OK
2026-06-20 01:24:10,32.0,55.0,20.0,24.0,-4.0,2.1,24.0,24.1,24.6,22.7,-0.0,DRY,ON,20.0,20.0,20.0,Dry Forecast,Forecast dry. Recommend watering soon; pump stays OFF because ML_CONTROL_MODE=recommend.,Forecast Dry,,"Forecast Dry,DRY;TELEGRAM_COOLDOWN:Forecast Dry,DRY",OK
2026-06-20 01:24:15,32.0,55.0,20.0,24.0,-4.0,2.1,24.0,24.1,24.6,22.7,-0.0,DRY,ON,20.0,20.0,20.0,Dry Forecast,Forecast dry. Recommend watering soon; pump stays OFF because ML_CONTROL_MODE=recommend.,Forecast Dry,,"Forecast Dry,DRY;TELEGRAM_SENT:Forecast Dry,DRY",OK
2026-06-20 01:24:23,32.0,55.0,20.0,24.0,-4.0,2.1,24.0,24.1,24.6,22.7,-0.0,DRY,ON,20.0,20.0,20.0,Dry Forecast,Forecast dry. Recommend watering soon; pump stays OFF because ML_CONTROL_MODE=recommend.,Forecast Dry,,"Forecast Dry,DRY;TELEGRAM_COOLDOWN:Forecast Dry,DRY",OK
2026-06-20 01:24:28,32.0,55.0,20.0,24.0,-4.0,2.1,24.0,24.1,24.6,22.7,-0.0,DRY,ON,20.0,20.0,20.0,Dry Forecast,Forecast dry. Recommend watering soon; pump stays OFF because ML_CONTROL_MODE=recommend.,Forecast Dry,,"Forecast Dry,DRY;TELEGRAM_SENT:Forecast Dry,DRY",OK
2026-06-20 01:24:35,32.0,55.0,20.0,24.0,-4.0,2.1,24.0,24.1,24.6,22.7,-0.0,DRY,ON,20.0,20.0,20.0,Dry Forecast,Forecast dry. Recommend watering soon; pump stays OFF because ML_CONTROL_MODE=recommend.,Forecast Dry,,"Forecast Dry,DRY;TELEGRAM_COOLDOWN:Forecast Dry,DRY",OK
2026-06-20 01:24:40,32.0,55.0,20.0,24.0,-4.0,2.1,24.0,24.1,24.6,22.7,-0.0,DRY,ON,20.0,20.0,20.0,Dry Forecast,Forecast dry. Recommend watering soon; pump stays OFF because ML_CONTROL_MODE=recommend.,Forecast Dry,,"Forecast Dry,DRY;TELEGRAM_SENT:Forecast Dry,DRY",OK
2026-06-20 01:24:46,32.0,55.0,20.0,24.0,-4.0,2.1,24.0,24.1,24.6,22.7,-0.0,DRY,ON,20.0,20.0,20.0,Dry Forecast,Forecast dry. Recommend watering soon; pump stays OFF because ML_CONTROL_MODE=recommend.,Forecast Dry,,"Forecast Dry,DRY;TELEGRAM_COOLDOWN:Forecast Dry,DRY",OK
2026-06-20 01:24:51,32.0,55.0,20.0,24.0,-4.0,2.1,24.0,24.1,24.6,22.7,-0.0,DRY,ON,20.0,20.0,20.0,Dry Forecast,Forecast dry. Recommend watering soon; pump stays OFF because ML_CONTROL_MODE=recommend.,Forecast Dry,,"Forecast Dry,DRY;TELEGRAM_SENT:Forecast Dry,DRY",OK
2026-06-20 01:24:58,32.0,55.0,20.0,24.0,-4.0,2.1,24.0,24.1,24.6,22.7,-0.0,DRY,ON,20.0,20.0,20.0,Dry Forecast,Forecast dry. Recommend watering soon; pump stays OFF because ML_CONTROL_MODE=recommend.,Forecast Dry,,"Forecast Dry,DRY;TELEGRAM_COOLDOWN:Forecast Dry,DRY",OK
2026-06-20 01:25:03,32.0,55.0,20.0,24.0,-4.0,2.1,24.0,24.1,24.6,22.7,-0.0,DRY,ON,20.0,20.0,20.0,Dry Forecast,Forecast dry. Recommend watering soon; pump stays OFF because ML_CONTROL_MODE=recommend.,Forecast Dry,,"Forecast Dry,DRY;TELEGRAM_SENT:Forecast Dry,DRY",OK
2026-06-20 01:25:09,32.0,55.0,20.0,24.0,-4.0,2.1,24.0,24.1,24.6,22.7,-0.0,DRY,ON,20.0,20.0,20.0,Dry Forecast,Forecast dry. Recommend watering soon; pump stays OFF because ML_CONTROL_MODE=recommend.,Forecast Dry,,"Forecast Dry,DRY;TELEGRAM_COOLDOWN:Forecast Dry,DRY",OK
2026-06-20 01:25:14,32.0,55.0,20.0,24.0,-4.0,2.1,24.0,24.1,24.6,22.7,-0.0,DRY,ON,20.0,20.0,20.0,Dry Forecast,Forecast dry. Recommend watering soon; pump stays OFF because ML_CONTROL_MODE=recommend.,Forecast Dry,,"Forecast Dry,DRY;TELEGRAM_SENT:Forecast Dry,DRY",OK
2026-06-20 01:25:20,32.0,55.0,20.0,24.0,-4.0,2.1,24.0,24.1,24.6,22.7,-0.0,DRY,ON,20.0,20.0,20.0,Dry Forecast,Forecast dry. Recommend watering soon; pump stays OFF because ML_CONTROL_MODE=recommend.,Forecast Dry,,"Forecast Dry,DRY;TELEGRAM_COOLDOWN:Forecast Dry,DRY",OK
2026-06-20 01:25:25,32.0,55.0,20.0,24.0,-4.0,2.1,24.0,24.1,24.6,22.7,-0.0,DRY,ON,20.0,20.0,20.0,Dry Forecast,Forecast dry. Recommend watering soon; pump stays OFF because ML_CONTROL_MODE=recommend.,Forecast Dry,,"Forecast Dry,DRY;TELEGRAM_SENT:Forecast Dry,DRY",OK
2026-06-20 01:25:32,32.0,55.0,20.0,24.0,-4.0,2.1,24.0,24.1,24.6,22.7,-0.0,DRY,ON,20.0,20.0,20.0,Dry Forecast,Forecast dry. Recommend watering soon; pump stays OFF because ML_CONTROL_MODE=recommend.,Forecast Dry,,"Forecast Dry,DRY;TELEGRAM_COOLDOWN:Forecast Dry,DRY",OK
2026-06-20 01:25:37,32.0,55.0,20.0,24.0,-4.0,2.1,24.0,24.1,24.6,22.7,-0.0,DRY,ON,20.0,20.0,20.0,Dry Forecast,Forecast dry. Recommend watering soon; pump stays OFF because ML_CONTROL_MODE=recommend.,Forecast Dry,,"Forecast Dry,DRY;TELEGRAM_SENT:Forecast Dry,DRY",OK
2026-06-20 01:25:43,32.0,55.0,20.0,24.0,-4.0,2.1,24.0,24.1,24.6,22.7,-0.0,DRY,ON,20.0,20.0,20.0,Dry Forecast,Forecast dry. Recommend watering soon; pump stays OFF because ML_CONTROL_MODE=recommend.,Forecast Dry,,"Forecast Dry,DRY;TELEGRAM_COOLDOWN:Forecast Dry,DRY",OK
2026-06-20 01:25:48,32.0,55.0,20.0,24.0,-4.0,2.1,24.0,24.1,24.6,22.7,-0.0,DRY,ON,20.0,20.0,20.0,Dry Forecast,Forecast dry. Recommend watering soon; pump stays OFF because ML_CONTROL_MODE=recommend.,Forecast Dry,,"Forecast Dry,DRY;TELEGRAM_SENT:Forecast Dry,DRY",OK
2026-06-20 01:25:54,32.0,55.0,20.0,24.0,-4.0,2.1,24.0,24.1,24.6,22.7,-0.0,DRY,ON,20.0,20.0,20.0,Dry Forecast,Forecast dry. Recommend watering soon; pump stays OFF because ML_CONTROL_MODE=recommend.,Forecast Dry,,"Forecast Dry,DRY;TELEGRAM_COOLDOWN:Forecast Dry,DRY",OK
2026-06-20 01:26:01,32.0,55.0,20.0,24.0,-4.0,2.1,24.0,24.1,24.6,22.7,-0.0,DRY,ON,20.0,20.0,20.0,Dry Forecast,Forecast dry. Recommend watering soon; pump stays OFF because ML_CONTROL_MODE=recommend.,Forecast Dry,,"Forecast Dry,DRY;TELEGRAM_SENT:Forecast Dry,DRY",OK
2026-06-20 01:26:06,32.0,55.0,20.0,24.0,-4.0,2.1,24.0,24.1,24.6,22.7,-0.0,DRY,ON,20.0,20.0,20.0,Dry Forecast,Forecast dry. Recommend watering soon; pump stays OFF because ML_CONTROL_MODE=recommend.,Forecast Dry,,"Forecast Dry,DRY;TELEGRAM_COOLDOWN:Forecast Dry,DRY",OK
2026-06-20 01:26:11,32.0,55.0,20.0,24.0,-4.0,2.1,24.0,24.1,24.6,22.7,-0.0,DRY,ON,20.0,20.0,20.0,Dry Forecast,Forecast dry. Recommend watering soon; pump stays OFF because ML_CONTROL_MODE=recommend.,Forecast Dry,,"Forecast Dry,DRY;TELEGRAM_SENT:Forecast Dry,DRY",OK
2026-06-20 01:26:17,32.0,55.0,20.0,24.0,-4.0,2.1,24.0,24.1,24.6,22.7,-0.0,DRY,ON,20.0,20.0,20.0,Dry Forecast,Forecast dry. Recommend watering soon; pump stays OFF because ML_CONTROL_MODE=recommend.,Forecast Dry,,"Forecast Dry,DRY;TELEGRAM_COOLDOWN:Forecast Dry,DRY",OK
2026-06-20 01:26:22,32.0,55.0,20.0,24.0,-4.0,2.1,24.0,24.1,24.6,22.7,-0.0,DRY,ON,20.0,20.0,20.0,Dry Forecast,Forecast dry. Recommend watering soon; pump stays OFF because ML_CONTROL_MODE=recommend.,Forecast Dry,,"Forecast Dry,DRY;TELEGRAM_SENT:Forecast Dry,DRY",OK
2026-06-20 01:26:28,32.0,55.0,20.0,24.0,-4.0,2.1,24.0,24.1,24.6,22.7,-0.0,DRY,ON,20.0,20.0,20.0,Dry Forecast,Forecast dry. Recommend watering soon; pump stays OFF because ML_CONTROL_MODE=recommend.,Forecast Dry,,"Forecast Dry,DRY;TELEGRAM_COOLDOWN:Forecast Dry,DRY",OK
2026-06-20 01:26:35,32.0,55.0,20.0,24.0,-4.0,2.1,24.0,24.1,24.6,22.7,-0.0,DRY,ON,20.0,20.0,20.0,Dry Forecast,Forecast dry. Recommend watering soon; pump stays OFF because ML_CONTROL_MODE=recommend.,Forecast Dry,,"Forecast Dry,DRY;TELEGRAM_SENT:Forecast Dry,DRY",OK
2026-06-20 01:26:41,32.0,55.0,20.0,24.0,-4.0,2.1,24.0,24.1,24.6,22.7,-0.0,DRY,ON,20.0,20.0,20.0,Dry Forecast,Forecast dry. Recommend watering soon; pump stays OFF because ML_CONTROL_MODE=recommend.,Forecast Dry,,"Forecast Dry,DRY;TELEGRAM_COOLDOWN:Forecast Dry,DRY",OK
2026-06-20 01:26:46,32.0,55.0,20.0,24.0,-4.0,2.1,24.0,24.1,24.6,22.7,-0.0,DRY,ON,20.0,20.0,20.0,Dry Forecast,Forecast dry. Recommend watering soon; pump stays OFF because ML_CONTROL_MODE=recommend.,Forecast Dry,,"Forecast Dry,DRY;TELEGRAM_SENT:Forecast Dry,DRY",OK
2026-06-20 01:26:53,32.0,55.0,20.0,24.0,-4.0,2.1,24.0,24.1,24.6,22.7,-0.0,DRY,ON,20.0,20.0,20.0,Dry Forecast,Forecast dry. Recommend watering soon; pump stays OFF because ML_CONTROL_MODE=recommend.,Forecast Dry,,"Forecast Dry,DRY;TELEGRAM_COOLDOWN:Forecast Dry,DRY",OK
2026-06-20 01:26:58,32.0,55.0,20.0,24.0,-4.0,2.1,24.0,24.1,24.6,22.7,-0.0,DRY,ON,20.0,20.0,20.0,Dry Forecast,Forecast dry. Recommend watering soon; pump stays OFF because ML_CONTROL_MODE=recommend.,Forecast Dry,,"Forecast Dry,DRY;TELEGRAM_SENT:Forecast Dry,DRY",OK
2026-06-20 01:27:03,32.0,55.0,20.0,24.0,-4.0,2.1,24.0,24.1,24.6,22.7,-0.0,DRY,ON,20.0,20.0,20.0,Dry Forecast,Forecast dry. Recommend watering soon; pump stays OFF because ML_CONTROL_MODE=recommend.,Forecast Dry,,"Forecast Dry,DRY;TELEGRAM_COOLDOWN:Forecast Dry,DRY",OK
2026-06-20 01:27:10,32.0,55.0,20.0,24.0,-4.0,2.1,24.0,24.1,24.6,22.7,-0.0,DRY,ON,20.0,20.0,20.0,Dry Forecast,Forecast dry. Recommend watering soon; pump stays OFF because ML_CONTROL_MODE=recommend.,Forecast Dry,,"Forecast Dry,DRY;TELEGRAM_SENT:Forecast Dry,DRY",OK
2026-06-20 01:27:16,32.0,55.0,20.0,24.0,-4.0,2.1,24.0,24.1,24.6,22.7,-0.0,DRY,ON,20.0,20.0,20.0,Dry Forecast,Forecast dry. Recommend watering soon; pump stays OFF because ML_CONTROL_MODE=recommend.,Forecast Dry,,"Forecast Dry,DRY;TELEGRAM_COOLDOWN:Forecast Dry,DRY",OK
2026-06-20 01:27:21,32.0,55.0,20.0,24.0,-4.0,2.1,24.0,24.1,24.6,22.7,-0.0,DRY,ON,20.0,20.0,20.0,Dry Forecast,Forecast dry. Recommend watering soon; pump stays OFF because ML_CONTROL_MODE=recommend.,Forecast Dry,,"Forecast Dry,DRY;TELEGRAM_SENT:Forecast Dry,DRY",OK
2026-06-20 01:27:27,32.0,55.0,20.0,24.0,-4.0,2.1,24.0,24.1,24.6,22.7,-0.0,DRY,ON,20.0,20.0,20.0,Dry Forecast,Forecast dry. Recommend watering soon; pump stays OFF because ML_CONTROL_MODE=recommend.,Forecast Dry,,"Forecast Dry,DRY;TELEGRAM_COOLDOWN:Forecast Dry,DRY",OK
2026-06-20 01:27:32,32.0,55.0,20.0,24.0,-4.0,2.1,24.0,24.1,24.6,22.7,-0.0,DRY,ON,20.0,20.0,20.0,Dry Forecast,Forecast dry. Recommend watering soon; pump stays OFF because ML_CONTROL_MODE=recommend.,Forecast Dry,,"Forecast Dry,DRY;TELEGRAM_SENT:Forecast Dry,DRY",OK
2026-06-20 01:27:38,32.0,55.0,20.0,24.0,-4.0,2.1,24.0,24.1,24.6,22.7,-0.0,DRY,ON,20.0,20.0,20.0,Dry Forecast,Forecast dry. Recommend watering soon; pump stays OFF because ML_CONTROL_MODE=recommend.,Forecast Dry,,"Forecast Dry,DRY;TELEGRAM_COOLDOWN:Forecast Dry,DRY",OK
2026-06-20 01:27:45,32.0,55.0,20.0,24.0,-4.0,2.1,24.0,24.1,24.6,22.7,-0.0,DRY,ON,20.0,20.0,20.0,Dry Forecast,Forecast dry. Recommend watering soon; pump stays OFF because ML_CONTROL_MODE=recommend.,Forecast Dry,,"Forecast Dry,DRY;TELEGRAM_SENT:Forecast Dry,DRY",OK
2026-06-20 01:27:51,32.0,55.0,20.0,24.0,-4.0,2.1,24.0,24.1,24.6,22.7,-0.0,DRY,ON,20.0,20.0,20.0,Dry Forecast,Forecast dry. Recommend watering soon; pump stays OFF because ML_CONTROL_MODE=recommend.,Forecast Dry,,"Forecast Dry,DRY;TELEGRAM_COOLDOWN:Forecast Dry,DRY",OK
2026-06-20 01:27:56,32.0,55.0,20.0,24.0,-4.0,2.1,24.0,24.1,24.6,22.7,-0.0,DRY,ON,20.0,20.0,20.0,Dry Forecast,Forecast dry. Recommend watering soon; pump stays OFF because ML_CONTROL_MODE=recommend.,Forecast Dry,,"Forecast Dry,DRY;TELEGRAM_SENT:Forecast Dry,DRY",OK
2026-06-20 01:28:02,32.0,55.0,20.0,24.0,-4.0,2.1,24.0,24.1,24.6,22.7,-0.0,DRY,ON,20.0,20.0,20.0,Dry Forecast,Forecast dry. Recommend watering soon; pump stays OFF because ML_CONTROL_MODE=recommend.,Forecast Dry,,"Forecast Dry,DRY;TELEGRAM_COOLDOWN:Forecast Dry,DRY",OK
2026-06-20 01:28:07,32.0,55.0,20.0,24.0,-4.0,2.1,24.0,24.1,24.6,22.7,-0.0,DRY,ON,20.0,20.0,20.0,Dry Forecast,Forecast dry. Recommend watering soon; pump stays OFF because ML_CONTROL_MODE=recommend.,Forecast Dry,,"Forecast Dry,DRY;TELEGRAM_SENT:Forecast Dry,DRY",OK
2026-06-20 01:28:13,32.0,55.0,20.0,24.0,-4.0,2.1,24.0,24.1,24.6,22.7,-0.0,DRY,ON,20.0,20.0,20.0,Dry Forecast,Forecast dry. Recommend watering soon; pump stays OFF because ML_CONTROL_MODE=recommend.,Forecast Dry,,"Forecast Dry,DRY;TELEGRAM_COOLDOWN:Forecast Dry,DRY",OK
2026-06-20 01:28:18,32.0,55.0,20.0,24.0,-4.0,2.1,24.0,24.1,24.6,22.7,-0.0,DRY,ON,20.0,20.0,20.0,Dry Forecast,Forecast dry. Recommend watering soon; pump stays OFF because ML_CONTROL_MODE=recommend.,Forecast Dry,,"Forecast Dry,DRY;TELEGRAM_SENT:Forecast Dry,DRY",OK
2026-06-20 01:28:24,32.0,55.0,20.0,24.0,-4.0,2.1,24.0,24.1,24.6,22.7,-0.0,DRY,ON,20.0,20.0,20.0,Dry Forecast,Forecast dry. Recommend watering soon; pump stays OFF because ML_CONTROL_MODE=recommend.,Forecast Dry,,"Forecast Dry,DRY;TELEGRAM_COOLDOWN:Forecast Dry,DRY",OK
2026-06-20 01:28:29,32.0,55.0,20.0,24.0,-4.0,2.1,24.0,24.1,24.6,22.7,-0.0,DRY,ON,20.0,20.0,20.0,Dry Forecast,Forecast dry. Recommend watering soon; pump stays OFF because ML_CONTROL_MODE=recommend.,Forecast Dry,,"Forecast Dry,DRY;TELEGRAM_SENT:Forecast Dry,DRY",OK
2026-06-20 01:28:37,32.0,55.0,20.0,24.0,-4.0,2.1,24.0,24.1,24.6,22.7,-0.0,DRY,ON,20.0,20.0,20.0,Dry Forecast,Forecast dry. Recommend watering soon; pump stays OFF because ML_CONTROL_MODE=recommend.,Forecast Dry,,"Forecast Dry,DRY;TELEGRAM_COOLDOWN:Forecast Dry,DRY",OK
2026-06-20 01:28:42,32.0,55.0,20.0,24.0,-4.0,2.1,24.0,24.1,24.6,22.7,-0.0,DRY,ON,20.0,20.0,20.0,Dry Forecast,Forecast dry. Recommend watering soon; pump stays OFF because ML_CONTROL_MODE=recommend.,Forecast Dry,,"Forecast Dry,DRY;TELEGRAM_SENT:Forecast Dry,DRY",OK
2026-06-20 01:28:48,32.0,55.0,20.0,24.0,-4.0,2.1,24.0,24.1,24.6,22.7,-0.0,DRY,ON,20.0,20.0,20.0,Dry Forecast,Forecast dry. Recommend watering soon; pump stays OFF because ML_CONTROL_MODE=recommend.,Forecast Dry,,"Forecast Dry,DRY;TELEGRAM_COOLDOWN:Forecast Dry,DRY",OK
2026-06-20 01:28:53,32.0,55.0,20.0,24.0,-4.0,2.1,24.0,24.1,24.6,22.7,-0.0,DRY,ON,20.0,20.0,20.0,Dry Forecast,Forecast dry. Recommend watering soon; pump stays OFF because ML_CONTROL_MODE=recommend.,Forecast Dry,,"Forecast Dry,DRY;TELEGRAM_SENT:Forecast Dry,DRY",OK
2026-06-20 01:28:59,32.0,55.0,20.0,24.0,-4.0,2.1,24.0,24.1,24.6,22.7,-0.0,DRY,ON,20.0,20.0,20.0,Dry Forecast,Forecast dry. Recommend watering soon; pump stays OFF because ML_CONTROL_MODE=recommend.,Forecast Dry,,"Forecast Dry,DRY;TELEGRAM_COOLDOWN:Forecast Dry,DRY",OK
2026-06-20 01:29:04,32.0,55.0,20.0,24.0,-4.0,2.1,24.0,24.1,24.6,22.7,-0.0,DRY,ON,20.0,20.0,20.0,Dry Forecast,Forecast dry. Recommend watering soon; pump stays OFF because ML_CONTROL_MODE=recommend.,Forecast Dry,,"Forecast Dry,DRY;TELEGRAM_SENT:Forecast Dry,DRY",OK
2026-06-20 01:29:12,32.0,55.0,20.0,24.0,-4.0,2.1,24.0,24.1,24.6,22.7,-0.0,DRY,ON,20.0,20.0,20.0,Dry Forecast,Forecast dry. Recommend watering soon; pump stays OFF because ML_CONTROL_MODE=recommend.,Forecast Dry,,"Forecast Dry,DRY;TELEGRAM_COOLDOWN:Forecast Dry,DRY",OK
2026-06-20 01:29:17,32.0,55.0,20.0,24.0,-4.0,2.1,24.0,24.1,24.6,22.7,-0.0,DRY,ON,20.0,20.0,20.0,Dry Forecast,Forecast dry. Recommend watering soon; pump stays OFF because ML_CONTROL_MODE=recommend.,Forecast Dry,,"Forecast Dry,DRY;TELEGRAM_SENT:Forecast Dry,DRY",OK
2026-06-20 01:29:24,32.0,55.0,20.0,24.0,-4.0,2.1,24.0,24.1,24.6,22.7,-0.0,DRY,ON,20.0,20.0,20.0,Dry Forecast,Forecast dry. Recommend watering soon; pump stays OFF because ML_CONTROL_MODE=recommend.,Forecast Dry,,"Forecast Dry,DRY;TELEGRAM_COOLDOWN:Forecast Dry,DRY",OK
2026-06-20 01:29:29,32.0,55.0,20.0,24.0,-4.0,2.1,24.0,24.1,24.6,22.7,-0.0,DRY,ON,20.0,20.0,20.0,Dry Forecast,Forecast dry. Recommend watering soon; pump stays OFF because ML_CONTROL_MODE=recommend.,Forecast Dry,,"Forecast Dry,DRY;TELEGRAM_SENT:Forecast Dry,DRY",OK
2026-06-20 01:29:35,32.0,55.0,20.0,24.0,-4.0,2.1,24.0,24.1,24.6,22.7,-0.0,DRY,ON,20.0,20.0,20.0,Dry Forecast,Forecast dry. Recommend watering soon; pump stays OFF because ML_CONTROL_MODE=recommend.,Forecast Dry,,"Forecast Dry,DRY;TELEGRAM_COOLDOWN:Forecast Dry,DRY",OK
2026-06-20 01:29:41,32.0,55.0,20.0,24.0,-4.0,2.1,24.0,24.1,24.6,22.7,-0.0,DRY,ON,20.0,20.0,20.0,Dry Forecast,Forecast dry. Recommend watering soon; pump stays OFF because ML_CONTROL_MODE=recommend.,Forecast Dry,,"Forecast Dry,DRY;TELEGRAM_SENT:Forecast Dry,DRY",OK
2026-06-20 01:29:47,32.0,55.0,20.0,24.0,-4.0,2.1,24.0,24.1,24.6,22.7,-0.0,DRY,ON,20.0,20.0,20.0,Dry Forecast,Forecast dry. Recommend watering soon; pump stays OFF because ML_CONTROL_MODE=recommend.,Forecast Dry,,"Forecast Dry,DRY;TELEGRAM_COOLDOWN:Forecast Dry,DRY",OK
2026-06-20 01:29:52,32.0,55.0,20.0,24.0,-4.0,2.1,24.0,24.1,24.6,22.7,-0.0,DRY,ON,20.0,20.0,20.0,Dry Forecast,Forecast dry. Recommend watering soon; pump stays OFF because ML_CONTROL_MODE=recommend.,Forecast Dry,,"Forecast Dry,DRY;TELEGRAM_SENT:Forecast Dry,DRY",OK
2026-06-20 01:29:58,32.0,55.0,20.0,24.0,-4.0,2.1,24.0,24.1,24.6,22.7,-0.0,DRY,ON,20.0,20.0,20.0,Dry Forecast,Forecast dry. Recommend watering soon; pump stays OFF because ML_CONTROL_MODE=recommend.,Forecast Dry,,"Forecast Dry,DRY;TELEGRAM_COOLDOWN:Forecast Dry,DRY",OK
2026-06-20 01:30:03,32.0,55.0,20.0,24.0,-4.0,2.1,24.0,24.1,24.6,22.7,-0.0,DRY,ON,20.0,20.0,20.0,Dry Forecast,Forecast dry. Recommend watering soon; pump stays OFF because ML_CONTROL_MODE=recommend.,Forecast Dry,,"Forecast Dry,DRY;TELEGRAM_SENT:Forecast Dry,DRY",OK
2026-06-20 01:30:09,32.0,55.0,20.0,24.0,-4.0,2.1,24.0,24.1,24.6,22.7,-0.0,DRY,ON,20.0,20.0,20.0,Dry Forecast,Forecast dry. Recommend watering soon; pump stays OFF because ML_CONTROL_MODE=recommend.,Forecast Dry,,"Forecast Dry,DRY;TELEGRAM_COOLDOWN:Forecast Dry,DRY",OK
2026-06-20 01:30:16,32.0,55.0,20.0,24.0,-4.0,2.1,24.0,24.1,24.6,22.7,-0.0,DRY,ON,20.0,20.0,20.0,Dry Forecast,Forecast dry. Recommend watering soon; pump stays OFF because ML_CONTROL_MODE=recommend.,Forecast Dry,,"Forecast Dry,DRY;TELEGRAM_SENT:Forecast Dry,DRY",OK
2026-06-20 01:30:22,32.0,55.0,20.0,24.0,-4.0,2.1,24.0,24.1,24.6,22.7,-0.0,DRY,ON,20.0,20.0,20.0,Dry Forecast,Forecast dry. Recommend watering soon; pump stays OFF because ML_CONTROL_MODE=recommend.,Forecast Dry,,"Forecast Dry,DRY;TELEGRAM_COOLDOWN:Forecast Dry,DRY",OK
2026-06-20 01:30:27,32.0,55.0,20.0,24.0,-4.0,2.1,24.0,24.1,24.6,22.7,-0.0,DRY,ON,20.0,20.0,20.0,Dry Forecast,Forecast dry. Recommend watering soon; pump stays OFF because ML_CONTROL_MODE=recommend.,Forecast Dry,,"Forecast Dry,DRY;TELEGRAM_SENT:Forecast Dry,DRY",OK
2026-06-20 01:30:34,32.0,55.0,20.0,24.0,-4.0,2.1,24.0,24.1,24.6,22.7,-0.0,DRY,ON,20.0,20.0,20.0,Dry Forecast,Forecast dry. Recommend watering soon; pump stays OFF because ML_CONTROL_MODE=recommend.,Forecast Dry,,"Forecast Dry,DRY;TELEGRAM_COOLDOWN:Forecast Dry,DRY",OK
2026-06-20 01:30:39,32.0,55.0,20.0,24.0,-4.0,2.1,24.0,24.1,24.6,22.7,-0.0,DRY,ON,20.0,20.0,20.0,Dry Forecast,Forecast dry. Recommend watering soon; pump stays OFF because ML_CONTROL_MODE=recommend.,Forecast Dry,,"Forecast Dry,DRY;TELEGRAM_SENT:Forecast Dry,DRY",OK
2026-06-20 01:30:45,32.0,55.0,20.0,24.0,-4.0,2.1,24.0,24.1,24.6,22.7,-0.0,DRY,ON,20.0,20.0,20.0,Dry Forecast,Forecast dry. Recommend watering soon; pump stays OFF because ML_CONTROL_MODE=recommend.,Forecast Dry,,"Forecast Dry,DRY;TELEGRAM_COOLDOWN:Forecast Dry,DRY",OK
2026-06-20 01:30:52,32.0,55.0,20.0,24.0,-4.0,2.1,24.0,24.1,24.6,22.7,-0.0,DRY,ON,20.0,20.0,20.0,Dry Forecast,Forecast dry. Recommend watering soon; pump stays OFF because ML_CONTROL_MODE=recommend.,Forecast Dry,,"Forecast Dry,DRY;TELEGRAM_SENT:Forecast Dry,DRY",OK
2026-06-20 01:30:58,32.0,55.0,20.0,24.0,-4.0,2.1,24.0,24.1,24.6,22.7,-0.0,DRY,ON,20.0,20.0,20.0,Dry Forecast,Forecast dry. Recommend watering soon; pump stays OFF because ML_CONTROL_MODE=recommend.,Forecast Dry,,"Forecast Dry,DRY;TELEGRAM_COOLDOWN:Forecast Dry,DRY",OK
2026-06-20 01:31:03,32.0,55.0,20.0,24.0,-4.0,2.1,24.0,24.1,24.6,22.7,-0.0,DRY,ON,20.0,20.0,20.0,Dry Forecast,Forecast dry. Recommend watering soon; pump stays OFF because ML_CONTROL_MODE=recommend.,Forecast Dry,,"Forecast Dry,DRY;TELEGRAM_SENT:Forecast Dry,DRY",OK
2026-06-20 01:31:09,32.0,55.0,20.0,24.0,-4.0,2.1,24.0,24.1,24.6,22.7,-0.0,DRY,ON,20.0,20.0,20.0,Dry Forecast,Forecast dry. Recommend watering soon; pump stays OFF because ML_CONTROL_MODE=recommend.,Forecast Dry,,"Forecast Dry,DRY;TELEGRAM_COOLDOWN:Forecast Dry,DRY",OK
2026-06-20 01:31:14,32.0,55.0,20.0,24.0,-4.0,2.1,24.0,24.1,24.6,22.7,-0.0,DRY,ON,20.0,20.0,20.0,Dry Forecast,Forecast dry. Recommend watering soon; pump stays OFF because ML_CONTROL_MODE=recommend.,Forecast Dry,,"Forecast Dry,DRY;TELEGRAM_SENT:Forecast Dry,DRY",OK
2026-06-20 01:31:20,32.0,55.0,20.0,24.0,-4.0,2.1,24.0,24.1,24.6,22.7,-0.0,DRY,ON,20.0,20.0,20.0,Dry Forecast,Forecast dry. Recommend watering soon; pump stays OFF because ML_CONTROL_MODE=recommend.,Forecast Dry,,"Forecast Dry,DRY;TELEGRAM_COOLDOWN:Forecast Dry,DRY",OK
2026-06-20 01:31:27,32.0,55.0,20.0,24.0,-4.0,2.1,24.0,24.1,24.6,22.7,-0.0,DRY,ON,20.0,20.0,20.0,Dry Forecast,Forecast dry. Recommend watering soon; pump stays OFF because ML_CONTROL_MODE=recommend.,Forecast Dry,,"Forecast Dry,DRY;TELEGRAM_SENT:Forecast Dry,DRY",OK
2026-06-20 01:31:33,32.0,55.0,20.0,24.0,-4.0,2.1,24.0,24.1,24.6,22.7,-0.0,DRY,ON,20.0,20.0,20.0,Dry Forecast,Forecast dry. Recommend watering soon; pump stays OFF because ML_CONTROL_MODE=recommend.,Forecast Dry,,"Forecast Dry,DRY;TELEGRAM_COOLDOWN:Forecast Dry,DRY",OK
2026-06-20 01:31:38,32.0,55.0,20.0,24.0,-4.0,2.1,24.0,24.1,24.6,22.7,-0.0,DRY,ON,20.0,20.0,20.0,Dry Forecast,Forecast dry. Recommend watering soon; pump stays OFF because ML_CONTROL_MODE=recommend.,Forecast Dry,,"Forecast Dry,DRY;TELEGRAM_SENT:Forecast Dry,DRY",OK
2026-06-20 01:31:43,32.0,55.0,20.0,24.0,-4.0,2.1,24.0,24.1,24.6,22.7,-0.0,DRY,ON,20.0,20.0,20.0,Dry Forecast,Forecast dry. Recommend watering soon; pump stays OFF because ML_CONTROL_MODE=recommend.,Forecast Dry,,"Forecast Dry,DRY;TELEGRAM_COOLDOWN:Forecast Dry,DRY",OK
2026-06-20 01:31:48,32.0,55.0,20.0,24.0,-4.0,2.1,24.0,24.1,24.6,22.7,-0.0,DRY,ON,20.0,20.0,20.0,Dry Forecast,Forecast dry. Recommend watering soon; pump stays OFF because ML_CONTROL_MODE=recommend.,Forecast Dry,,"Forecast Dry,DRY;TELEGRAM_SENT:Forecast Dry,DRY",OK
2026-06-20 01:31:54,32.0,55.0,20.0,24.0,-4.0,2.1,24.0,24.1,24.6,22.7,-0.0,DRY,ON,20.0,20.0,20.0,Dry Forecast,Forecast dry. Recommend watering soon; pump stays OFF because ML_CONTROL_MODE=recommend.,Forecast Dry,,"Forecast Dry,DRY;TELEGRAM_COOLDOWN:Forecast Dry,DRY",OK
2026-06-20 01:32:01,32.0,55.0,20.0,24.0,-4.0,2.1,24.0,24.1,24.6,22.7,-0.0,DRY,ON,20.0,20.0,20.0,Dry Forecast,Forecast dry. Recommend watering soon; pump stays OFF because ML_CONTROL_MODE=recommend.,Forecast Dry,,"Forecast Dry,DRY;TELEGRAM_SENT:Forecast Dry,DRY",OK
2026-06-20 01:32:07,32.0,55.0,20.0,24.0,-4.0,2.1,24.0,24.1,24.6,22.7,-0.0,DRY,ON,20.0,20.0,20.0,Dry Forecast,Forecast dry. Recommend watering soon; pump stays OFF because ML_CONTROL_MODE=recommend.,Forecast Dry,,"Forecast Dry,DRY;TELEGRAM_COOLDOWN:Forecast Dry,DRY",OK
2026-06-20 01:32:12,32.0,55.0,20.0,24.0,-4.0,2.1,24.0,24.1,24.6,22.7,-0.0,DRY,ON,20.0,20.0,20.0,Dry Forecast,Forecast dry. Recommend watering soon; pump stays OFF because ML_CONTROL_MODE=recommend.,Forecast Dry,,"Forecast Dry,DRY;TELEGRAM_SENT:Forecast Dry,DRY",OK
2026-06-20 01:32:18,32.0,55.0,20.0,24.0,-4.0,2.1,24.0,24.1,24.6,22.7,-0.0,DRY,ON,20.0,20.0,20.0,Dry Forecast,Forecast dry. Recommend watering soon; pump stays OFF because ML_CONTROL_MODE=recommend.,Forecast Dry,,"Forecast Dry,DRY;TELEGRAM_COOLDOWN:Forecast Dry,DRY",OK
2026-06-20 01:32:23,32.0,55.0,20.0,24.0,-4.0,2.1,24.0,24.1,24.6,22.7,-0.0,DRY,ON,20.0,20.0,20.0,Dry Forecast,Forecast dry. Recommend watering soon; pump stays OFF because ML_CONTROL_MODE=recommend.,Forecast Dry,,"Forecast Dry,DRY;TELEGRAM_SENT:Forecast Dry,DRY",OK
2026-06-20 01:32:31,32.0,55.0,20.0,24.0,-4.0,2.1,24.0,24.1,24.6,22.7,-0.0,DRY,ON,20.0,20.0,20.0,Dry Forecast,Forecast dry. Recommend watering soon; pump stays OFF because ML_CONTROL_MODE=recommend.,Forecast Dry,,"Forecast Dry,DRY;TELEGRAM_COOLDOWN:Forecast Dry,DRY",OK
2026-06-20 01:32:36,32.0,55.0,20.0,24.0,-4.0,2.1,24.0,24.1,24.6,22.7,-0.0,DRY,ON,20.0,20.0,20.0,Dry Forecast,Forecast dry. Recommend watering soon; pump stays OFF because ML_CONTROL_MODE=recommend.,Forecast Dry,,"Forecast Dry,DRY;TELEGRAM_SENT:Forecast Dry,DRY",OK
2026-06-20 01:32:42,32.0,55.0,20.0,24.0,-4.0,2.1,24.0,24.1,24.6,22.7,-0.0,DRY,ON,20.0,20.0,20.0,Dry Forecast,Forecast dry. Recommend watering soon; pump stays OFF because ML_CONTROL_MODE=recommend.,Forecast Dry,,"Forecast Dry,DRY;TELEGRAM_COOLDOWN:Forecast Dry,DRY",OK
2026-06-20 01:32:47,32.0,55.0,20.0,24.0,-4.0,2.1,24.0,24.1,24.6,22.7,-0.0,DRY,ON,20.0,20.0,20.0,Dry Forecast,Forecast dry. Recommend watering soon; pump stays OFF because ML_CONTROL_MODE=recommend.,Forecast Dry,,"Forecast Dry,DRY;TELEGRAM_SENT:Forecast Dry,DRY",OK
2026-06-20 01:32:53,32.0,55.0,20.0,24.0,-4.0,2.1,24.0,24.1,24.6,22.7,-0.0,DRY,ON,20.0,20.0,20.0,Dry Forecast,Forecast dry. Recommend watering soon; pump stays OFF because ML_CONTROL_MODE=recommend.,Forecast Dry,,"Forecast Dry,DRY;TELEGRAM_COOLDOWN:Forecast Dry,DRY",OK
2026-06-20 01:32:58,32.0,55.0,20.0,24.0,-4.0,2.1,24.0,24.1,24.6,22.7,-0.0,DRY,ON,20.0,20.0,20.0,Dry Forecast,Forecast dry. Recommend watering soon; pump stays OFF because ML_CONTROL_MODE=recommend.,Forecast Dry,,"Forecast Dry,DRY;TELEGRAM_SENT:Forecast Dry,DRY",OK
2026-06-20 01:33:06,32.0,55.0,20.0,24.0,-4.0,2.1,24.0,24.1,24.6,22.7,-0.0,DRY,ON,20.0,20.0,20.0,Dry Forecast,Forecast dry. Recommend watering soon; pump stays OFF because ML_CONTROL_MODE=recommend.,Forecast Dry,,"Forecast Dry,DRY;TELEGRAM_COOLDOWN:Forecast Dry,DRY",OK
2026-06-20 01:33:11,32.0,55.0,20.0,24.0,-4.0,2.1,24.0,24.1,24.6,22.7,-0.0,DRY,ON,20.0,20.0,20.0,Dry Forecast,Forecast dry. Recommend watering soon; pump stays OFF because ML_CONTROL_MODE=recommend.,Forecast Dry,,"Forecast Dry,DRY;TELEGRAM_SENT:Forecast Dry,DRY",OK
2026-06-20 01:33:17,32.0,55.0,20.0,24.0,-4.0,2.1,24.0,24.1,24.6,22.7,-0.0,DRY,ON,20.0,20.0,20.0,Dry Forecast,Forecast dry. Recommend watering soon; pump stays OFF because ML_CONTROL_MODE=recommend.,Forecast Dry,,"Forecast Dry,DRY;TELEGRAM_COOLDOWN:Forecast Dry,DRY",OK
2026-06-20 01:33:22,32.0,55.0,20.0,24.0,-4.0,2.1,24.0,24.1,24.6,22.7,-0.0,DRY,ON,20.0,20.0,20.0,Dry Forecast,Forecast dry. Recommend watering soon; pump stays OFF because ML_CONTROL_MODE=recommend.,Forecast Dry,,"Forecast Dry,DRY;TELEGRAM_SENT:Forecast Dry,DRY",OK
2026-06-20 01:33:27,32.0,55.0,20.0,24.0,-4.0,2.1,24.0,24.1,24.6,22.7,-0.0,DRY,ON,20.0,20.0,20.0,Dry Forecast,Forecast dry. Recommend watering soon; pump stays OFF because ML_CONTROL_MODE=recommend.,Forecast Dry,,"Forecast Dry,DRY;TELEGRAM_COOLDOWN:Forecast Dry,DRY",OK
2026-06-20 01:33:32,32.0,55.0,20.0,24.0,-4.0,2.1,24.0,24.1,24.6,22.7,-0.0,DRY,ON,20.0,20.0,20.0,Dry Forecast,Forecast dry. Recommend watering soon; pump stays OFF because ML_CONTROL_MODE=recommend.,Forecast Dry,,"Forecast Dry,DRY;TELEGRAM_SENT:Forecast Dry,DRY",OK
2026-06-20 01:33:40,32.0,55.0,20.0,24.0,-4.0,2.1,24.0,24.1,24.6,22.7,-0.0,DRY,ON,20.0,20.0,20.0,Dry Forecast,Forecast dry. Recommend watering soon; pump stays OFF because ML_CONTROL_MODE=recommend.,Forecast Dry,,"Forecast Dry,DRY;TELEGRAM_COOLDOWN:Forecast Dry,DRY",OK
2026-06-20 01:33:45,32.0,55.0,20.0,24.0,-4.0,2.1,24.0,24.1,24.6,22.7,-0.0,DRY,ON,20.0,20.0,20.0,Dry Forecast,Forecast dry. Recommend watering soon; pump stays OFF because ML_CONTROL_MODE=recommend.,Forecast Dry,,"Forecast Dry,DRY;TELEGRAM_SENT:Forecast Dry,DRY",OK
2026-06-20 01:33:51,32.0,55.0,20.0,24.0,-4.0,2.1,24.0,24.1,24.6,22.7,-0.0,DRY,ON,20.0,20.0,20.0,Dry Forecast,Forecast dry. Recommend watering soon; pump stays OFF because ML_CONTROL_MODE=recommend.,Forecast Dry,,"Forecast Dry,DRY;TELEGRAM_COOLDOWN:Forecast Dry,DRY",OK
2026-06-20 01:33:56,32.0,55.0,20.0,24.0,-4.0,2.1,24.0,24.1,24.6,22.7,-0.0,DRY,ON,20.0,20.0,20.0,Dry Forecast,Forecast dry. Recommend watering soon; pump stays OFF because ML_CONTROL_MODE=recommend.,Forecast Dry,,"Forecast Dry,DRY;TELEGRAM_SENT:Forecast Dry,DRY",OK
2026-06-20 01:34:02,32.0,55.0,20.0,24.0,-4.0,2.1,24.0,24.1,24.6,22.7,-0.0,DRY,ON,20.0,20.0,20.0,Dry Forecast,Forecast dry. Recommend watering soon; pump stays OFF because ML_CONTROL_MODE=recommend.,Forecast Dry,,"Forecast Dry,DRY;TELEGRAM_COOLDOWN:Forecast Dry,DRY",OK
2026-06-20 01:34:07,32.0,55.0,20.0,24.0,-4.0,2.1,24.0,24.1,24.6,22.7,-0.0,DRY,ON,20.0,20.0,20.0,Dry Forecast,Forecast dry. Recommend watering soon; pump stays OFF because ML_CONTROL_MODE=recommend.,Forecast Dry,,"Forecast Dry,DRY;TELEGRAM_SENT:Forecast Dry,DRY",OK
2026-06-20 01:34:14,32.0,55.0,20.0,24.0,-4.0,2.1,24.0,24.1,24.6,22.7,-0.0,DRY,ON,20.0,20.0,20.0,Dry Forecast,Forecast dry. Recommend watering soon; pump stays OFF because ML_CONTROL_MODE=recommend.,Forecast Dry,,"Forecast Dry,DRY;TELEGRAM_COOLDOWN:Forecast Dry,DRY",OK
2026-06-20 01:34:19,32.0,55.0,20.0,24.0,-4.0,2.1,24.0,24.1,24.6,22.7,-0.0,DRY,ON,20.0,20.0,20.0,Dry Forecast,Forecast dry. Recommend watering soon; pump stays OFF because ML_CONTROL_MODE=recommend.,Forecast Dry,,"Forecast Dry,DRY;TELEGRAM_SENT:Forecast Dry,DRY",OK
2026-06-20 01:34:25,32.0,55.0,20.0,24.0,-4.0,2.1,24.0,24.1,24.6,22.7,-0.0,DRY,ON,20.0,20.0,20.0,Dry Forecast,Forecast dry. Recommend watering soon; pump stays OFF because ML_CONTROL_MODE=recommend.,Forecast Dry,,"Forecast Dry,DRY;TELEGRAM_COOLDOWN:Forecast Dry,DRY",OK
2026-06-20 01:34:30,32.0,55.0,20.0,24.0,-4.0,2.1,24.0,24.1,24.6,22.7,-0.0,DRY,ON,20.0,20.0,20.0,Dry Forecast,Forecast dry. Recommend watering soon; pump stays OFF because ML_CONTROL_MODE=recommend.,Forecast Dry,,"Forecast Dry,DRY;TELEGRAM_SENT:Forecast Dry,DRY",OK
2026-06-20 01:34:36,32.0,55.0,20.0,24.0,-4.0,2.1,24.0,24.1,24.6,22.7,-0.0,DRY,ON,20.0,20.0,20.0,Dry Forecast,Forecast dry. Recommend watering soon; pump stays OFF because ML_CONTROL_MODE=recommend.,Forecast Dry,,"Forecast Dry,DRY;TELEGRAM_COOLDOWN:Forecast Dry,DRY",OK
2026-06-20 01:34:41,32.0,55.0,20.0,24.0,-4.0,2.1,24.0,24.1,24.6,22.7,-0.0,DRY,ON,20.0,20.0,20.0,Dry Forecast,Forecast dry. Recommend watering soon; pump stays OFF because ML_CONTROL_MODE=recommend.,Forecast Dry,,"Forecast Dry,DRY;TELEGRAM_SENT:Forecast Dry,DRY",OK
2026-06-20 01:34:48,32.0,55.0,20.0,24.0,-4.0,2.1,24.0,24.1,24.6,22.7,-0.0,DRY,ON,20.0,20.0,20.0,Dry Forecast,Forecast dry. Recommend watering soon; pump stays OFF because ML_CONTROL_MODE=recommend.,Forecast Dry,,"Forecast Dry,DRY;TELEGRAM_COOLDOWN:Forecast Dry,DRY",OK
2026-06-20 01:34:53,32.0,55.0,20.0,24.0,-4.0,2.1,24.0,24.1,24.6,22.7,-0.0,DRY,ON,20.0,20.0,20.0,Dry Forecast,Forecast dry. Recommend watering soon; pump stays OFF because ML_CONTROL_MODE=recommend.,Forecast Dry,,"Forecast Dry,DRY;TELEGRAM_SENT:Forecast Dry,DRY",OK
2026-06-20 01:34:59,32.0,55.0,20.0,24.0,-4.0,2.1,24.0,24.1,24.6,22.7,-0.0,DRY,ON,20.0,20.0,20.0,Dry Forecast,Forecast dry. Recommend watering soon; pump stays OFF because ML_CONTROL_MODE=recommend.,Forecast Dry,,"Forecast Dry,DRY;TELEGRAM_COOLDOWN:Forecast Dry,DRY",OK
2026-06-20 01:35:04,32.0,55.0,20.0,24.0,-4.0,2.1,24.0,24.1,24.6,22.7,-0.0,DRY,ON,20.0,20.0,20.0,Dry Forecast,Forecast dry. Recommend watering soon; pump stays OFF because ML_CONTROL_MODE=recommend.,Forecast Dry,,"Forecast Dry,DRY;TELEGRAM_SENT:Forecast Dry,DRY",OK
2026-06-20 01:35:10,32.0,55.0,20.0,24.0,-4.0,2.1,24.0,24.1,24.6,22.7,-0.0,DRY,ON,20.0,20.0,20.0,Dry Forecast,Forecast dry. Recommend watering soon; pump stays OFF because ML_CONTROL_MODE=recommend.,Forecast Dry,,"Forecast Dry,DRY;TELEGRAM_COOLDOWN:Forecast Dry,DRY",OK
2026-06-20 01:35:15,32.0,55.0,20.0,24.0,-4.0,2.1,24.0,24.1,24.6,22.7,-0.0,DRY,ON,20.0,20.0,20.0,Dry Forecast,Forecast dry. Recommend watering soon; pump stays OFF because ML_CONTROL_MODE=recommend.,Forecast Dry,,"Forecast Dry,DRY;TELEGRAM_SENT:Forecast Dry,DRY",OK
2026-06-20 01:35:23,32.0,55.0,20.0,24.0,-4.0,2.1,24.0,24.1,24.6,22.7,-0.0,DRY,ON,20.0,20.0,20.0,Dry Forecast,Forecast dry. Recommend watering soon; pump stays OFF because ML_CONTROL_MODE=recommend.,Forecast Dry,,"Forecast Dry,DRY;TELEGRAM_COOLDOWN:Forecast Dry,DRY",OK
2026-06-20 01:35:28,32.0,55.0,20.0,24.0,-4.0,2.1,24.0,24.1,24.6,22.7,-0.0,DRY,ON,20.0,20.0,20.0,Dry Forecast,Forecast dry. Recommend watering soon; pump stays OFF because ML_CONTROL_MODE=recommend.,Forecast Dry,,"Forecast Dry,DRY;TELEGRAM_SENT:Forecast Dry,DRY",OK
2026-06-20 01:35:34,32.0,55.0,20.0,24.0,-4.0,2.1,24.0,24.1,24.6,22.7,-0.0,DRY,ON,20.0,20.0,20.0,Dry Forecast,Forecast dry. Recommend watering soon; pump stays OFF because ML_CONTROL_MODE=recommend.,Forecast Dry,,"Forecast Dry,DRY;TELEGRAM_COOLDOWN:Forecast Dry,DRY",OK
2026-06-20 01:35:39,32.0,55.0,20.0,24.0,-4.0,2.1,24.0,24.1,24.6,22.7,-0.0,DRY,ON,20.0,20.0,20.0,Dry Forecast,Forecast dry. Recommend watering soon; pump stays OFF because ML_CONTROL_MODE=recommend.,Forecast Dry,,"Forecast Dry,DRY;TELEGRAM_SENT:Forecast Dry,DRY",OK
2026-06-20 01:35:45,32.0,55.0,20.0,24.0,-4.0,2.1,24.0,24.1,24.6,22.7,-0.0,DRY,ON,20.0,20.0,20.0,Dry Forecast,Forecast dry. Recommend watering soon; pump stays OFF because ML_CONTROL_MODE=recommend.,Forecast Dry,,"Forecast Dry,DRY;TELEGRAM_COOLDOWN:Forecast Dry,DRY",OK
2026-06-20 01:35:50,32.0,55.0,20.0,24.0,-4.0,2.1,24.0,24.1,24.6,22.7,-0.0,DRY,ON,20.0,20.0,20.0,Dry Forecast,Forecast dry. Recommend watering soon; pump stays OFF because ML_CONTROL_MODE=recommend.,Forecast Dry,,"Forecast Dry,DRY;TELEGRAM_SENT:Forecast Dry,DRY",OK
2026-06-20 01:35:57,32.0,55.0,20.0,24.0,-4.0,2.1,24.0,24.1,24.6,22.7,-0.0,DRY,ON,20.0,20.0,20.0,Dry Forecast,Forecast dry. Recommend watering soon; pump stays OFF because ML_CONTROL_MODE=recommend.,Forecast Dry,,"Forecast Dry,DRY;TELEGRAM_COOLDOWN:Forecast Dry,DRY",OK
2026-06-20 01:36:02,32.0,55.0,20.0,24.0,-4.0,2.1,24.0,24.1,24.6,22.7,-0.0,DRY,ON,20.0,20.0,20.0,Dry Forecast,Forecast dry. Recommend watering soon; pump stays OFF because ML_CONTROL_MODE=recommend.,Forecast Dry,,"Forecast Dry,DRY;TELEGRAM_SENT:Forecast Dry,DRY",OK
2026-06-20 01:36:08,32.0,55.0,20.0,24.0,-4.0,2.1,24.0,24.1,24.6,22.7,-0.0,DRY,ON,20.0,20.0,20.0,Dry Forecast,Forecast dry. Recommend watering soon; pump stays OFF because ML_CONTROL_MODE=recommend.,Forecast Dry,,"Forecast Dry,DRY;TELEGRAM_COOLDOWN:Forecast Dry,DRY",OK
2026-06-20 01:36:13,32.0,55.0,20.0,24.0,-4.0,2.1,24.0,24.1,24.6,22.7,-0.0,DRY,ON,20.0,20.0,20.0,Dry Forecast,Forecast dry. Recommend watering soon; pump stays OFF because ML_CONTROL_MODE=recommend.,Forecast Dry,,"Forecast Dry,DRY;TELEGRAM_SENT:Forecast Dry,DRY",OK
2026-06-20 01:36:19,32.0,55.0,20.0,24.0,-4.0,2.1,24.0,24.1,24.6,22.7,-0.0,DRY,ON,20.0,20.0,20.0,Dry Forecast,Forecast dry. Recommend watering soon; pump stays OFF because ML_CONTROL_MODE=recommend.,Forecast Dry,,"Forecast Dry,DRY;TELEGRAM_COOLDOWN:Forecast Dry,DRY",OK
2026-06-20 01:36:24,32.0,55.0,20.0,24.0,-4.0,2.1,24.0,24.1,24.6,22.7,-0.0,DRY,ON,20.0,20.0,20.0,Dry Forecast,Forecast dry. Recommend watering soon; pump stays OFF because ML_CONTROL_MODE=recommend.,Forecast Dry,,"Forecast Dry,DRY;TELEGRAM_SENT:Forecast Dry,DRY",OK
2026-06-20 01:36:32,32.0,55.0,20.0,24.0,-4.0,2.1,24.0,24.1,24.6,22.7,-0.0,DRY,ON,20.0,20.0,20.0,Dry Forecast,Forecast dry. Recommend watering soon; pump stays OFF because ML_CONTROL_MODE=recommend.,Forecast Dry,,"Forecast Dry,DRY;TELEGRAM_COOLDOWN:Forecast Dry,DRY",OK
2026-06-20 01:36:37,32.0,55.0,20.0,24.0,-4.0,2.1,24.0,24.1,24.6,22.7,-0.0,DRY,ON,20.0,20.0,20.0,Dry Forecast,Forecast dry. Recommend watering soon; pump stays OFF because ML_CONTROL_MODE=recommend.,Forecast Dry,,"Forecast Dry,DRY;TELEGRAM_SENT:Forecast Dry,DRY",OK
2026-06-20 01:36:42,32.0,55.0,20.0,24.0,-4.0,2.1,24.0,24.1,24.6,22.7,-0.0,DRY,ON,20.0,20.0,20.0,Dry Forecast,Forecast dry. Recommend watering soon; pump stays OFF because ML_CONTROL_MODE=recommend.,Forecast Dry,,"Forecast Dry,DRY;TELEGRAM_COOLDOWN:Forecast Dry,DRY",OK
2026-06-20 01:36:47,32.0,55.0,20.0,24.0,-4.0,2.1,24.0,24.1,24.6,22.7,-0.0,DRY,ON,20.0,20.0,20.0,Dry Forecast,Forecast dry. Recommend watering soon; pump stays OFF because ML_CONTROL_MODE=recommend.,Forecast Dry,,"Forecast Dry,DRY;TELEGRAM_SENT:Forecast Dry,DRY",OK
2026-06-20 01:36:53,32.0,55.0,20.0,24.0,-4.0,2.1,24.0,24.1,24.6,22.7,-0.0,DRY,ON,20.0,20.0,20.0,Dry Forecast,Forecast dry. Recommend watering soon; pump stays OFF because ML_CONTROL_MODE=recommend.,Forecast Dry,,"Forecast Dry,DRY;TELEGRAM_COOLDOWN:Forecast Dry,DRY",OK
2026-06-20 01:36:58,32.0,55.0,20.0,24.0,-4.0,2.1,24.0,24.1,24.6,22.7,-0.0,DRY,ON,20.0,20.0,20.0,Dry Forecast,Forecast dry. Recommend watering soon; pump stays OFF because ML_CONTROL_MODE=recommend.,Forecast Dry,,"Forecast Dry,DRY;TELEGRAM_SENT:Forecast Dry,DRY",OK
2026-06-20 01:37:06,32.0,55.0,20.0,24.0,-4.0,2.1,24.0,24.1,24.6,22.7,-0.0,DRY,ON,20.0,20.0,20.0,Dry Forecast,Forecast dry. Recommend watering soon; pump stays OFF because ML_CONTROL_MODE=recommend.,Forecast Dry,,"Forecast Dry,DRY;TELEGRAM_COOLDOWN:Forecast Dry,DRY",OK
2026-06-20 01:37:11,32.0,55.0,20.0,24.0,-4.0,2.1,24.0,24.1,24.6,22.7,-0.0,DRY,ON,20.0,20.0,20.0,Dry Forecast,Forecast dry. Recommend watering soon; pump stays OFF because ML_CONTROL_MODE=recommend.,Forecast Dry,,"Forecast Dry,DRY;TELEGRAM_SENT:Forecast Dry,DRY",OK
2026-06-20 01:37:17,32.0,55.0,20.0,24.0,-4.0,2.1,24.0,24.1,24.6,22.7,-0.0,DRY,ON,20.0,20.0,20.0,Dry Forecast,Forecast dry. Recommend watering soon; pump stays OFF because ML_CONTROL_MODE=recommend.,Forecast Dry,,"Forecast Dry,DRY;TELEGRAM_COOLDOWN:Forecast Dry,DRY",OK
2026-06-20 01:37:22,32.0,55.0,20.0,24.0,-4.0,2.1,24.0,24.1,24.6,22.7,-0.0,DRY,ON,20.0,20.0,20.0,Dry Forecast,Forecast dry. Recommend watering soon; pump stays OFF because ML_CONTROL_MODE=recommend.,Forecast Dry,,"Forecast Dry,DRY;TELEGRAM_SENT:Forecast Dry,DRY",OK
2026-06-20 01:37:28,32.0,55.0,20.0,24.0,-4.0,2.1,24.0,24.1,24.6,22.7,-0.0,DRY,ON,20.0,20.0,20.0,Dry Forecast,Forecast dry. Recommend watering soon; pump stays OFF because ML_CONTROL_MODE=recommend.,Forecast Dry,,"Forecast Dry,DRY;TELEGRAM_COOLDOWN:Forecast Dry,DRY",OK
2026-06-20 01:37:33,32.0,55.0,20.0,24.0,-4.0,2.1,24.0,24.1,24.6,22.7,-0.0,DRY,ON,20.0,20.0,20.0,Dry Forecast,Forecast dry. Recommend watering soon; pump stays OFF because ML_CONTROL_MODE=recommend.,Forecast Dry,,"Forecast Dry,DRY;TELEGRAM_SENT:Forecast Dry,DRY",OK
2026-06-20 01:37:40,32.0,55.0,20.0,24.0,-4.0,2.1,24.0,24.1,24.6,22.7,-0.0,DRY,ON,20.0,20.0,20.0,Dry Forecast,Forecast dry. Recommend watering soon; pump stays OFF because ML_CONTROL_MODE=recommend.,Forecast Dry,,"Forecast Dry,DRY;TELEGRAM_COOLDOWN:Forecast Dry,DRY",OK
2026-06-20 01:37:45,32.0,55.0,20.0,24.0,-4.0,2.1,24.0,24.1,24.6,22.7,-0.0,DRY,ON,20.0,20.0,20.0,Dry Forecast,Forecast dry. Recommend watering soon; pump stays OFF because ML_CONTROL_MODE=recommend.,Forecast Dry,,"Forecast Dry,DRY;TELEGRAM_SENT:Forecast Dry,DRY",OK
2026-06-20 01:37:51,32.0,55.0,20.0,24.0,-4.0,2.1,24.0,24.1,24.6,22.7,-0.0,DRY,ON,20.0,20.0,20.0,Dry Forecast,Forecast dry. Recommend watering soon; pump stays OFF because ML_CONTROL_MODE=recommend.,Forecast Dry,,"Forecast Dry,DRY;TELEGRAM_COOLDOWN:Forecast Dry,DRY",OK
2026-06-20 01:37:56,32.0,55.0,20.0,24.0,-4.0,2.1,24.0,24.1,24.6,22.7,-0.0,DRY,ON,20.0,20.0,20.0,Dry Forecast,Forecast dry. Recommend watering soon; pump stays OFF because ML_CONTROL_MODE=recommend.,Forecast Dry,,"Forecast Dry,DRY;TELEGRAM_SENT:Forecast Dry,DRY",OK
2026-06-20 01:38:02,32.0,55.0,20.0,24.0,-4.0,2.1,24.0,24.1,24.6,22.7,-0.0,DRY,ON,20.0,20.0,20.0,Dry Forecast,Forecast dry. Recommend watering soon; pump stays OFF because ML_CONTROL_MODE=recommend.,Forecast Dry,,"Forecast Dry,DRY;TELEGRAM_COOLDOWN:Forecast Dry,DRY",OK
2026-06-20 01:38:07,32.0,55.0,20.0,24.0,-4.0,2.1,24.0,24.1,24.6,22.7,-0.0,DRY,ON,20.0,20.0,20.0,Dry Forecast,Forecast dry. Recommend watering soon; pump stays OFF because ML_CONTROL_MODE=recommend.,Forecast Dry,,"Forecast Dry,DRY;TELEGRAM_SENT:Forecast Dry,DRY",OK
2026-06-20 01:38:15,32.0,55.0,20.0,24.0,-4.0,2.1,24.0,24.1,24.6,22.7,-0.0,DRY,ON,20.0,20.0,20.0,Dry Forecast,Forecast dry. Recommend watering soon; pump stays OFF because ML_CONTROL_MODE=recommend.,Forecast Dry,,"Forecast Dry,DRY;TELEGRAM_COOLDOWN:Forecast Dry,DRY",OK
2026-06-20 01:38:20,32.0,55.0,20.0,24.0,-4.0,2.1,24.0,24.1,24.6,22.7,-0.0,DRY,ON,20.0,20.0,20.0,Dry Forecast,Forecast dry. Recommend watering soon; pump stays OFF because ML_CONTROL_MODE=recommend.,Forecast Dry,,"Forecast Dry,DRY;TELEGRAM_SENT:Forecast Dry,DRY",OK
2026-06-20 01:38:26,32.0,55.0,20.0,24.0,-4.0,2.1,24.0,24.1,24.6,22.7,-0.0,DRY,ON,20.0,20.0,20.0,Dry Forecast,Forecast dry. Recommend watering soon; pump stays OFF because ML_CONTROL_MODE=recommend.,Forecast Dry,,"Forecast Dry,DRY;TELEGRAM_COOLDOWN:Forecast Dry,DRY",OK
2026-06-20 01:38:31,32.0,55.0,20.0,24.0,-4.0,2.1,24.0,24.1,24.6,22.7,-0.0,DRY,ON,20.0,20.0,20.0,Dry Forecast,Forecast dry. Recommend watering soon; pump stays OFF because ML_CONTROL_MODE=recommend.,Forecast Dry,,"Forecast Dry,DRY;TELEGRAM_SENT:Forecast Dry,DRY",OK
2026-06-20 01:38:38,32.0,55.0,20.0,24.0,-4.0,2.1,24.0,24.1,24.6,22.7,-0.0,DRY,ON,20.0,20.0,20.0,Dry Forecast,Forecast dry. Recommend watering soon; pump stays OFF because ML_CONTROL_MODE=recommend.,Forecast Dry,,"Forecast Dry,DRY;TELEGRAM_COOLDOWN:Forecast Dry,DRY",OK
2026-06-20 01:38:45,32.0,55.0,20.0,24.0,-4.0,2.1,24.0,24.1,24.6,22.7,-0.0,DRY,ON,20.0,20.0,20.0,Dry Forecast,Forecast dry. Recommend watering soon; pump stays OFF because ML_CONTROL_MODE=recommend.,Forecast Dry,,"Forecast Dry,DRY;TELEGRAM_SENT:Forecast Dry,DRY",OK
2026-06-20 01:38:51,32.0,55.0,20.0,24.0,-4.0,2.1,24.0,24.1,24.6,22.7,-0.0,DRY,ON,20.0,20.0,20.0,Dry Forecast,Forecast dry. Recommend watering soon; pump stays OFF because ML_CONTROL_MODE=recommend.,Forecast Dry,,"Forecast Dry,DRY;TELEGRAM_COOLDOWN:Forecast Dry,DRY",OK
2026-06-20 01:38:56,32.0,55.0,20.0,24.0,-4.0,2.1,24.0,24.1,24.6,22.7,-0.0,DRY,ON,20.0,20.0,20.0,Dry Forecast,Forecast dry. Recommend watering soon; pump stays OFF because ML_CONTROL_MODE=recommend.,Forecast Dry,,"Forecast Dry,DRY;TELEGRAM_SENT:Forecast Dry,DRY",OK
2026-06-20 01:39:02,32.0,55.0,20.0,24.0,-4.0,2.1,24.0,24.1,24.6,22.7,-0.0,DRY,ON,20.0,20.0,20.0,Dry Forecast,Forecast dry. Recommend watering soon; pump stays OFF because ML_CONTROL_MODE=recommend.,Forecast Dry,,"Forecast Dry,DRY;TELEGRAM_COOLDOWN:Forecast Dry,DRY",OK
2026-06-20 01:39:07,32.0,55.0,20.0,24.0,-4.0,2.1,24.0,24.1,24.6,22.7,-0.0,DRY,ON,20.0,20.0,20.0,Dry Forecast,Forecast dry. Recommend watering soon; pump stays OFF because ML_CONTROL_MODE=recommend.,Forecast Dry,,"Forecast Dry,DRY;TELEGRAM_SENT:Forecast Dry,DRY",OK
2026-06-20 01:39:13,32.0,55.0,20.0,24.0,-4.0,2.1,24.0,24.1,24.6,22.7,-0.0,DRY,ON,20.0,20.0,20.0,Dry Forecast,Forecast dry. Recommend watering soon; pump stays OFF because ML_CONTROL_MODE=recommend.,Forecast Dry,,"Forecast Dry,DRY;TELEGRAM_COOLDOWN:Forecast Dry,DRY",OK
2026-06-20 01:39:20,32.0,55.0,20.0,24.0,-4.0,2.1,24.0,24.1,24.6,22.7,-0.0,DRY,ON,20.0,20.0,20.0,Dry Forecast,Forecast dry. Recommend watering soon; pump stays OFF because ML_CONTROL_MODE=recommend.,Forecast Dry,,"Forecast Dry,DRY;TELEGRAM_SENT:Forecast Dry,DRY",OK
2026-06-20 01:39:26,32.0,55.0,20.0,24.0,-4.0,2.1,24.0,24.1,24.6,22.7,-0.0,DRY,ON,20.0,20.0,20.0,Dry Forecast,Forecast dry. Recommend watering soon; pump stays OFF because ML_CONTROL_MODE=recommend.,Forecast Dry,,"Forecast Dry,DRY;TELEGRAM_COOLDOWN:Forecast Dry,DRY",OK
2026-06-20 01:39:31,32.0,55.0,20.0,24.0,-4.0,2.1,24.0,24.1,24.6,22.7,-0.0,DRY,ON,20.0,20.0,20.0,Dry Forecast,Forecast dry. Recommend watering soon; pump stays OFF because ML_CONTROL_MODE=recommend.,Forecast Dry,,"Forecast Dry,DRY;TELEGRAM_SENT:Forecast Dry,DRY",OK
2026-06-20 01:39:37,32.0,55.0,20.0,24.0,-4.0,2.1,24.0,24.1,24.6,22.7,-0.0,DRY,ON,20.0,20.0,20.0,Dry Forecast,Forecast dry. Recommend watering soon; pump stays OFF because ML_CONTROL_MODE=recommend.,Forecast Dry,,"Forecast Dry,DRY;TELEGRAM_COOLDOWN:Forecast Dry,DRY",OK
2026-06-20 01:39:42,32.0,55.0,20.0,24.0,-4.0,2.1,24.0,24.1,24.6,22.7,-0.0,DRY,ON,20.0,20.0,20.0,Dry Forecast,Forecast dry. Recommend watering soon; pump stays OFF because ML_CONTROL_MODE=recommend.,Forecast Dry,,"Forecast Dry,DRY;TELEGRAM_SENT:Forecast Dry,DRY",OK
2026-06-20 01:39:48,32.0,55.0,20.0,24.0,-4.0,2.1,24.0,24.1,24.6,22.7,-0.0,DRY,ON,20.0,20.0,20.0,Dry Forecast,Forecast dry. Recommend watering soon; pump stays OFF because ML_CONTROL_MODE=recommend.,Forecast Dry,,"Forecast Dry,DRY;TELEGRAM_COOLDOWN:Forecast Dry,DRY",OK
2026-06-20 01:39:54,32.0,55.0,20.0,24.0,-4.0,2.1,24.0,24.1,24.6,22.7,-0.0,DRY,ON,20.0,20.0,20.0,Dry Forecast,Forecast dry. Recommend watering soon; pump stays OFF because ML_CONTROL_MODE=recommend.,Forecast Dry,,"Forecast Dry,DRY;TELEGRAM_SENT:Forecast Dry,DRY",OK
2026-06-20 01:40:01,32.0,55.0,20.0,24.0,-4.0,2.1,24.0,24.1,24.6,22.7,-0.0,DRY,ON,20.0,20.0,20.0,Dry Forecast,Forecast dry. Recommend watering soon; pump stays OFF because ML_CONTROL_MODE=recommend.,Forecast Dry,,"Forecast Dry,DRY;TELEGRAM_COOLDOWN:Forecast Dry,DRY",OK
2026-06-20 01:40:06,32.0,55.0,20.0,24.0,-4.0,2.1,24.0,24.1,24.6,22.7,-0.0,DRY,ON,20.0,20.0,20.0,Dry Forecast,Forecast dry. Recommend watering soon; pump stays OFF because ML_CONTROL_MODE=recommend.,Forecast Dry,,"Forecast Dry,DRY;TELEGRAM_SENT:Forecast Dry,DRY",OK
2026-06-20 01:40:11,32.0,55.0,20.0,24.0,-4.0,2.1,24.0,24.1,24.6,22.7,-0.0,DRY,ON,20.0,20.0,20.0,Dry Forecast,Forecast dry. Recommend watering soon; pump stays OFF because ML_CONTROL_MODE=recommend.,Forecast Dry,,"Forecast Dry,DRY;TELEGRAM_COOLDOWN:Forecast Dry,DRY",OK
2026-06-20 01:40:16,32.0,55.0,20.0,24.0,-4.0,2.1,24.0,24.1,24.6,22.7,-0.0,DRY,ON,20.0,20.0,20.0,Dry Forecast,Forecast dry. Recommend watering soon; pump stays OFF because ML_CONTROL_MODE=recommend.,Forecast Dry,,"Forecast Dry,DRY;TELEGRAM_SENT:Forecast Dry,DRY",OK
2026-06-20 01:40:22,32.0,55.0,20.0,24.0,-4.0,2.1,24.0,24.1,24.6,22.7,-0.0,DRY,ON,20.0,20.0,20.0,Dry Forecast,Forecast dry. Recommend watering soon; pump stays OFF because ML_CONTROL_MODE=recommend.,Forecast Dry,,"Forecast Dry,DRY;TELEGRAM_COOLDOWN:Forecast Dry,DRY",OK
2026-06-20 01:40:29,32.0,55.0,20.0,24.0,-4.0,2.1,24.0,24.1,24.6,22.7,-0.0,DRY,ON,20.0,20.0,20.0,Dry Forecast,Forecast dry. Recommend watering soon; pump stays OFF because ML_CONTROL_MODE=recommend.,Forecast Dry,,"Forecast Dry,DRY;TELEGRAM_SENT:Forecast Dry,DRY",OK
2026-06-20 01:40:35,32.0,55.0,20.0,24.0,-4.0,2.1,24.0,24.1,24.6,22.7,-0.0,DRY,ON,20.0,20.0,20.0,Dry Forecast,Forecast dry. Recommend watering soon; pump stays OFF because ML_CONTROL_MODE=recommend.,Forecast Dry,,"Forecast Dry,DRY;TELEGRAM_COOLDOWN:Forecast Dry,DRY",OK
2026-06-20 01:40:40,32.0,55.0,20.0,24.0,-4.0,2.1,24.0,24.1,24.6,22.7,-0.0,DRY,ON,20.0,20.0,20.0,Dry Forecast,Forecast dry. Recommend watering soon; pump stays OFF because ML_CONTROL_MODE=recommend.,Forecast Dry,,"Forecast Dry,DRY;TELEGRAM_SENT:Forecast Dry,DRY",OK
2026-06-20 01:40:46,32.0,55.0,20.0,24.0,-4.0,2.1,24.0,24.1,24.6,22.7,-0.0,DRY,ON,20.0,20.0,20.0,Dry Forecast,Forecast dry. Recommend watering soon; pump stays OFF because ML_CONTROL_MODE=recommend.,Forecast Dry,,"Forecast Dry,DRY;TELEGRAM_COOLDOWN:Forecast Dry,DRY",OK
2026-06-20 01:40:51,32.0,55.0,20.0,24.0,-4.0,2.1,24.0,24.1,24.6,22.7,-0.0,DRY,ON,20.0,20.0,20.0,Dry Forecast,Forecast dry. Recommend watering soon; pump stays OFF because ML_CONTROL_MODE=recommend.,Forecast Dry,,"Forecast Dry,DRY;TELEGRAM_SENT:Forecast Dry,DRY",OK
2026-06-20 01:40:57,32.0,55.0,20.0,24.0,-4.0,2.1,24.0,24.1,24.6,22.7,-0.0,DRY,ON,20.0,20.0,20.0,Dry Forecast,Forecast dry. Recommend watering soon; pump stays OFF because ML_CONTROL_MODE=recommend.,Forecast Dry,,"Forecast Dry,DRY;TELEGRAM_COOLDOWN:Forecast Dry,DRY",OK
2026-06-20 01:41:03,32.0,55.0,20.0,24.0,-4.0,2.1,24.0,24.1,24.6,22.7,-0.0,DRY,ON,20.0,20.0,20.0,Dry Forecast,Forecast dry. Recommend watering soon; pump stays OFF because ML_CONTROL_MODE=recommend.,Forecast Dry,,"Forecast Dry,DRY;TELEGRAM_SENT:Forecast Dry,DRY",OK
2026-06-20 01:41:10,32.0,55.0,20.0,24.0,-4.0,2.1,24.0,24.1,24.6,22.7,-0.0,DRY,ON,20.0,20.0,20.0,Dry Forecast,Forecast dry. Recommend watering soon; pump stays OFF because ML_CONTROL_MODE=recommend.,Forecast Dry,,"Forecast Dry,DRY;TELEGRAM_COOLDOWN:Forecast Dry,DRY",OK
2026-06-20 01:41:15,32.0,55.0,20.0,24.0,-4.0,2.1,24.0,24.1,24.6,22.7,-0.0,DRY,ON,20.0,20.0,20.0,Dry Forecast,Forecast dry. Recommend watering soon; pump stays OFF because ML_CONTROL_MODE=recommend.,Forecast Dry,,"Forecast Dry,DRY;TELEGRAM_SENT:Forecast Dry,DRY",OK
2026-06-20 01:41:21,32.0,55.0,20.0,24.0,-4.0,2.1,24.0,24.1,24.6,22.7,-0.0,DRY,ON,20.0,20.0,20.0,Dry Forecast,Forecast dry. Recommend watering soon; pump stays OFF because ML_CONTROL_MODE=recommend.,Forecast Dry,,"Forecast Dry,DRY;TELEGRAM_COOLDOWN:Forecast Dry,DRY",OK
2026-06-20 01:41:26,32.0,55.0,20.0,24.0,-4.0,2.1,24.0,24.1,24.6,22.7,-0.0,DRY,ON,20.0,20.0,20.0,Dry Forecast,Forecast dry. Recommend watering soon; pump stays OFF because ML_CONTROL_MODE=recommend.,Forecast Dry,,"Forecast Dry,DRY;TELEGRAM_SENT:Forecast Dry,DRY",OK
2026-06-20 01:41:32,32.0,55.0,20.0,24.0,-4.0,2.1,24.0,24.1,24.6,22.7,-0.0,DRY,ON,20.0,20.0,20.0,Dry Forecast,Forecast dry. Recommend watering soon; pump stays OFF because ML_CONTROL_MODE=recommend.,Forecast Dry,,"Forecast Dry,DRY;TELEGRAM_COOLDOWN:Forecast Dry,DRY",OK
2026-06-20 01:41:39,32.0,55.0,20.0,24.0,-4.0,2.1,24.0,24.1,24.6,22.7,-0.0,DRY,ON,20.0,20.0,20.0,Dry Forecast,Forecast dry. Recommend watering soon; pump stays OFF because ML_CONTROL_MODE=recommend.,Forecast Dry,,"Forecast Dry,DRY;TELEGRAM_SENT:Forecast Dry,DRY",OK
2026-06-20 01:41:45,32.0,55.0,20.0,24.0,-4.0,2.1,24.0,24.1,24.6,22.7,-0.0,DRY,ON,20.0,20.0,20.0,Dry Forecast,Forecast dry. Recommend watering soon; pump stays OFF because ML_CONTROL_MODE=recommend.,Forecast Dry,,"Forecast Dry,DRY;TELEGRAM_COOLDOWN:Forecast Dry,DRY",OK
2026-06-20 01:41:50,32.0,55.0,20.0,24.0,-4.0,2.1,24.0,24.1,24.6,22.7,-0.0,DRY,ON,20.0,20.0,20.0,Dry Forecast,Forecast dry. Recommend watering soon; pump stays OFF because ML_CONTROL_MODE=recommend.,Forecast Dry,,"Forecast Dry,DRY;TELEGRAM_SENT:Forecast Dry,DRY",OK
2026-06-20 01:41:56,32.0,55.0,20.0,24.0,-4.0,2.1,24.0,24.1,24.6,22.7,-0.0,DRY,ON,20.0,20.0,20.0,Dry Forecast,Forecast dry. Recommend watering soon; pump stays OFF because ML_CONTROL_MODE=recommend.,Forecast Dry,,"Forecast Dry,DRY;TELEGRAM_COOLDOWN:Forecast Dry,DRY",OK
2026-06-20 01:42:01,32.0,55.0,20.0,24.0,-4.0,2.1,24.0,24.1,24.6,22.7,-0.0,DRY,ON,20.0,20.0,20.0,Dry Forecast,Forecast dry. Recommend watering soon; pump stays OFF because ML_CONTROL_MODE=recommend.,Forecast Dry,,"Forecast Dry,DRY;TELEGRAM_SENT:Forecast Dry,DRY",OK
2026-06-20 01:42:07,32.0,55.0,20.0,24.0,-4.0,2.1,24.0,24.1,24.6,22.7,-0.0,DRY,ON,20.0,20.0,20.0,Dry Forecast,Forecast dry. Recommend watering soon; pump stays OFF because ML_CONTROL_MODE=recommend.,Forecast Dry,,"Forecast Dry,DRY;TELEGRAM_COOLDOWN:Forecast Dry,DRY",OK
2026-06-20 01:42:13,32.0,55.0,20.0,24.0,-4.0,2.1,24.0,24.1,24.6,22.7,-0.0,DRY,ON,20.0,20.0,20.0,Dry Forecast,Forecast dry. Recommend watering soon; pump stays OFF because ML_CONTROL_MODE=recommend.,Forecast Dry,,"Forecast Dry,DRY;TELEGRAM_SENT:Forecast Dry,DRY",OK
2026-06-20 01:42:19,32.0,55.0,20.0,24.0,-4.0,2.1,24.0,24.1,24.6,22.7,-0.0,DRY,ON,20.0,20.0,20.0,Dry Forecast,Forecast dry. Recommend watering soon; pump stays OFF because ML_CONTROL_MODE=recommend.,Forecast Dry,,"Forecast Dry,DRY;TELEGRAM_COOLDOWN:Forecast Dry,DRY",OK
2026-06-20 01:42:24,32.0,55.0,20.0,24.0,-4.0,2.1,24.0,24.1,24.6,22.7,-0.0,DRY,ON,20.0,20.0,20.0,Dry Forecast,Forecast dry. Recommend watering soon; pump stays OFF because ML_CONTROL_MODE=recommend.,Forecast Dry,,"Forecast Dry,DRY;TELEGRAM_SENT:Forecast Dry,DRY",OK
2026-06-20 01:42:30,32.0,55.0,20.0,24.0,-4.0,2.1,24.0,24.1,24.6,22.7,-0.0,DRY,ON,20.0,20.0,20.0,Dry Forecast,Forecast dry. Recommend watering soon; pump stays OFF because ML_CONTROL_MODE=recommend.,Forecast Dry,,"Forecast Dry,DRY;TELEGRAM_COOLDOWN:Forecast Dry,DRY",OK
2026-06-20 01:42:35,32.0,55.0,20.0,24.0,-4.0,2.1,24.0,24.1,24.6,22.7,-0.0,DRY,ON,20.0,20.0,20.0,Dry Forecast,Forecast dry. Recommend watering soon; pump stays OFF because ML_CONTROL_MODE=recommend.,Forecast Dry,,"Forecast Dry,DRY;TELEGRAM_SENT:Forecast Dry,DRY",OK
2026-06-20 01:42:43,32.0,55.0,20.0,24.0,-4.0,2.1,24.0,24.1,24.6,22.7,-0.0,DRY,ON,20.0,20.0,20.0,Dry Forecast,Forecast dry. Recommend watering soon; pump stays OFF because ML_CONTROL_MODE=recommend.,Forecast Dry,,"Forecast Dry,DRY;TELEGRAM_COOLDOWN:Forecast Dry,DRY",OK
2026-06-20 01:42:48,32.0,55.0,20.0,24.0,-4.0,2.1,24.0,24.1,24.6,22.7,-0.0,DRY,ON,20.0,20.0,20.0,Dry Forecast,Forecast dry. Recommend watering soon; pump stays OFF because ML_CONTROL_MODE=recommend.,Forecast Dry,,"Forecast Dry,DRY;TELEGRAM_SENT:Forecast Dry,DRY",OK
2026-06-20 01:42:54,32.0,55.0,20.0,24.0,-4.0,2.1,24.0,24.1,24.6,22.7,-0.0,DRY,ON,20.0,20.0,20.0,Dry Forecast,Forecast dry. Recommend watering soon; pump stays OFF because ML_CONTROL_MODE=recommend.,Forecast Dry,,"Forecast Dry,DRY;TELEGRAM_COOLDOWN:Forecast Dry,DRY",OK
2026-06-20 01:42:59,32.0,55.0,20.0,24.0,-4.0,2.1,24.0,24.1,24.6,22.7,-0.0,DRY,ON,20.0,20.0,20.0,Dry Forecast,Forecast dry. Recommend watering soon; pump stays OFF because ML_CONTROL_MODE=recommend.,Forecast Dry,,"Forecast Dry,DRY;TELEGRAM_SENT:Forecast Dry,DRY",OK
2026-06-20 01:43:04,32.0,55.0,20.0,24.0,-4.0,2.1,24.0,24.1,24.6,22.7,-0.0,DRY,ON,20.0,20.0,20.0,Dry Forecast,Forecast dry. Recommend watering soon; pump stays OFF because ML_CONTROL_MODE=recommend.,Forecast Dry,,"Forecast Dry,DRY;TELEGRAM_COOLDOWN:Forecast Dry,DRY",OK
2026-06-20 01:43:09,32.0,55.0,20.0,24.0,-4.0,2.1,24.0,24.1,24.6,22.7,-0.0,DRY,ON,20.0,20.0,20.0,Dry Forecast,Forecast dry. Recommend watering soon; pump stays OFF because ML_CONTROL_MODE=recommend.,Forecast Dry,,"Forecast Dry,DRY;TELEGRAM_SENT:Forecast Dry,DRY",OK
2026-06-20 01:43:17,32.0,55.0,20.0,24.0,-4.0,2.1,24.0,24.1,24.6,22.7,-0.0,DRY,ON,20.0,20.0,20.0,Dry Forecast,Forecast dry. Recommend watering soon; pump stays OFF because ML_CONTROL_MODE=recommend.,Forecast Dry,,"Forecast Dry,DRY;TELEGRAM_COOLDOWN:Forecast Dry,DRY",OK
2026-06-20 01:43:22,32.0,55.0,20.0,24.0,-4.0,2.1,24.0,24.1,24.6,22.7,-0.0,DRY,ON,20.0,20.0,20.0,Dry Forecast,Forecast dry. Recommend watering soon; pump stays OFF because ML_CONTROL_MODE=recommend.,Forecast Dry,,"Forecast Dry,DRY;TELEGRAM_SENT:Forecast Dry,DRY",OK
2026-06-20 01:43:28,32.0,55.0,20.0,24.0,-4.0,2.1,24.0,24.1,24.6,22.7,-0.0,DRY,ON,20.0,20.0,20.0,Dry Forecast,Forecast dry. Recommend watering soon; pump stays OFF because ML_CONTROL_MODE=recommend.,Forecast Dry,,"Forecast Dry,DRY;TELEGRAM_COOLDOWN:Forecast Dry,DRY",OK
2026-06-20 01:43:33,32.0,55.0,20.0,24.0,-4.0,2.1,24.0,24.1,24.6,22.7,-0.0,DRY,ON,20.0,20.0,20.0,Dry Forecast,Forecast dry. Recommend watering soon; pump stays OFF because ML_CONTROL_MODE=recommend.,Forecast Dry,,"Forecast Dry,DRY;TELEGRAM_SENT:Forecast Dry,DRY",OK
2026-06-20 01:43:39,32.0,55.0,20.0,24.0,-4.0,2.1,24.0,24.1,24.6,22.7,-0.0,DRY,ON,20.0,20.0,20.0,Dry Forecast,Forecast dry. Recommend watering soon; pump stays OFF because ML_CONTROL_MODE=recommend.,Forecast Dry,,"Forecast Dry,DRY;TELEGRAM_COOLDOWN:Forecast Dry,DRY",OK
2026-06-20 01:43:44,32.0,55.0,20.0,24.0,-4.0,2.1,24.0,24.1,24.6,22.7,-0.0,DRY,ON,20.0,20.0,20.0,Dry Forecast,Forecast dry. Recommend watering soon; pump stays OFF because ML_CONTROL_MODE=recommend.,Forecast Dry,,"Forecast Dry,DRY;TELEGRAM_SENT:Forecast Dry,DRY",OK
2026-06-20 01:43:51,32.0,55.0,20.0,24.0,-4.0,2.1,24.0,24.1,24.6,22.7,-0.0,DRY,ON,20.0,20.0,20.0,Dry Forecast,Forecast dry. Recommend watering soon; pump stays OFF because ML_CONTROL_MODE=recommend.,Forecast Dry,,"Forecast Dry,DRY;TELEGRAM_COOLDOWN:Forecast Dry,DRY",OK
2026-06-20 01:43:56,32.0,55.0,20.0,24.0,-4.0,2.1,24.0,24.1,24.6,22.7,-0.0,DRY,ON,20.0,20.0,20.0,Dry Forecast,Forecast dry. Recommend watering soon; pump stays OFF because ML_CONTROL_MODE=recommend.,Forecast Dry,,"Forecast Dry,DRY;TELEGRAM_SENT:Forecast Dry,DRY",OK
2026-06-20 01:44:02,32.0,55.0,20.0,24.0,-4.0,2.1,24.0,24.1,24.6,22.7,-0.0,DRY,ON,20.0,20.0,20.0,Dry Forecast,Forecast dry. Recommend watering soon; pump stays OFF because ML_CONTROL_MODE=recommend.,Forecast Dry,,"Forecast Dry,DRY;TELEGRAM_COOLDOWN:Forecast Dry,DRY",OK
2026-06-20 01:44:07,32.0,55.0,20.0,24.0,-4.0,2.1,24.0,24.1,24.6,22.7,-0.0,DRY,ON,20.0,20.0,20.0,Dry Forecast,Forecast dry. Recommend watering soon; pump stays OFF because ML_CONTROL_MODE=recommend.,Forecast Dry,,"Forecast Dry,DRY;TELEGRAM_SENT:Forecast Dry,DRY",OK
2026-06-20 01:44:13,32.0,55.0,20.0,24.0,-4.0,2.1,24.0,24.1,24.6,22.7,-0.0,DRY,ON,20.0,20.0,20.0,Dry Forecast,Forecast dry. Recommend watering soon; pump stays OFF because ML_CONTROL_MODE=recommend.,Forecast Dry,,"Forecast Dry,DRY;TELEGRAM_COOLDOWN:Forecast Dry,DRY",OK
2026-06-20 01:44:18,32.0,55.0,20.0,24.0,-4.0,2.1,24.0,24.1,24.6,22.7,-0.0,DRY,ON,20.0,20.0,20.0,Dry Forecast,Forecast dry. Recommend watering soon; pump stays OFF because ML_CONTROL_MODE=recommend.,Forecast Dry,,"Forecast Dry,DRY;TELEGRAM_SENT:Forecast Dry,DRY",OK
2026-06-20 01:44:26,32.0,55.0,20.0,24.0,-4.0,2.1,24.0,24.1,24.6,22.7,-0.0,DRY,ON,20.0,20.0,20.0,Dry Forecast,Forecast dry. Recommend watering soon; pump stays OFF because ML_CONTROL_MODE=recommend.,Forecast Dry,,"Forecast Dry,DRY;TELEGRAM_COOLDOWN:Forecast Dry,DRY",OK
2026-06-20 01:44:31,32.0,55.0,20.0,24.0,-4.0,2.1,24.0,24.1,24.6,22.7,-0.0,DRY,ON,20.0,20.0,20.0,Dry Forecast,Forecast dry. Recommend watering soon; pump stays OFF because ML_CONTROL_MODE=recommend.,Forecast Dry,,"Forecast Dry,DRY;TELEGRAM_SENT:Forecast Dry,DRY",OK
2026-06-20 01:44:37,32.0,55.0,20.0,24.0,-4.0,2.1,24.0,24.1,24.6,22.7,-0.0,DRY,ON,20.0,20.0,20.0,Dry Forecast,Forecast dry. Recommend watering soon; pump stays OFF because ML_CONTROL_MODE=recommend.,Forecast Dry,,"Forecast Dry,DRY;TELEGRAM_COOLDOWN:Forecast Dry,DRY",OK
2026-06-20 01:44:42,32.0,55.0,20.0,24.0,-4.0,2.1,24.0,24.1,24.6,22.7,-0.0,DRY,ON,20.0,20.0,20.0,Dry Forecast,Forecast dry. Recommend watering soon; pump stays OFF because ML_CONTROL_MODE=recommend.,Forecast Dry,,"Forecast Dry,DRY;TELEGRAM_SENT:Forecast Dry,DRY",OK
2026-06-20 01:44:48,32.0,55.0,20.0,24.0,-4.0,2.1,24.0,24.1,24.6,22.7,-0.0,DRY,ON,20.0,20.0,20.0,Dry Forecast,Forecast dry. Recommend watering soon; pump stays OFF because ML_CONTROL_MODE=recommend.,Forecast Dry,,"Forecast Dry,DRY;TELEGRAM_COOLDOWN:Forecast Dry,DRY",OK
2026-06-20 01:44:53,32.0,55.0,20.0,24.0,-4.0,2.1,24.0,24.1,24.6,22.7,-0.0,DRY,ON,20.0,20.0,20.0,Dry Forecast,Forecast dry. Recommend watering soon; pump stays OFF because ML_CONTROL_MODE=recommend.,Forecast Dry,,"Forecast Dry,DRY;TELEGRAM_SENT:Forecast Dry,DRY",OK
2026-06-20 01:45:00,32.0,55.0,20.0,24.0,-4.0,2.1,24.0,24.1,24.6,22.7,-0.0,DRY,ON,20.0,20.0,20.0,Dry Forecast,Forecast dry. Recommend watering soon; pump stays OFF because ML_CONTROL_MODE=recommend.,Forecast Dry,,"Forecast Dry,DRY;TELEGRAM_COOLDOWN:Forecast Dry,DRY",OK
2026-06-20 01:45:05,32.0,55.0,20.0,24.0,-4.0,2.1,24.0,24.1,24.6,22.7,-0.0,DRY,ON,20.0,20.0,20.0,Dry Forecast,Forecast dry. Recommend watering soon; pump stays OFF because ML_CONTROL_MODE=recommend.,Forecast Dry,,"Forecast Dry,DRY;TELEGRAM_SENT:Forecast Dry,DRY",OK
2026-06-20 01:45:11,32.0,55.0,20.0,24.0,-4.0,2.1,24.0,24.1,24.6,22.7,-0.0,DRY,ON,20.0,20.0,20.0,Dry Forecast,Forecast dry. Recommend watering soon; pump stays OFF because ML_CONTROL_MODE=recommend.,Forecast Dry,,"Forecast Dry,DRY;TELEGRAM_COOLDOWN:Forecast Dry,DRY",OK
2026-06-20 01:45:16,32.0,55.0,20.0,24.0,-4.0,2.1,24.0,24.1,24.6,22.7,-0.0,DRY,ON,20.0,20.0,20.0,Dry Forecast,Forecast dry. Recommend watering soon; pump stays OFF because ML_CONTROL_MODE=recommend.,Forecast Dry,,"Forecast Dry,DRY;TELEGRAM_SENT:Forecast Dry,DRY",OK
2026-06-20 01:45:22,32.0,55.0,20.0,24.0,-4.0,2.1,24.0,24.1,24.6,22.7,-0.0,DRY,ON,20.0,20.0,20.0,Dry Forecast,Forecast dry. Recommend watering soon; pump stays OFF because ML_CONTROL_MODE=recommend.,Forecast Dry,,"Forecast Dry,DRY;TELEGRAM_COOLDOWN:Forecast Dry,DRY",OK
2026-06-20 01:45:27,32.0,55.0,20.0,24.0,-4.0,2.1,24.0,24.1,24.6,22.7,-0.0,DRY,ON,20.0,20.0,20.0,Dry Forecast,Forecast dry. Recommend watering soon; pump stays OFF because ML_CONTROL_MODE=recommend.,Forecast Dry,,"Forecast Dry,DRY;TELEGRAM_SENT:Forecast Dry,DRY",OK
2026-06-20 01:45:34,32.0,55.0,20.0,24.0,-4.0,2.1,24.0,24.1,24.6,22.7,-0.0,DRY,ON,20.0,20.0,20.0,Dry Forecast,Forecast dry. Recommend watering soon; pump stays OFF because ML_CONTROL_MODE=recommend.,Forecast Dry,,"Forecast Dry,DRY;TELEGRAM_COOLDOWN:Forecast Dry,DRY",OK
2026-06-20 01:45:40,32.0,55.0,20.0,24.0,-4.0,2.1,24.0,24.1,24.6,22.7,-0.0,DRY,ON,20.0,20.0,20.0,Dry Forecast,Forecast dry. Recommend watering soon; pump stays OFF because ML_CONTROL_MODE=recommend.,Forecast Dry,,"Forecast Dry,DRY;TELEGRAM_SENT:Forecast Dry,DRY",OK
2026-06-20 01:45:45,32.0,55.0,20.0,24.0,-4.0,2.1,24.0,24.1,24.6,22.7,-0.0,DRY,ON,20.0,20.0,20.0,Dry Forecast,Forecast dry. Recommend watering soon; pump stays OFF because ML_CONTROL_MODE=recommend.,Forecast Dry,,"Forecast Dry,DRY;TELEGRAM_COOLDOWN:Forecast Dry,DRY",OK
2026-06-20 01:45:50,32.0,55.0,20.0,24.0,-4.0,2.1,24.0,24.1,24.6,22.7,-0.0,DRY,ON,20.0,20.0,20.0,Dry Forecast,Forecast dry. Recommend watering soon; pump stays OFF because ML_CONTROL_MODE=recommend.,Forecast Dry,,"Forecast Dry,DRY;TELEGRAM_SENT:Forecast Dry,DRY",OK
2026-06-20 01:45:56,32.0,55.0,20.0,24.0,-4.0,2.1,24.0,24.1,24.6,22.7,-0.0,DRY,ON,20.0,20.0,20.0,Dry Forecast,Forecast dry. Recommend watering soon; pump stays OFF because ML_CONTROL_MODE=recommend.,Forecast Dry,,"Forecast Dry,DRY;TELEGRAM_COOLDOWN:Forecast Dry,DRY",OK
2026-06-20 01:46:01,32.0,55.0,20.0,24.0,-4.0,2.1,24.0,24.1,24.6,22.7,-0.0,DRY,ON,20.0,20.0,20.0,Dry Forecast,Forecast dry. Recommend watering soon; pump stays OFF because ML_CONTROL_MODE=recommend.,Forecast Dry,,"Forecast Dry,DRY;TELEGRAM_SENT:Forecast Dry,DRY",OK
2026-06-20 01:46:09,32.0,55.0,20.0,24.0,-4.0,2.1,24.0,24.1,24.6,22.7,-0.0,DRY,ON,20.0,20.0,20.0,Dry Forecast,Forecast dry. Recommend watering soon; pump stays OFF because ML_CONTROL_MODE=recommend.,Forecast Dry,,"Forecast Dry,DRY;TELEGRAM_COOLDOWN:Forecast Dry,DRY",OK
2026-06-20 01:46:14,32.0,55.0,20.0,24.0,-4.0,2.1,24.0,24.1,24.6,22.7,-0.0,DRY,ON,20.0,20.0,20.0,Dry Forecast,Forecast dry. Recommend watering soon; pump stays OFF because ML_CONTROL_MODE=recommend.,Forecast Dry,,"Forecast Dry,DRY;TELEGRAM_SENT:Forecast Dry,DRY",OK
2026-06-20 01:46:20,32.0,55.0,20.0,24.0,-4.0,2.1,24.0,24.1,24.6,22.7,-0.0,DRY,ON,20.0,20.0,20.0,Dry Forecast,Forecast dry. Recommend watering soon; pump stays OFF because ML_CONTROL_MODE=recommend.,Forecast Dry,,"Forecast Dry,DRY;TELEGRAM_COOLDOWN:Forecast Dry,DRY",OK
2026-06-20 01:46:25,32.0,55.0,20.0,24.0,-4.0,2.1,24.0,24.1,24.6,22.7,-0.0,DRY,ON,20.0,20.0,20.0,Dry Forecast,Forecast dry. Recommend watering soon; pump stays OFF because ML_CONTROL_MODE=recommend.,Forecast Dry,,"Forecast Dry,DRY;TELEGRAM_SENT:Forecast Dry,DRY",OK
2026-06-20 01:46:32,32.0,55.0,20.0,24.0,-4.0,2.1,24.0,24.1,24.6,22.7,-0.0,DRY,ON,20.0,20.0,20.0,Dry Forecast,Forecast dry. Recommend watering soon; pump stays OFF because ML_CONTROL_MODE=recommend.,Forecast Dry,,"Forecast Dry,DRY;TELEGRAM_COOLDOWN:Forecast Dry,DRY",OK
2026-06-20 01:46:37,32.0,55.0,20.0,24.0,-4.0,2.1,24.0,24.1,24.6,22.7,-0.0,DRY,ON,20.0,20.0,20.0,Dry Forecast,Forecast dry. Recommend watering soon; pump stays OFF because ML_CONTROL_MODE=recommend.,Forecast Dry,,"Forecast Dry,DRY;TELEGRAM_SENT:Forecast Dry,DRY",OK
2026-06-20 01:46:45,32.0,55.0,20.0,24.0,-4.0,2.1,24.0,24.1,24.6,22.7,-0.0,DRY,ON,20.0,20.0,20.0,Dry Forecast,Forecast dry. Recommend watering soon; pump stays OFF because ML_CONTROL_MODE=recommend.,Forecast Dry,,"Forecast Dry,DRY;TELEGRAM_COOLDOWN:Forecast Dry,DRY",OK
2026-06-20 01:46:50,32.0,55.0,20.0,24.0,-4.0,2.1,24.0,24.1,24.6,22.7,-0.0,DRY,ON,20.0,20.0,20.0,Dry Forecast,Forecast dry. Recommend watering soon; pump stays OFF because ML_CONTROL_MODE=recommend.,Forecast Dry,,"Forecast Dry,DRY;TELEGRAM_SENT:Forecast Dry,DRY",OK
2026-06-20 01:46:56,32.0,55.0,20.0,24.0,-4.0,2.1,24.0,24.1,24.6,22.7,-0.0,DRY,ON,20.0,20.0,20.0,Dry Forecast,Forecast dry. Recommend watering soon; pump stays OFF because ML_CONTROL_MODE=recommend.,Forecast Dry,,"Forecast Dry,DRY;TELEGRAM_COOLDOWN:Forecast Dry,DRY",OK
2026-06-20 01:47:01,32.0,55.0,20.0,24.0,-4.0,2.1,24.0,24.1,24.6,22.7,-0.0,DRY,ON,20.0,20.0,20.0,Dry Forecast,Forecast dry. Recommend watering soon; pump stays OFF because ML_CONTROL_MODE=recommend.,Forecast Dry,,"Forecast Dry,DRY;TELEGRAM_SENT:Forecast Dry,DRY",OK
2026-06-20 01:47:07,32.0,55.0,20.0,24.0,-4.0,2.1,24.0,24.1,24.6,22.7,-0.0,DRY,ON,20.0,20.0,20.0,Dry Forecast,Forecast dry. Recommend watering soon; pump stays OFF because ML_CONTROL_MODE=recommend.,Forecast Dry,,"Forecast Dry,DRY;TELEGRAM_COOLDOWN:Forecast Dry,DRY",OK
2026-06-20 01:47:12,32.0,55.0,20.0,24.0,-4.0,2.1,24.0,24.1,24.6,22.7,-0.0,DRY,ON,20.0,20.0,20.0,Dry Forecast,Forecast dry. Recommend watering soon; pump stays OFF because ML_CONTROL_MODE=recommend.,Forecast Dry,,"Forecast Dry,DRY;TELEGRAM_SENT:Forecast Dry,DRY",OK
2026-06-20 01:47:21,32.0,55.0,20.0,24.0,-4.0,2.1,24.0,24.1,24.6,22.7,-0.0,DRY,ON,20.0,20.0,20.0,Dry Forecast,Forecast dry. Recommend watering soon; pump stays OFF because ML_CONTROL_MODE=recommend.,Forecast Dry,,"Forecast Dry,DRY;TELEGRAM_COOLDOWN:Forecast Dry,DRY",OK
2026-06-20 01:47:26,32.0,55.0,20.0,24.0,-4.0,2.1,24.0,24.1,24.6,22.7,-0.0,DRY,ON,20.0,20.0,20.0,Dry Forecast,Forecast dry. Recommend watering soon; pump stays OFF because ML_CONTROL_MODE=recommend.,Forecast Dry,,"Forecast Dry,DRY;TELEGRAM_SENT:Forecast Dry,DRY",OK
2026-06-20 01:47:31,32.0,55.0,20.0,24.0,-4.0,2.1,24.0,24.1,24.6,22.7,-0.0,DRY,ON,20.0,20.0,20.0,Dry Forecast,Forecast dry. Recommend watering soon; pump stays OFF because ML_CONTROL_MODE=recommend.,Forecast Dry,,"Forecast Dry,DRY;TELEGRAM_COOLDOWN:Forecast Dry,DRY",OK
2026-06-20 01:47:36,32.0,55.0,20.0,24.0,-4.0,2.1,24.0,24.1,24.6,22.7,-0.0,DRY,ON,20.0,20.0,20.0,Dry Forecast,Forecast dry. Recommend watering soon; pump stays OFF because ML_CONTROL_MODE=recommend.,Forecast Dry,,"Forecast Dry,DRY;TELEGRAM_SENT:Forecast Dry,DRY",OK
2026-06-20 01:47:42,32.0,55.0,20.0,24.0,-4.0,2.1,24.0,24.1,24.6,22.7,-0.0,DRY,ON,20.0,20.0,20.0,Dry Forecast,Forecast dry. Recommend watering soon; pump stays OFF because ML_CONTROL_MODE=recommend.,Forecast Dry,,"Forecast Dry,DRY;TELEGRAM_COOLDOWN:Forecast Dry,DRY",OK
2026-06-20 01:47:47,32.0,55.0,20.0,24.0,-4.0,2.1,24.0,24.1,24.6,22.7,-0.0,DRY,ON,20.0,20.0,20.0,Dry Forecast,Forecast dry. Recommend watering soon; pump stays OFF because ML_CONTROL_MODE=recommend.,Forecast Dry,,"Forecast Dry,DRY;TELEGRAM_SENT:Forecast Dry,DRY",OK
2026-06-20 01:47:55,32.0,55.0,20.0,24.0,-4.0,2.1,24.0,24.1,24.6,22.7,-0.0,DRY,ON,20.0,20.0,20.0,Dry Forecast,Forecast dry. Recommend watering soon; pump stays OFF because ML_CONTROL_MODE=recommend.,Forecast Dry,,"Forecast Dry,DRY;TELEGRAM_COOLDOWN:Forecast Dry,DRY",OK
2026-06-20 01:48:00,32.0,55.0,20.0,24.0,-4.0,2.1,24.0,24.1,24.6,22.7,-0.0,DRY,ON,20.0,20.0,20.0,Dry Forecast,Forecast dry. Recommend watering soon; pump stays OFF because ML_CONTROL_MODE=recommend.,Forecast Dry,,"Forecast Dry,DRY;TELEGRAM_SENT:Forecast Dry,DRY",OK
2026-06-20 01:48:06,32.0,55.0,20.0,24.0,-4.0,2.1,24.0,24.1,24.6,22.7,-0.0,DRY,ON,20.0,20.0,20.0,Dry Forecast,Forecast dry. Recommend watering soon; pump stays OFF because ML_CONTROL_MODE=recommend.,Forecast Dry,,"Forecast Dry,DRY;TELEGRAM_COOLDOWN:Forecast Dry,DRY",OK
2026-06-20 01:48:11,32.0,55.0,20.0,24.0,-4.0,2.1,24.0,24.1,24.6,22.7,-0.0,DRY,ON,20.0,20.0,20.0,Dry Forecast,Forecast dry. Recommend watering soon; pump stays OFF because ML_CONTROL_MODE=recommend.,Forecast Dry,,"Forecast Dry,DRY;TELEGRAM_SENT:Forecast Dry,DRY",OK
2026-06-20 01:48:18,32.0,55.0,20.0,24.0,-4.0,2.1,24.0,24.1,24.6,22.7,-0.0,DRY,ON,20.0,20.0,20.0,Dry Forecast,Forecast dry. Recommend watering soon; pump stays OFF because ML_CONTROL_MODE=recommend.,Forecast Dry,,"Forecast Dry,DRY;TELEGRAM_COOLDOWN:Forecast Dry,DRY",OK
2026-06-20 01:48:25,32.0,55.0,20.0,24.0,-4.0,2.1,24.0,24.1,24.6,22.7,-0.0,DRY,ON,20.0,20.0,20.0,Dry Forecast,Forecast dry. Recommend watering soon; pump stays OFF because ML_CONTROL_MODE=recommend.,Forecast Dry,,"Forecast Dry,DRY;TELEGRAM_SENT:Forecast Dry,DRY",OK
2026-06-20 01:48:31,32.0,55.0,20.0,24.0,-4.0,2.1,24.0,24.1,24.6,22.7,-0.0,DRY,ON,20.0,20.0,20.0,Dry Forecast,Forecast dry. Recommend watering soon; pump stays OFF because ML_CONTROL_MODE=recommend.,Forecast Dry,,"Forecast Dry,DRY;TELEGRAM_COOLDOWN:Forecast Dry,DRY",OK
2026-06-20 01:48:36,32.0,55.0,20.0,24.0,-4.0,2.1,24.0,24.1,24.6,22.7,-0.0,DRY,ON,20.0,20.0,20.0,Dry Forecast,Forecast dry. Recommend watering soon; pump stays OFF because ML_CONTROL_MODE=recommend.,Forecast Dry,,"Forecast Dry,DRY;TELEGRAM_SENT:Forecast Dry,DRY",OK
2026-06-20 01:48:42,32.0,55.0,20.0,24.0,-4.0,2.1,24.0,24.1,24.6,22.7,-0.0,DRY,ON,20.0,20.0,20.0,Dry Forecast,Forecast dry. Recommend watering soon; pump stays OFF because ML_CONTROL_MODE=recommend.,Forecast Dry,,"Forecast Dry,DRY;TELEGRAM_COOLDOWN:Forecast Dry,DRY",OK
2026-06-20 01:48:47,32.0,55.0,20.0,24.0,-4.0,2.1,24.0,24.1,24.6,22.7,-0.0,DRY,ON,20.0,20.0,20.0,Dry Forecast,Forecast dry. Recommend watering soon; pump stays OFF because ML_CONTROL_MODE=recommend.,Forecast Dry,,"Forecast Dry,DRY;TELEGRAM_SENT:Forecast Dry,DRY",OK
2026-06-20 01:48:53,32.0,55.0,20.0,24.0,-4.0,2.1,24.0,24.1,24.6,22.7,-0.0,DRY,ON,20.0,20.0,20.0,Dry Forecast,Forecast dry. Recommend watering soon; pump stays OFF because ML_CONTROL_MODE=recommend.,Forecast Dry,,"Forecast Dry,DRY;TELEGRAM_COOLDOWN:Forecast Dry,DRY",OK
2026-06-20 01:49:00,32.0,55.0,20.0,24.0,-4.0,2.1,24.0,24.1,24.6,22.7,-0.0,DRY,ON,20.0,20.0,20.0,Dry Forecast,Forecast dry. Recommend watering soon; pump stays OFF because ML_CONTROL_MODE=recommend.,Forecast Dry,,"Forecast Dry,DRY;TELEGRAM_SENT:Forecast Dry,DRY",OK
2026-06-20 01:49:06,32.0,55.0,20.0,24.0,-4.0,2.1,24.0,24.1,24.6,22.7,-0.0,DRY,ON,20.0,20.0,20.0,Dry Forecast,Forecast dry. Recommend watering soon; pump stays OFF because ML_CONTROL_MODE=recommend.,Forecast Dry,,"Forecast Dry,DRY;TELEGRAM_COOLDOWN:Forecast Dry,DRY",OK
2026-06-20 01:49:11,32.0,55.0,20.0,24.0,-4.0,2.1,24.0,24.1,24.6,22.7,-0.0,DRY,ON,20.0,20.0,20.0,Dry Forecast,Forecast dry. Recommend watering soon; pump stays OFF because ML_CONTROL_MODE=recommend.,Forecast Dry,,"Forecast Dry,DRY;TELEGRAM_SENT:Forecast Dry,DRY",OK
2026-06-20 01:49:17,32.0,55.0,20.0,24.0,-4.0,2.1,24.0,24.1,24.6,22.7,-0.0,DRY,ON,20.0,20.0,20.0,Dry Forecast,Forecast dry. Recommend watering soon; pump stays OFF because ML_CONTROL_MODE=recommend.,Forecast Dry,,"Forecast Dry,DRY;TELEGRAM_COOLDOWN:Forecast Dry,DRY",OK
2026-06-20 01:49:22,32.0,55.0,20.0,24.0,-4.0,2.1,24.0,24.1,24.6,22.7,-0.0,DRY,ON,20.0,20.0,20.0,Dry Forecast,Forecast dry. Recommend watering soon; pump stays OFF because ML_CONTROL_MODE=recommend.,Forecast Dry,,"Forecast Dry,DRY;TELEGRAM_SENT:Forecast Dry,DRY",OK
2026-06-20 01:49:28,32.0,55.0,20.0,24.0,-4.0,2.1,24.0,24.1,24.6,22.7,-0.0,DRY,ON,20.0,20.0,20.0,Dry Forecast,Forecast dry. Recommend watering soon; pump stays OFF because ML_CONTROL_MODE=recommend.,Forecast Dry,,"Forecast Dry,DRY;TELEGRAM_COOLDOWN:Forecast Dry,DRY",OK
2026-06-20 01:49:35,32.0,55.0,20.0,24.0,-4.0,2.1,24.0,24.1,24.6,22.7,-0.0,DRY,ON,20.0,20.0,20.0,Dry Forecast,Forecast dry. Recommend watering soon; pump stays OFF because ML_CONTROL_MODE=recommend.,Forecast Dry,,"Forecast Dry,DRY;TELEGRAM_SENT:Forecast Dry,DRY",OK
2026-06-20 01:49:41,32.0,55.0,20.0,24.0,-4.0,2.1,24.0,24.1,24.6,22.7,-0.0,DRY,ON,20.0,20.0,20.0,Dry Forecast,Forecast dry. Recommend watering soon; pump stays OFF because ML_CONTROL_MODE=recommend.,Forecast Dry,,"Forecast Dry,DRY;TELEGRAM_COOLDOWN:Forecast Dry,DRY",OK
2026-06-20 01:49:46,32.0,55.0,20.0,24.0,-4.0,2.1,24.0,24.1,24.6,22.7,-0.0,DRY,ON,20.0,20.0,20.0,Dry Forecast,Forecast dry. Recommend watering soon; pump stays OFF because ML_CONTROL_MODE=recommend.,Forecast Dry,,"Forecast Dry,DRY;TELEGRAM_SENT:Forecast Dry,DRY",OK
2026-06-20 01:49:52,32.0,55.0,20.0,24.0,-4.0,2.1,24.0,24.1,24.6,22.7,-0.0,DRY,ON,20.0,20.0,20.0,Dry Forecast,Forecast dry. Recommend watering soon; pump stays OFF because ML_CONTROL_MODE=recommend.,Forecast Dry,,"Forecast Dry,DRY;TELEGRAM_COOLDOWN:Forecast Dry,DRY",OK
2026-06-20 01:49:57,32.0,55.0,20.0,24.0,-4.0,2.1,24.0,24.1,24.6,22.7,-0.0,DRY,ON,20.0,20.0,20.0,Dry Forecast,Forecast dry. Recommend watering soon; pump stays OFF because ML_CONTROL_MODE=recommend.,Forecast Dry,,"Forecast Dry,DRY;TELEGRAM_SENT:Forecast Dry,DRY",OK
2026-06-20 01:50:03,32.0,55.0,20.0,24.0,-4.0,2.1,24.0,24.1,24.6,22.7,-0.0,DRY,ON,20.0,20.0,20.0,Dry Forecast,Forecast dry. Recommend watering soon; pump stays OFF because ML_CONTROL_MODE=recommend.,Forecast Dry,,"Forecast Dry,DRY;TELEGRAM_COOLDOWN:Forecast Dry,DRY",OK
2026-06-20 01:50:11,32.0,55.0,20.0,24.0,-4.0,2.1,24.0,24.1,24.6,22.7,-0.0,DRY,ON,20.0,20.0,20.0,Dry Forecast,Forecast dry. Recommend watering soon; pump stays OFF because ML_CONTROL_MODE=recommend.,Forecast Dry,,"Forecast Dry,DRY;TELEGRAM_SENT:Forecast Dry,DRY",OK
2026-06-20 01:50:17,32.0,55.0,20.0,24.0,-4.0,2.1,24.0,24.1,24.6,22.7,-0.0,DRY,ON,20.0,20.0,20.0,Dry Forecast,Forecast dry. Recommend watering soon; pump stays OFF because ML_CONTROL_MODE=recommend.,Forecast Dry,,"Forecast Dry,DRY;TELEGRAM_COOLDOWN:Forecast Dry,DRY",OK
2026-06-20 01:50:22,32.0,55.0,20.0,24.0,-4.0,2.1,24.0,24.1,24.6,22.7,-0.0,DRY,ON,20.0,20.0,20.0,Dry Forecast,Forecast dry. Recommend watering soon; pump stays OFF because ML_CONTROL_MODE=recommend.,Forecast Dry,,"Forecast Dry,DRY;TELEGRAM_SENT:Forecast Dry,DRY",OK
2026-06-20 01:50:28,32.0,55.0,20.0,24.0,-4.0,2.1,24.0,24.1,24.6,22.7,-0.0,DRY,ON,20.0,20.0,20.0,Dry Forecast,Forecast dry. Recommend watering soon; pump stays OFF because ML_CONTROL_MODE=recommend.,Forecast Dry,,"Forecast Dry,DRY;TELEGRAM_COOLDOWN:Forecast Dry,DRY",OK
2026-06-20 01:50:33,32.0,55.0,20.0,24.0,-4.0,2.1,24.0,24.1,24.6,22.7,-0.0,DRY,ON,20.0,20.0,20.0,Dry Forecast,Forecast dry. Recommend watering soon; pump stays OFF because ML_CONTROL_MODE=recommend.,Forecast Dry,,"Forecast Dry,DRY;TELEGRAM_SENT:Forecast Dry,DRY",OK
2026-06-20 01:50:39,32.0,55.0,20.0,24.0,-4.0,2.1,24.0,24.1,24.6,22.7,-0.0,DRY,ON,20.0,20.0,20.0,Dry Forecast,Forecast dry. Recommend watering soon; pump stays OFF because ML_CONTROL_MODE=recommend.,Forecast Dry,,"Forecast Dry,DRY;TELEGRAM_COOLDOWN:Forecast Dry,DRY",OK
2026-06-20 01:50:46,32.0,55.0,20.0,24.0,-4.0,2.1,24.0,24.1,24.6,22.7,-0.0,DRY,ON,20.0,20.0,20.0,Dry Forecast,Forecast dry. Recommend watering soon; pump stays OFF because ML_CONTROL_MODE=recommend.,Forecast Dry,,"Forecast Dry,DRY;TELEGRAM_SENT:Forecast Dry,DRY",OK
2026-06-20 01:50:52,32.0,55.0,20.0,24.0,-4.0,2.1,24.0,24.1,24.6,22.7,-0.0,DRY,ON,20.0,20.0,20.0,Dry Forecast,Forecast dry. Recommend watering soon; pump stays OFF because ML_CONTROL_MODE=recommend.,Forecast Dry,,"Forecast Dry,DRY;TELEGRAM_COOLDOWN:Forecast Dry,DRY",OK
2026-06-20 01:50:57,32.0,55.0,20.0,24.0,-4.0,2.1,24.0,24.1,24.6,22.7,-0.0,DRY,ON,20.0,20.0,20.0,Dry Forecast,Forecast dry. Recommend watering soon; pump stays OFF because ML_CONTROL_MODE=recommend.,Forecast Dry,,"Forecast Dry,DRY;TELEGRAM_SENT:Forecast Dry,DRY",OK
2026-06-20 01:51:03,32.0,55.0,20.0,24.0,-4.0,2.1,24.0,24.1,24.6,22.7,-0.0,DRY,ON,20.0,20.0,20.0,Dry Forecast,Forecast dry. Recommend watering soon; pump stays OFF because ML_CONTROL_MODE=recommend.,Forecast Dry,,"Forecast Dry,DRY;TELEGRAM_COOLDOWN:Forecast Dry,DRY",OK
2026-06-20 01:51:08,32.0,55.0,20.0,24.0,-4.0,2.1,24.0,24.1,24.6,22.7,-0.0,DRY,ON,20.0,20.0,20.0,Dry Forecast,Forecast dry. Recommend watering soon; pump stays OFF because ML_CONTROL_MODE=recommend.,Forecast Dry,,"Forecast Dry,DRY;TELEGRAM_SENT:Forecast Dry,DRY",OK
2026-06-20 01:51:14,32.0,55.0,20.0,24.0,-4.0,2.1,24.0,24.1,24.6,22.7,-0.0,DRY,ON,20.0,20.0,20.0,Dry Forecast,Forecast dry. Recommend watering soon; pump stays OFF because ML_CONTROL_MODE=recommend.,Forecast Dry,,"Forecast Dry,DRY;TELEGRAM_COOLDOWN:Forecast Dry,DRY",OK
2026-06-20 01:51:21,32.0,55.0,20.0,24.0,-4.0,2.1,24.0,24.1,24.6,22.7,-0.0,DRY,ON,20.0,20.0,20.0,Dry Forecast,Forecast dry. Recommend watering soon; pump stays OFF because ML_CONTROL_MODE=recommend.,Forecast Dry,,"Forecast Dry,DRY;TELEGRAM_SENT:Forecast Dry,DRY",OK
2026-06-20 01:51:27,32.0,55.0,20.0,24.0,-4.0,2.1,24.0,24.1,24.6,22.7,-0.0,DRY,ON,20.0,20.0,20.0,Dry Forecast,Forecast dry. Recommend watering soon; pump stays OFF because ML_CONTROL_MODE=recommend.,Forecast Dry,,"Forecast Dry,DRY;TELEGRAM_COOLDOWN:Forecast Dry,DRY",OK
2026-06-20 01:51:32,32.0,55.0,20.0,24.0,-4.0,2.1,24.0,24.1,24.6,22.7,-0.0,DRY,ON,20.0,20.0,20.0,Dry Forecast,Forecast dry. Recommend watering soon; pump stays OFF because ML_CONTROL_MODE=recommend.,Forecast Dry,,"Forecast Dry,DRY;TELEGRAM_SENT:Forecast Dry,DRY",OK
2026-06-20 01:51:38,32.0,55.0,20.0,24.0,-4.0,2.1,24.0,24.1,24.6,22.7,-0.0,DRY,ON,20.0,20.0,20.0,Dry Forecast,Forecast dry. Recommend watering soon; pump stays OFF because ML_CONTROL_MODE=recommend.,Forecast Dry,,"Forecast Dry,DRY;TELEGRAM_COOLDOWN:Forecast Dry,DRY",OK
2026-06-20 01:51:43,32.0,55.0,20.0,24.0,-4.0,2.1,24.0,24.1,24.6,22.7,-0.0,DRY,ON,20.0,20.0,20.0,Dry Forecast,Forecast dry. Recommend watering soon; pump stays OFF because ML_CONTROL_MODE=recommend.,Forecast Dry,,"Forecast Dry,DRY;TELEGRAM_SENT:Forecast Dry,DRY",OK
2026-06-20 01:51:49,32.0,55.0,20.0,24.0,-4.0,2.1,24.0,24.1,24.6,22.7,-0.0,DRY,ON,20.0,20.0,20.0,Dry Forecast,Forecast dry. Recommend watering soon; pump stays OFF because ML_CONTROL_MODE=recommend.,Forecast Dry,,"Forecast Dry,DRY;TELEGRAM_COOLDOWN:Forecast Dry,DRY",OK
2026-06-20 01:51:56,32.0,55.0,20.0,24.0,-4.0,2.1,24.0,24.1,24.6,22.7,-0.0,DRY,ON,20.0,20.0,20.0,Dry Forecast,Forecast dry. Recommend watering soon; pump stays OFF because ML_CONTROL_MODE=recommend.,Forecast Dry,,"Forecast Dry,DRY;TELEGRAM_SENT:Forecast Dry,DRY",OK
2026-06-20 01:52:02,32.0,55.0,20.0,24.0,-4.0,2.1,24.0,24.1,24.6,22.7,-0.0,DRY,ON,20.0,20.0,20.0,Dry Forecast,Forecast dry. Recommend watering soon; pump stays OFF because ML_CONTROL_MODE=recommend.,Forecast Dry,,"Forecast Dry,DRY;TELEGRAM_COOLDOWN:Forecast Dry,DRY",OK
2026-06-20 01:52:07,32.0,55.0,20.0,24.0,-4.0,2.1,24.0,24.1,24.6,22.7,-0.0,DRY,ON,20.0,20.0,20.0,Dry Forecast,Forecast dry. Recommend watering soon; pump stays OFF because ML_CONTROL_MODE=recommend.,Forecast Dry,,"Forecast Dry,DRY;TELEGRAM_SENT:Forecast Dry,DRY",OK
2026-06-20 01:52:13,32.0,55.0,20.0,24.0,-4.0,2.1,24.0,24.1,24.6,22.7,-0.0,DRY,ON,20.0,20.0,20.0,Dry Forecast,Forecast dry. Recommend watering soon; pump stays OFF because ML_CONTROL_MODE=recommend.,Forecast Dry,,"Forecast Dry,DRY;TELEGRAM_COOLDOWN:Forecast Dry,DRY",OK
2026-06-20 01:52:18,32.0,55.0,20.0,24.0,-4.0,2.1,24.0,24.1,24.6,22.7,-0.0,DRY,ON,20.0,20.0,20.0,Dry Forecast,Forecast dry. Recommend watering soon; pump stays OFF because ML_CONTROL_MODE=recommend.,Forecast Dry,,"Forecast Dry,DRY;TELEGRAM_SENT:Forecast Dry,DRY",OK
2026-06-20 01:52:24,32.0,55.0,20.0,24.0,-4.0,2.1,24.0,24.1,24.6,22.7,-0.0,DRY,ON,20.0,20.0,20.0,Dry Forecast,Forecast dry. Recommend watering soon; pump stays OFF because ML_CONTROL_MODE=recommend.,Forecast Dry,,"Forecast Dry,DRY;TELEGRAM_COOLDOWN:Forecast Dry,DRY",OK
2026-06-20 01:52:31,32.0,55.0,20.0,24.0,-4.0,2.1,24.0,24.1,24.6,22.7,-0.0,DRY,ON,20.0,20.0,20.0,Dry Forecast,Forecast dry. Recommend watering soon; pump stays OFF because ML_CONTROL_MODE=recommend.,Forecast Dry,,"Forecast Dry,DRY;TELEGRAM_SENT:Forecast Dry,DRY",OK
2026-06-20 01:52:38,32.0,55.0,20.0,24.0,-4.0,2.1,24.0,24.1,24.6,22.7,-0.0,DRY,ON,20.0,20.0,20.0,Dry Forecast,Forecast dry. Recommend watering soon; pump stays OFF because ML_CONTROL_MODE=recommend.,Forecast Dry,,"Forecast Dry,DRY;TELEGRAM_COOLDOWN:Forecast Dry,DRY",OK
2026-06-20 01:52:43,32.0,55.0,20.0,24.0,-4.0,2.1,24.0,24.1,24.6,22.7,-0.0,DRY,ON,20.0,20.0,20.0,Dry Forecast,Forecast dry. Recommend watering soon; pump stays OFF because ML_CONTROL_MODE=recommend.,Forecast Dry,,"Forecast Dry,DRY;TELEGRAM_SENT:Forecast Dry,DRY",OK
2026-06-20 01:52:49,32.0,55.0,20.0,24.0,-4.0,2.1,24.0,24.1,24.6,22.7,-0.0,DRY,ON,20.0,20.0,20.0,Dry Forecast,Forecast dry. Recommend watering soon; pump stays OFF because ML_CONTROL_MODE=recommend.,Forecast Dry,,"Forecast Dry,DRY;TELEGRAM_COOLDOWN:Forecast Dry,DRY",OK
2026-06-20 01:52:54,32.0,55.0,20.0,24.0,-4.0,2.1,24.0,24.1,24.6,22.7,-0.0,DRY,ON,20.0,20.0,20.0,Dry Forecast,Forecast dry. Recommend watering soon; pump stays OFF because ML_CONTROL_MODE=recommend.,Forecast Dry,,"Forecast Dry,DRY;TELEGRAM_SENT:Forecast Dry,DRY",OK
2026-06-20 01:53:02,32.0,55.0,20.0,24.0,-4.0,2.1,24.0,24.1,24.6,22.7,-0.0,DRY,ON,20.0,20.0,20.0,Dry Forecast,Forecast dry. Recommend watering soon; pump stays OFF because ML_CONTROL_MODE=recommend.,Forecast Dry,,"Forecast Dry,DRY;TELEGRAM_COOLDOWN:Forecast Dry,DRY",OK
2026-06-20 01:53:07,32.0,55.0,20.0,24.0,-4.0,2.1,24.0,24.1,24.6,22.7,-0.0,DRY,ON,20.0,20.0,20.0,Dry Forecast,Forecast dry. Recommend watering soon; pump stays OFF because ML_CONTROL_MODE=recommend.,Forecast Dry,,"Forecast Dry,DRY;TELEGRAM_SENT:Forecast Dry,DRY",OK
2026-06-20 01:53:13,32.0,55.0,20.0,24.0,-4.0,2.1,24.0,24.1,24.6,22.7,-0.0,DRY,ON,20.0,20.0,20.0,Dry Forecast,Forecast dry. Recommend watering soon; pump stays OFF because ML_CONTROL_MODE=recommend.,Forecast Dry,,"Forecast Dry,DRY;TELEGRAM_COOLDOWN:Forecast Dry,DRY",OK
2026-06-20 01:53:18,32.0,55.0,20.0,24.0,-4.0,2.1,24.0,24.1,24.6,22.7,-0.0,DRY,ON,20.0,20.0,20.0,Dry Forecast,Forecast dry. Recommend watering soon; pump stays OFF because ML_CONTROL_MODE=recommend.,Forecast Dry,,"Forecast Dry,DRY;TELEGRAM_SENT:Forecast Dry,DRY",OK
2026-06-20 01:53:24,32.0,55.0,20.0,24.0,-4.0,2.1,24.0,24.1,24.6,22.7,-0.0,DRY,ON,20.0,20.0,20.0,Dry Forecast,Forecast dry. Recommend watering soon; pump stays OFF because ML_CONTROL_MODE=recommend.,Forecast Dry,,"Forecast Dry,DRY;TELEGRAM_COOLDOWN:Forecast Dry,DRY",OK
2026-06-20 01:53:29,32.0,55.0,20.0,24.0,-4.0,2.1,24.0,24.1,24.6,22.7,-0.0,DRY,ON,20.0,20.0,20.0,Dry Forecast,Forecast dry. Recommend watering soon; pump stays OFF because ML_CONTROL_MODE=recommend.,Forecast Dry,,"Forecast Dry,DRY;TELEGRAM_SENT:Forecast Dry,DRY",OK
2026-06-20 01:53:37,32.0,55.0,20.0,24.0,-4.0,2.1,24.0,24.1,24.6,22.7,-0.0,DRY,ON,20.0,20.0,20.0,Dry Forecast,Forecast dry. Recommend watering soon; pump stays OFF because ML_CONTROL_MODE=recommend.,Forecast Dry,,"Forecast Dry,DRY;TELEGRAM_COOLDOWN:Forecast Dry,DRY",OK
2026-06-20 01:53:42,32.0,55.0,20.0,24.0,-4.0,2.1,24.0,24.1,24.6,22.7,-0.0,DRY,ON,20.0,20.0,20.0,Dry Forecast,Forecast dry. Recommend watering soon; pump stays OFF because ML_CONTROL_MODE=recommend.,Forecast Dry,,"Forecast Dry,DRY;TELEGRAM_SENT:Forecast Dry,DRY",OK
2026-06-20 01:53:48,32.0,55.0,20.0,24.0,-4.0,2.1,24.0,24.1,24.6,22.7,-0.0,DRY,ON,20.0,20.0,20.0,Dry Forecast,Forecast dry. Recommend watering soon; pump stays OFF because ML_CONTROL_MODE=recommend.,Forecast Dry,,"Forecast Dry,DRY;TELEGRAM_COOLDOWN:Forecast Dry,DRY",OK
2026-06-20 01:53:53,32.0,55.0,20.0,24.0,-4.0,2.1,24.0,24.1,24.6,22.7,-0.0,DRY,ON,20.0,20.0,20.0,Dry Forecast,Forecast dry. Recommend watering soon; pump stays OFF because ML_CONTROL_MODE=recommend.,Forecast Dry,,"Forecast Dry,DRY;TELEGRAM_SENT:Forecast Dry,DRY",OK
2026-06-20 01:53:59,32.0,55.0,20.0,24.0,-4.0,2.1,24.0,24.1,24.6,22.7,-0.0,DRY,ON,20.0,20.0,20.0,Dry Forecast,Forecast dry. Recommend watering soon; pump stays OFF because ML_CONTROL_MODE=recommend.,Forecast Dry,,"Forecast Dry,DRY;TELEGRAM_COOLDOWN:Forecast Dry,DRY",OK
2026-06-20 01:54:05,32.0,55.0,20.0,24.0,-4.0,2.1,24.0,24.1,24.6,22.7,-0.0,DRY,ON,20.0,20.0,20.0,Dry Forecast,Forecast dry. Recommend watering soon; pump stays OFF because ML_CONTROL_MODE=recommend.,Forecast Dry,,"Forecast Dry,DRY;TELEGRAM_SENT:Forecast Dry,DRY",OK
2026-06-20 01:54:12,32.0,55.0,20.0,24.0,-4.0,2.1,24.0,24.1,24.6,22.7,-0.0,DRY,ON,20.0,20.0,20.0,Dry Forecast,Forecast dry. Recommend watering soon; pump stays OFF because ML_CONTROL_MODE=recommend.,Forecast Dry,,"Forecast Dry,DRY;TELEGRAM_COOLDOWN:Forecast Dry,DRY",OK
2026-06-20 01:54:17,32.0,55.0,20.0,24.0,-4.0,2.1,24.0,24.1,24.6,22.7,-0.0,DRY,ON,20.0,20.0,20.0,Dry Forecast,Forecast dry. Recommend watering soon; pump stays OFF because ML_CONTROL_MODE=recommend.,Forecast Dry,,"Forecast Dry,DRY;TELEGRAM_SENT:Forecast Dry,DRY",OK
2026-06-20 01:54:23,32.0,55.0,20.0,24.0,-4.0,2.1,24.0,24.1,24.6,22.7,-0.0,DRY,ON,20.0,20.0,20.0,Dry Forecast,Forecast dry. Recommend watering soon; pump stays OFF because ML_CONTROL_MODE=recommend.,Forecast Dry,,"Forecast Dry,DRY;TELEGRAM_COOLDOWN:Forecast Dry,DRY",OK
2026-06-20 01:54:28,32.0,55.0,20.0,24.0,-4.0,2.1,24.0,24.1,24.6,22.7,-0.0,DRY,ON,20.0,20.0,20.0,Dry Forecast,Forecast dry. Recommend watering soon; pump stays OFF because ML_CONTROL_MODE=recommend.,Forecast Dry,,"Forecast Dry,DRY;TELEGRAM_SENT:Forecast Dry,DRY",OK
2026-06-20 01:54:34,32.0,55.0,20.0,24.0,-4.0,2.1,24.0,24.1,24.6,22.7,-0.0,DRY,ON,20.0,20.0,20.0,Dry Forecast,Forecast dry. Recommend watering soon; pump stays OFF because ML_CONTROL_MODE=recommend.,Forecast Dry,,"Forecast Dry,DRY;TELEGRAM_COOLDOWN:Forecast Dry,DRY",OK
2026-06-20 01:54:39,32.0,55.0,20.0,24.0,-4.0,2.1,24.0,24.1,24.6,22.7,-0.0,DRY,ON,20.0,20.0,20.0,Dry Forecast,Forecast dry. Recommend watering soon; pump stays OFF because ML_CONTROL_MODE=recommend.,Forecast Dry,,"Forecast Dry,DRY;TELEGRAM_SENT:Forecast Dry,DRY",OK
2026-06-20 01:54:47,32.0,55.0,20.0,24.0,-4.0,2.1,24.0,24.1,24.6,22.7,-0.0,DRY,ON,20.0,20.0,20.0,Dry Forecast,Forecast dry. Recommend watering soon; pump stays OFF because ML_CONTROL_MODE=recommend.,Forecast Dry,,"Forecast Dry,DRY;TELEGRAM_COOLDOWN:Forecast Dry,DRY",OK
2026-06-20 01:54:52,32.0,55.0,20.0,24.0,-4.0,2.1,24.0,24.1,24.6,22.7,-0.0,DRY,ON,20.0,20.0,20.0,Dry Forecast,Forecast dry. Recommend watering soon; pump stays OFF because ML_CONTROL_MODE=recommend.,Forecast Dry,,"Forecast Dry,DRY;TELEGRAM_SENT:Forecast Dry,DRY",OK
2026-06-20 01:54:58,32.0,55.0,20.0,24.0,-4.0,2.1,24.0,24.1,24.6,22.7,-0.0,DRY,ON,20.0,20.0,20.0,Dry Forecast,Forecast dry. Recommend watering soon; pump stays OFF because ML_CONTROL_MODE=recommend.,Forecast Dry,,"Forecast Dry,DRY;TELEGRAM_COOLDOWN:Forecast Dry,DRY",OK
2026-06-20 01:55:03,32.0,55.0,20.0,24.0,-4.0,2.1,24.0,24.1,24.6,22.7,-0.0,DRY,ON,20.0,20.0,20.0,Dry Forecast,Forecast dry. Recommend watering soon; pump stays OFF because ML_CONTROL_MODE=recommend.,Forecast Dry,,"Forecast Dry,DRY;TELEGRAM_SENT:Forecast Dry,DRY",OK
2026-06-20 01:55:10,32.0,55.0,20.0,24.0,-4.0,2.1,24.0,24.1,24.6,22.7,-0.0,DRY,ON,20.0,20.0,20.0,Dry Forecast,Forecast dry. Recommend watering soon; pump stays OFF because ML_CONTROL_MODE=recommend.,Forecast Dry,,"Forecast Dry,DRY;TELEGRAM_COOLDOWN:Forecast Dry,DRY",OK
2026-06-20 01:55:15,32.0,55.0,20.0,24.0,-4.0,2.1,24.0,24.1,24.6,22.7,-0.0,DRY,ON,20.0,20.0,20.0,Dry Forecast,Forecast dry. Recommend watering soon; pump stays OFF because ML_CONTROL_MODE=recommend.,Forecast Dry,,"Forecast Dry,DRY;TELEGRAM_SENT:Forecast Dry,DRY",OK
2026-06-20 01:55:23,32.0,55.0,20.0,24.0,-4.0,2.1,24.0,24.1,24.6,22.7,-0.0,DRY,ON,20.0,20.0,20.0,Dry Forecast,Forecast dry. Recommend watering soon; pump stays OFF because ML_CONTROL_MODE=recommend.,Forecast Dry,,"Forecast Dry,DRY;TELEGRAM_COOLDOWN:Forecast Dry,DRY",OK
2026-06-20 01:55:28,32.0,55.0,20.0,24.0,-4.0,2.1,24.0,24.1,24.6,22.7,-0.0,DRY,ON,20.0,20.0,20.0,Dry Forecast,Forecast dry. Recommend watering soon; pump stays OFF because ML_CONTROL_MODE=recommend.,Forecast Dry,,"Forecast Dry,DRY;TELEGRAM_SENT:Forecast Dry,DRY",OK
2026-06-20 01:55:34,32.0,55.0,20.0,24.0,-4.0,2.1,24.0,24.1,24.6,22.7,-0.0,DRY,ON,20.0,20.0,20.0,Dry Forecast,Forecast dry. Recommend watering soon; pump stays OFF because ML_CONTROL_MODE=recommend.,Forecast Dry,,"Forecast Dry,DRY;TELEGRAM_COOLDOWN:Forecast Dry,DRY",OK
2026-06-20 01:55:39,32.0,55.0,20.0,24.0,-4.0,2.1,24.0,24.1,24.6,22.7,-0.0,DRY,ON,20.0,20.0,20.0,Dry Forecast,Forecast dry. Recommend watering soon; pump stays OFF because ML_CONTROL_MODE=recommend.,Forecast Dry,,"Forecast Dry,DRY;TELEGRAM_SENT:Forecast Dry,DRY",OK
2026-06-20 01:55:45,32.0,55.0,20.0,24.0,-4.0,2.1,24.0,24.1,24.6,22.7,-0.0,DRY,ON,20.0,20.0,20.0,Dry Forecast,Forecast dry. Recommend watering soon; pump stays OFF because ML_CONTROL_MODE=recommend.,Forecast Dry,,"Forecast Dry,DRY;TELEGRAM_COOLDOWN:Forecast Dry,DRY",OK
2026-06-20 01:55:50,32.0,55.0,20.0,24.0,-4.0,2.1,24.0,24.1,24.6,22.7,-0.0,DRY,ON,20.0,20.0,20.0,Dry Forecast,Forecast dry. Recommend watering soon; pump stays OFF because ML_CONTROL_MODE=recommend.,Forecast Dry,,"Forecast Dry,DRY;TELEGRAM_SENT:Forecast Dry,DRY",OK
2026-06-20 01:55:58,32.0,55.0,20.0,24.0,-4.0,2.1,24.0,24.1,24.6,22.7,-0.0,DRY,ON,20.0,20.0,20.0,Dry Forecast,Forecast dry. Recommend watering soon; pump stays OFF because ML_CONTROL_MODE=recommend.,Forecast Dry,,"Forecast Dry,DRY;TELEGRAM_COOLDOWN:Forecast Dry,DRY",OK
2026-06-20 01:56:03,32.0,55.0,20.0,24.0,-4.0,2.1,24.0,24.1,24.6,22.7,-0.0,DRY,ON,20.0,20.0,20.0,Dry Forecast,Forecast dry. Recommend watering soon; pump stays OFF because ML_CONTROL_MODE=recommend.,Forecast Dry,,"Forecast Dry,DRY;TELEGRAM_SENT:Forecast Dry,DRY",OK
2026-06-20 01:56:09,32.0,55.0,20.0,24.0,-4.0,2.1,24.0,24.1,24.6,22.7,-0.0,DRY,ON,20.0,20.0,20.0,Dry Forecast,Forecast dry. Recommend watering soon; pump stays OFF because ML_CONTROL_MODE=recommend.,Forecast Dry,,"Forecast Dry,DRY;TELEGRAM_COOLDOWN:Forecast Dry,DRY",OK
2026-06-20 01:56:14,32.0,55.0,20.0,24.0,-4.0,2.1,24.0,24.1,24.6,22.7,-0.0,DRY,ON,20.0,20.0,20.0,Dry Forecast,Forecast dry. Recommend watering soon; pump stays OFF because ML_CONTROL_MODE=recommend.,Forecast Dry,,"Forecast Dry,DRY;TELEGRAM_SENT:Forecast Dry,DRY",OK
2026-06-20 01:56:20,32.0,55.0,20.0,24.0,-4.0,2.1,24.0,24.1,24.6,22.7,-0.0,DRY,ON,20.0,20.0,20.0,Dry Forecast,Forecast dry. Recommend watering soon; pump stays OFF because ML_CONTROL_MODE=recommend.,Forecast Dry,,"Forecast Dry,DRY;TELEGRAM_COOLDOWN:Forecast Dry,DRY",OK
2026-06-20 01:56:25,32.0,55.0,20.0,24.0,-4.0,2.1,24.0,24.1,24.6,22.7,-0.0,DRY,ON,20.0,20.0,20.0,Dry Forecast,Forecast dry. Recommend watering soon; pump stays OFF because ML_CONTROL_MODE=recommend.,Forecast Dry,,"Forecast Dry,DRY;TELEGRAM_SENT:Forecast Dry,DRY",OK
2026-06-20 01:56:33,32.0,55.0,20.0,24.0,-4.0,2.1,24.0,24.1,24.6,22.7,-0.0,DRY,ON,20.0,20.0,20.0,Dry Forecast,Forecast dry. Recommend watering soon; pump stays OFF because ML_CONTROL_MODE=recommend.,Forecast Dry,,"Forecast Dry,DRY;TELEGRAM_COOLDOWN:Forecast Dry,DRY",OK
2026-06-20 01:56:38,32.0,55.0,20.0,24.0,-4.0,2.1,24.0,24.1,24.6,22.7,-0.0,DRY,ON,20.0,20.0,20.0,Dry Forecast,Forecast dry. Recommend watering soon; pump stays OFF because ML_CONTROL_MODE=recommend.,Forecast Dry,,"Forecast Dry,DRY;TELEGRAM_SENT:Forecast Dry,DRY",OK
2026-06-20 01:56:44,32.0,55.0,20.0,24.0,-4.0,2.1,24.0,24.1,24.6,22.7,-0.0,DRY,ON,20.0,20.0,20.0,Dry Forecast,Forecast dry. Recommend watering soon; pump stays OFF because ML_CONTROL_MODE=recommend.,Forecast Dry,,"Forecast Dry,DRY;TELEGRAM_COOLDOWN:Forecast Dry,DRY",OK
2026-06-20 01:56:49,32.0,55.0,20.0,24.0,-4.0,2.1,24.0,24.1,24.6,22.7,-0.0,DRY,ON,20.0,20.0,20.0,Dry Forecast,Forecast dry. Recommend watering soon; pump stays OFF because ML_CONTROL_MODE=recommend.,Forecast Dry,,"Forecast Dry,DRY;TELEGRAM_SENT:Forecast Dry,DRY",OK
2026-06-20 01:56:55,32.0,55.0,20.0,24.0,-4.0,2.1,24.0,24.1,24.6,22.7,-0.0,DRY,ON,20.0,20.0,20.0,Dry Forecast,Forecast dry. Recommend watering soon; pump stays OFF because ML_CONTROL_MODE=recommend.,Forecast Dry,,"Forecast Dry,DRY;TELEGRAM_COOLDOWN:Forecast Dry,DRY",OK
2026-06-20 01:57:00,32.0,55.0,20.0,24.0,-4.0,2.1,24.0,24.1,24.6,22.7,-0.0,DRY,ON,20.0,20.0,20.0,Dry Forecast,Forecast dry. Recommend watering soon; pump stays OFF because ML_CONTROL_MODE=recommend.,Forecast Dry,,"Forecast Dry,DRY;TELEGRAM_SENT:Forecast Dry,DRY",OK
2026-06-20 01:57:08,32.0,55.0,20.0,24.0,-4.0,2.1,24.0,24.1,24.6,22.7,-0.0,DRY,ON,20.0,20.0,20.0,Dry Forecast,Forecast dry. Recommend watering soon; pump stays OFF because ML_CONTROL_MODE=recommend.,Forecast Dry,,"Forecast Dry,DRY;TELEGRAM_COOLDOWN:Forecast Dry,DRY",OK
2026-06-20 01:57:13,32.0,55.0,20.0,24.0,-4.0,2.1,24.0,24.1,24.6,22.7,-0.0,DRY,ON,20.0,20.0,20.0,Dry Forecast,Forecast dry. Recommend watering soon; pump stays OFF because ML_CONTROL_MODE=recommend.,Forecast Dry,,"Forecast Dry,DRY;TELEGRAM_SENT:Forecast Dry,DRY",OK
2026-06-20 01:57:19,32.0,55.0,20.0,24.0,-4.0,2.1,24.0,24.1,24.6,22.7,-0.0,DRY,ON,20.0,20.0,20.0,Dry Forecast,Forecast dry. Recommend watering soon; pump stays OFF because ML_CONTROL_MODE=recommend.,Forecast Dry,,"Forecast Dry,DRY;TELEGRAM_COOLDOWN:Forecast Dry,DRY",OK
2026-06-20 01:57:24,32.0,55.0,20.0,24.0,-4.0,2.1,24.0,24.1,24.6,22.7,-0.0,DRY,ON,20.0,20.0,20.0,Dry Forecast,Forecast dry. Recommend watering soon; pump stays OFF because ML_CONTROL_MODE=recommend.,Forecast Dry,,"Forecast Dry,DRY;TELEGRAM_SENT:Forecast Dry,DRY",OK
2026-06-20 01:57:30,32.0,55.0,20.0,24.0,-4.0,2.1,24.0,24.1,24.6,22.7,-0.0,DRY,ON,20.0,20.0,20.0,Dry Forecast,Forecast dry. Recommend watering soon; pump stays OFF because ML_CONTROL_MODE=recommend.,Forecast Dry,,"Forecast Dry,DRY;TELEGRAM_COOLDOWN:Forecast Dry,DRY",OK
2026-06-20 01:57:37,32.0,55.0,20.0,24.0,-4.0,2.1,24.0,24.1,24.6,22.7,-0.0,DRY,ON,20.0,20.0,20.0,Dry Forecast,Forecast dry. Recommend watering soon; pump stays OFF because ML_CONTROL_MODE=recommend.,Forecast Dry,,"Forecast Dry,DRY;TELEGRAM_SENT:Forecast Dry,DRY",OK
2026-06-20 01:57:43,32.0,55.0,20.0,24.0,-4.0,2.1,24.0,24.1,24.6,22.7,-0.0,DRY,ON,20.0,20.0,20.0,Dry Forecast,Forecast dry. Recommend watering soon; pump stays OFF because ML_CONTROL_MODE=recommend.,Forecast Dry,,"Forecast Dry,DRY;TELEGRAM_COOLDOWN:Forecast Dry,DRY",OK
2026-06-20 01:57:48,32.0,55.0,20.0,24.0,-4.0,2.1,24.0,24.1,24.6,22.7,-0.0,DRY,ON,20.0,20.0,20.0,Dry Forecast,Forecast dry. Recommend watering soon; pump stays OFF because ML_CONTROL_MODE=recommend.,Forecast Dry,,"Forecast Dry,DRY;TELEGRAM_SENT:Forecast Dry,DRY",OK
2026-06-20 01:57:55,32.0,55.0,20.0,24.0,-4.0,2.1,24.0,24.1,24.6,22.7,-0.0,DRY,ON,20.0,20.0,20.0,Dry Forecast,Forecast dry. Recommend watering soon; pump stays OFF because ML_CONTROL_MODE=recommend.,Forecast Dry,,"Forecast Dry,DRY;TELEGRAM_COOLDOWN:Forecast Dry,DRY",OK
2026-06-20 01:58:00,32.0,55.0,20.0,24.0,-4.0,2.1,24.0,24.1,24.6,22.7,-0.0,DRY,ON,20.0,20.0,20.0,Dry Forecast,Forecast dry. Recommend watering soon; pump stays OFF because ML_CONTROL_MODE=recommend.,Forecast Dry,,"Forecast Dry,DRY;TELEGRAM_SENT:Forecast Dry,DRY",OK
2026-06-20 01:58:07,32.0,55.0,20.0,24.0,-4.0,2.1,24.0,24.1,24.6,22.7,-0.0,DRY,ON,20.0,20.0,20.0,Dry Forecast,Forecast dry. Recommend watering soon; pump stays OFF because ML_CONTROL_MODE=recommend.,Forecast Dry,,"Forecast Dry,DRY;TELEGRAM_COOLDOWN:Forecast Dry,DRY",OK
2026-06-20 01:58:14,32.0,55.0,20.0,24.0,-4.0,2.1,24.0,24.1,24.6,22.7,-0.0,DRY,ON,20.0,20.0,20.0,Dry Forecast,Forecast dry. Recommend watering soon; pump stays OFF because ML_CONTROL_MODE=recommend.,Forecast Dry,,"Forecast Dry,DRY;TELEGRAM_SENT:Forecast Dry,DRY",OK
2026-06-20 01:58:20,32.0,55.0,20.0,24.0,-4.0,2.1,24.0,24.1,24.6,22.7,-0.0,DRY,ON,20.0,20.0,20.0,Dry Forecast,Forecast dry. Recommend watering soon; pump stays OFF because ML_CONTROL_MODE=recommend.,Forecast Dry,,"Forecast Dry,DRY;TELEGRAM_COOLDOWN:Forecast Dry,DRY",OK
2026-06-20 01:58:25,32.0,55.0,20.0,24.0,-4.0,2.1,24.0,24.1,24.6,22.7,-0.0,DRY,ON,20.0,20.0,20.0,Dry Forecast,Forecast dry. Recommend watering soon; pump stays OFF because ML_CONTROL_MODE=recommend.,Forecast Dry,,"Forecast Dry,DRY;TELEGRAM_SENT:Forecast Dry,DRY",OK
2026-06-20 01:58:31,32.0,55.0,20.0,24.0,-4.0,2.1,24.0,24.1,24.6,22.7,-0.0,DRY,ON,20.0,20.0,20.0,Dry Forecast,Forecast dry. Recommend watering soon; pump stays OFF because ML_CONTROL_MODE=recommend.,Forecast Dry,,"Forecast Dry,DRY;TELEGRAM_COOLDOWN:Forecast Dry,DRY",OK
2026-06-20 01:58:36,32.0,55.0,20.0,24.0,-4.0,2.1,24.0,24.1,24.6,22.7,-0.0,DRY,ON,20.0,20.0,20.0,Dry Forecast,Forecast dry. Recommend watering soon; pump stays OFF because ML_CONTROL_MODE=recommend.,Forecast Dry,,"Forecast Dry,DRY;TELEGRAM_SENT:Forecast Dry,DRY",OK
2026-06-20 01:58:41,32.0,55.0,20.0,24.0,-4.0,2.1,24.0,24.1,24.6,22.7,-0.0,DRY,ON,20.0,20.0,20.0,Dry Forecast,Forecast dry. Recommend watering soon; pump stays OFF because ML_CONTROL_MODE=recommend.,Forecast Dry,,"Forecast Dry,DRY;TELEGRAM_COOLDOWN:Forecast Dry,DRY",OK
2026-06-20 01:58:49,32.0,55.0,20.0,24.0,-4.0,2.1,24.0,24.1,24.6,22.7,-0.0,DRY,ON,20.0,20.0,20.0,Dry Forecast,Forecast dry. Recommend watering soon; pump stays OFF because ML_CONTROL_MODE=recommend.,Forecast Dry,,"Forecast Dry,DRY;TELEGRAM_SENT:Forecast Dry,DRY",OK
2026-06-20 01:58:54,32.0,55.0,20.0,24.0,-4.0,2.1,24.0,24.1,24.6,22.7,-0.0,DRY,ON,20.0,20.0,20.0,Dry Forecast,Forecast dry. Recommend watering soon; pump stays OFF because ML_CONTROL_MODE=recommend.,Forecast Dry,,"Forecast Dry,DRY;TELEGRAM_COOLDOWN:Forecast Dry,DRY",OK
2026-06-20 01:58:59,32.0,55.0,20.0,24.0,-4.0,2.1,24.0,24.1,24.6,22.7,-0.0,DRY,ON,20.0,20.0,20.0,Dry Forecast,Forecast dry. Recommend watering soon; pump stays OFF because ML_CONTROL_MODE=recommend.,Forecast Dry,,"Forecast Dry,DRY;TELEGRAM_SENT:Forecast Dry,DRY",OK
2026-06-20 01:59:05,32.0,55.0,20.0,24.0,-4.0,2.1,24.0,24.1,24.6,22.7,-0.0,DRY,ON,20.0,20.0,20.0,Dry Forecast,Forecast dry. Recommend watering soon; pump stays OFF because ML_CONTROL_MODE=recommend.,Forecast Dry,,"Forecast Dry,DRY;TELEGRAM_COOLDOWN:Forecast Dry,DRY",OK
2026-06-20 01:59:10,32.0,55.0,20.0,24.0,-4.0,2.1,24.0,24.1,24.6,22.7,-0.0,DRY,ON,20.0,20.0,20.0,Dry Forecast,Forecast dry. Recommend watering soon; pump stays OFF because ML_CONTROL_MODE=recommend.,Forecast Dry,,"Forecast Dry,DRY;TELEGRAM_SENT:Forecast Dry,DRY",OK
2026-06-20 01:59:16,32.0,55.0,20.0,24.0,-4.0,2.1,24.0,24.1,24.6,22.7,-0.0,DRY,ON,20.0,20.0,20.0,Dry Forecast,Forecast dry. Recommend watering soon; pump stays OFF because ML_CONTROL_MODE=recommend.,Forecast Dry,,"Forecast Dry,DRY;TELEGRAM_COOLDOWN:Forecast Dry,DRY",OK
2026-06-20 01:59:23,32.0,55.0,20.0,24.0,-4.0,2.1,24.0,24.1,24.6,22.7,-0.0,DRY,ON,20.0,20.0,20.0,Dry Forecast,Forecast dry. Recommend watering soon; pump stays OFF because ML_CONTROL_MODE=recommend.,Forecast Dry,,"Forecast Dry,DRY;TELEGRAM_SENT:Forecast Dry,DRY",OK
2026-06-20 01:59:29,32.0,55.0,20.0,24.0,-4.0,2.1,24.0,24.1,24.6,22.7,-0.0,DRY,ON,20.0,20.0,20.0,Dry Forecast,Forecast dry. Recommend watering soon; pump stays OFF because ML_CONTROL_MODE=recommend.,Forecast Dry,,"Forecast Dry,DRY;TELEGRAM_COOLDOWN:Forecast Dry,DRY",OK
2026-06-20 01:59:34,32.0,55.0,20.0,24.0,-4.0,2.1,24.0,24.1,24.6,22.7,-0.0,DRY,ON,20.0,20.0,20.0,Dry Forecast,Forecast dry. Recommend watering soon; pump stays OFF because ML_CONTROL_MODE=recommend.,Forecast Dry,,"Forecast Dry,DRY;TELEGRAM_SENT:Forecast Dry,DRY",OK
2026-06-20 01:59:40,32.0,55.0,20.0,24.0,-4.0,2.1,24.0,24.1,24.6,22.7,-0.0,DRY,ON,20.0,20.0,20.0,Dry Forecast,Forecast dry. Recommend watering soon; pump stays OFF because ML_CONTROL_MODE=recommend.,Forecast Dry,,"Forecast Dry,DRY;TELEGRAM_COOLDOWN:Forecast Dry,DRY",OK
2026-06-20 01:59:45,32.0,55.0,20.0,24.0,-4.0,2.1,24.0,24.1,24.6,22.7,-0.0,DRY,ON,20.0,20.0,20.0,Dry Forecast,Forecast dry. Recommend watering soon; pump stays OFF because ML_CONTROL_MODE=recommend.,Forecast Dry,,"Forecast Dry,DRY;TELEGRAM_SENT:Forecast Dry,DRY",OK
2026-06-20 01:59:51,32.0,55.0,20.0,24.0,-4.0,2.1,24.0,24.1,24.6,22.7,-0.0,DRY,ON,20.0,20.0,20.0,Dry Forecast,Forecast dry. Recommend watering soon; pump stays OFF because ML_CONTROL_MODE=recommend.,Forecast Dry,,"Forecast Dry,DRY;TELEGRAM_COOLDOWN:Forecast Dry,DRY",OK
2026-06-20 01:59:58,32.0,55.0,20.0,24.0,-4.0,2.1,24.0,24.1,24.6,22.7,-0.0,DRY,ON,20.0,20.0,20.0,Dry Forecast,Forecast dry. Recommend watering soon; pump stays OFF because ML_CONTROL_MODE=recommend.,Forecast Dry,,"Forecast Dry,DRY;TELEGRAM_SENT:Forecast Dry,DRY",OK
2026-06-20 02:00:04,32.0,55.0,20.0,24.0,-4.0,2.1,24.0,24.1,24.6,22.7,-0.0,DRY,ON,20.0,20.0,20.0,Dry Forecast,Forecast dry. Recommend watering soon; pump stays OFF because ML_CONTROL_MODE=recommend.,Forecast Dry,,"Forecast Dry,DRY;TELEGRAM_COOLDOWN:Forecast Dry,DRY",OK
2026-06-20 02:00:09,32.0,55.0,20.0,24.0,-4.0,2.1,24.0,24.1,24.6,22.7,-0.0,DRY,ON,20.0,20.0,20.0,Dry Forecast,Forecast dry. Recommend watering soon; pump stays OFF because ML_CONTROL_MODE=recommend.,Forecast Dry,,"Forecast Dry,DRY;TELEGRAM_SENT:Forecast Dry,DRY",OK
2026-06-20 02:00:15,32.0,55.0,20.0,24.0,-4.0,2.1,24.0,24.1,24.6,22.7,-0.0,DRY,ON,20.0,20.0,20.0,Dry Forecast,Forecast dry. Recommend watering soon; pump stays OFF because ML_CONTROL_MODE=recommend.,Forecast Dry,,"Forecast Dry,DRY;TELEGRAM_COOLDOWN:Forecast Dry,DRY",OK
2026-06-20 02:00:20,32.0,55.0,20.0,24.0,-4.0,2.1,24.0,24.1,24.6,22.7,-0.0,DRY,ON,20.0,20.0,20.0,Dry Forecast,Forecast dry. Recommend watering soon; pump stays OFF because ML_CONTROL_MODE=recommend.,Forecast Dry,,"Forecast Dry,DRY;TELEGRAM_SENT:Forecast Dry,DRY",OK
2026-06-20 02:00:26,32.0,55.0,20.0,24.0,-4.0,2.1,24.0,24.1,24.6,22.7,-0.0,DRY,ON,20.0,20.0,20.0,Dry Forecast,Forecast dry. Recommend watering soon; pump stays OFF because ML_CONTROL_MODE=recommend.,Forecast Dry,,"Forecast Dry,DRY;TELEGRAM_COOLDOWN:Forecast Dry,DRY",OK
2026-06-20 02:00:34,32.0,55.0,20.0,24.0,-4.0,2.1,24.0,24.1,24.6,22.7,-0.0,DRY,ON,20.0,20.0,20.0,Dry Forecast,Forecast dry. Recommend watering soon; pump stays OFF because ML_CONTROL_MODE=recommend.,Forecast Dry,,"Forecast Dry,DRY;TELEGRAM_SENT:Forecast Dry,DRY",OK
2026-06-20 02:00:40,32.0,55.0,20.0,24.0,-4.0,2.1,24.0,24.1,24.6,22.7,-0.0,DRY,ON,20.0,20.0,20.0,Dry Forecast,Forecast dry. Recommend watering soon; pump stays OFF because ML_CONTROL_MODE=recommend.,Forecast Dry,,"Forecast Dry,DRY;TELEGRAM_COOLDOWN:Forecast Dry,DRY",OK
2026-06-20 02:00:45,32.0,55.0,20.0,24.0,-4.0,2.1,24.0,24.1,24.6,22.7,-0.0,DRY,ON,20.0,20.0,20.0,Dry Forecast,Forecast dry. Recommend watering soon; pump stays OFF because ML_CONTROL_MODE=recommend.,Forecast Dry,,"Forecast Dry,DRY;TELEGRAM_SENT:Forecast Dry,DRY",OK
2026-06-20 02:00:51,32.0,55.0,20.0,24.0,-4.0,2.1,24.0,24.1,24.6,22.7,-0.0,DRY,ON,20.0,20.0,20.0,Dry Forecast,Forecast dry. Recommend watering soon; pump stays OFF because ML_CONTROL_MODE=recommend.,Forecast Dry,,"Forecast Dry,DRY;TELEGRAM_COOLDOWN:Forecast Dry,DRY",OK
2026-06-20 02:00:56,32.0,55.0,20.0,24.0,-4.0,2.1,24.0,24.1,24.6,22.7,-0.0,DRY,ON,20.0,20.0,20.0,Dry Forecast,Forecast dry. Recommend watering soon; pump stays OFF because ML_CONTROL_MODE=recommend.,Forecast Dry,,"Forecast Dry,DRY;TELEGRAM_SENT:Forecast Dry,DRY",OK
2026-06-20 02:01:01,32.0,55.0,20.0,24.0,-4.0,2.1,24.0,24.1,24.6,22.7,-0.0,DRY,ON,20.0,20.0,20.0,Dry Forecast,Forecast dry. Recommend watering soon; pump stays OFF because ML_CONTROL_MODE=recommend.,Forecast Dry,,"Forecast Dry,DRY;TELEGRAM_COOLDOWN:Forecast Dry,DRY",OK
2026-06-20 02:01:09,32.0,55.0,20.0,24.0,-4.0,2.1,24.0,24.1,24.6,22.7,-0.0,DRY,ON,20.0,20.0,20.0,Dry Forecast,Forecast dry. Recommend watering soon; pump stays OFF because ML_CONTROL_MODE=recommend.,Forecast Dry,,"Forecast Dry,DRY;TELEGRAM_SENT:Forecast Dry,DRY",OK
2026-06-20 02:01:15,32.0,55.0,20.0,24.0,-4.0,2.1,24.0,24.1,24.6,22.7,-0.0,DRY,ON,20.0,20.0,20.0,Dry Forecast,Forecast dry. Recommend watering soon; pump stays OFF because ML_CONTROL_MODE=recommend.,Forecast Dry,,"Forecast Dry,DRY;TELEGRAM_COOLDOWN:Forecast Dry,DRY",OK
2026-06-20 02:01:20,32.0,55.0,20.0,24.0,-4.0,2.1,24.0,24.1,24.6,22.7,-0.0,DRY,ON,20.0,20.0,20.0,Dry Forecast,Forecast dry. Recommend watering soon; pump stays OFF because ML_CONTROL_MODE=recommend.,Forecast Dry,,"Forecast Dry,DRY;TELEGRAM_SENT:Forecast Dry,DRY",OK
2026-06-20 02:01:26,32.0,55.0,20.0,24.0,-4.0,2.1,24.0,24.1,24.6,22.7,-0.0,DRY,ON,20.0,20.0,20.0,Dry Forecast,Forecast dry. Recommend watering soon; pump stays OFF because ML_CONTROL_MODE=recommend.,Forecast Dry,,"Forecast Dry,DRY;TELEGRAM_COOLDOWN:Forecast Dry,DRY",OK
2026-06-20 02:01:31,32.0,55.0,20.0,24.0,-4.0,2.1,24.0,24.1,24.6,22.7,-0.0,DRY,ON,20.0,20.0,20.0,Dry Forecast,Forecast dry. Recommend watering soon; pump stays OFF because ML_CONTROL_MODE=recommend.,Forecast Dry,,"Forecast Dry,DRY;TELEGRAM_SENT:Forecast Dry,DRY",OK
2026-06-20 02:01:39,32.0,55.0,20.0,24.0,-4.0,2.1,24.0,24.1,24.6,22.7,-0.0,DRY,ON,20.0,20.0,20.0,Dry Forecast,Forecast dry. Recommend watering soon; pump stays OFF because ML_CONTROL_MODE=recommend.,Forecast Dry,,"Forecast Dry,DRY;TELEGRAM_COOLDOWN:Forecast Dry,DRY",OK
2026-06-20 02:01:44,32.0,55.0,20.0,24.0,-4.0,2.1,24.0,24.1,24.6,22.7,-0.0,DRY,ON,20.0,20.0,20.0,Dry Forecast,Forecast dry. Recommend watering soon; pump stays OFF because ML_CONTROL_MODE=recommend.,Forecast Dry,,"Forecast Dry,DRY;TELEGRAM_SENT:Forecast Dry,DRY",OK
2026-06-20 02:01:50,32.0,55.0,20.0,24.0,-4.0,2.1,24.0,24.1,24.6,22.7,-0.0,DRY,ON,20.0,20.0,20.0,Dry Forecast,Forecast dry. Recommend watering soon; pump stays OFF because ML_CONTROL_MODE=recommend.,Forecast Dry,,"Forecast Dry,DRY;TELEGRAM_COOLDOWN:Forecast Dry,DRY",OK
2026-06-20 02:01:55,32.0,55.0,20.0,24.0,-4.0,2.1,24.0,24.1,24.6,22.7,-0.0,DRY,ON,20.0,20.0,20.0,Dry Forecast,Forecast dry. Recommend watering soon; pump stays OFF because ML_CONTROL_MODE=recommend.,Forecast Dry,,"Forecast Dry,DRY;TELEGRAM_SENT:Forecast Dry,DRY",OK
2026-06-20 02:02:00,32.0,55.0,20.0,24.0,-4.0,2.1,24.0,24.1,24.6,22.7,-0.0,DRY,ON,20.0,20.0,20.0,Dry Forecast,Forecast dry. Recommend watering soon; pump stays OFF because ML_CONTROL_MODE=recommend.,Forecast Dry,,"Forecast Dry,DRY;TELEGRAM_COOLDOWN:Forecast Dry,DRY",OK
2026-06-20 02:02:06,32.0,55.0,20.0,24.0,-4.0,2.1,24.0,24.1,24.6,22.7,-0.0,DRY,ON,20.0,20.0,20.0,Dry Forecast,Forecast dry. Recommend watering soon; pump stays OFF because ML_CONTROL_MODE=recommend.,Forecast Dry,,"Forecast Dry,DRY;TELEGRAM_SENT:Forecast Dry,DRY",OK
2026-06-20 02:02:14,32.0,55.0,20.0,24.0,-4.0,2.1,24.0,24.1,24.6,22.7,-0.0,DRY,ON,20.0,20.0,20.0,Dry Forecast,Forecast dry. Recommend watering soon; pump stays OFF because ML_CONTROL_MODE=recommend.,Forecast Dry,,"Forecast Dry,DRY;TELEGRAM_COOLDOWN:Forecast Dry,DRY",OK
2026-06-20 02:02:19,32.0,55.0,20.0,24.0,-4.0,2.1,24.0,24.1,24.6,22.7,-0.0,DRY,ON,20.0,20.0,20.0,Dry Forecast,Forecast dry. Recommend watering soon; pump stays OFF because ML_CONTROL_MODE=recommend.,Forecast Dry,,"Forecast Dry,DRY;TELEGRAM_SENT:Forecast Dry,DRY",OK
2026-06-20 02:02:25,32.0,55.0,20.0,24.0,-4.0,2.1,24.0,24.1,24.6,22.7,-0.0,DRY,ON,20.0,20.0,20.0,Dry Forecast,Forecast dry. Recommend watering soon; pump stays OFF because ML_CONTROL_MODE=recommend.,Forecast Dry,,"Forecast Dry,DRY;TELEGRAM_COOLDOWN:Forecast Dry,DRY",OK
2026-06-20 02:02:30,32.0,55.0,20.0,24.0,-4.0,2.1,24.0,24.1,24.6,22.7,-0.0,DRY,ON,20.0,20.0,20.0,Dry Forecast,Forecast dry. Recommend watering soon; pump stays OFF because ML_CONTROL_MODE=recommend.,Forecast Dry,,"Forecast Dry,DRY;TELEGRAM_SENT:Forecast Dry,DRY",OK
2026-06-20 02:02:35,32.0,55.0,20.0,24.0,-4.0,2.1,24.0,24.1,24.6,22.7,-0.0,DRY,ON,20.0,20.0,20.0,Dry Forecast,Forecast dry. Recommend watering soon; pump stays OFF because ML_CONTROL_MODE=recommend.,Forecast Dry,,"Forecast Dry,DRY;TELEGRAM_COOLDOWN:Forecast Dry,DRY",OK
